load,fault_type,severity,severity_rank,window_idx,recon_error,log_recon_error,full_timeline_idx
1730,healthy,healthy,-1,0,0.5540416240692139,-0.2564576063464653,0
1730,healthy,healthy,-1,1,0.42999449372291565,-0.366537105725215,1
1730,healthy,healthy,-1,2,0.5293777585029602,-0.27623430928013143,2
1730,healthy,healthy,-1,3,0.4773157835006714,-0.3211942044900042,3
1730,healthy,healthy,-1,4,0.4432840049266815,-0.3533179391211604,4
1730,healthy,healthy,-1,5,0.37460729479789734,-0.4264237697807846,5
1730,healthy,healthy,-1,6,0.46065306663513184,-0.336626033329465,6
1730,healthy,healthy,-1,7,0.4688446521759033,-0.3289710333591501,7
1730,healthy,healthy,-1,8,0.46331462264060974,-0.334123992842577,8
1730,healthy,healthy,-1,9,0.4696018099784851,-0.3282702378631813,9
1730,healthy,healthy,-1,10,0.47031915187835693,-0.3276073359769983,10
1730,healthy,healthy,-1,11,0.4768897593021393,-0.3215820034758075,11
1730,healthy,healthy,-1,12,0.44817739725112915,-0.3485500498461065,12
1730,healthy,healthy,-1,13,0.4039876163005829,-0.39363194740115715,13
1730,healthy,healthy,-1,14,0.5499248504638672,-0.2596966546125778,14
1730,healthy,healthy,-1,15,0.48614197969436646,-0.31323687478552675,15
1730,healthy,healthy,-1,16,0.5230783820152283,-0.2814332282912427,16
1730,healthy,healthy,-1,17,0.4228303134441376,-0.3738338849180749,17
1730,healthy,healthy,-1,18,0.5527434349060059,-0.2574764069600616,18
1730,healthy,healthy,-1,19,0.49118632078170776,-0.30875373651620497,19
1730,healthy,healthy,-1,20,0.4753737449645996,-0.32296480816078393,20
1730,healthy,healthy,-1,21,0.4646284878253937,-0.33289416576678654,21
1730,healthy,healthy,-1,22,0.46298059821128845,-0.33443720826137086,22
1730,healthy,healthy,-1,23,0.4008138179779053,-0.3970573146654832,23
1730,healthy,healthy,-1,24,0.3698054552078247,-0.43202668660793997,24
1730,healthy,healthy,-1,25,0.4332532286643982,-0.36325819217802147,25
1730,healthy,healthy,-1,26,0.46986258029937744,-0.32802914066889016,26
1730,healthy,healthy,-1,27,0.5065196752548218,-0.2954036802372866,27
1730,healthy,healthy,-1,28,0.5153082013130188,-0.28793294553301657,28
1730,healthy,healthy,-1,29,0.37612980604171753,-0.4246622499688781,29
1730,healthy,healthy,-1,30,0.49564749002456665,-0.3048270887618405,30
1730,healthy,healthy,-1,31,0.43365275859832764,-0.36285788658434714,31
1730,healthy,healthy,-1,32,0.4711025059223175,-0.32688458562519224,32
1730,healthy,healthy,-1,33,0.4032857120037079,-0.3943871643248081,33
1730,healthy,healthy,-1,34,0.4303286671638489,-0.3661997215995913,34
1730,healthy,healthy,-1,35,0.4632081985473633,-0.3342237624231741,35
1730,healthy,healthy,-1,36,0.4750787317752838,-0.32323441154960897,36
1730,healthy,healthy,-1,37,0.40361642837524414,-0.39403116501314867,37
1730,healthy,healthy,-1,38,0.4080183804035187,-0.38932027238065264,38
1730,healthy,healthy,-1,39,0.44742730259895325,-0.3492775182137217,39
1730,healthy,healthy,-1,40,0.35733047127723694,-0.44692994785212964,40
1730,healthy,healthy,-1,41,0.4128633737564087,-0.3841936428725046,41
1730,healthy,healthy,-1,42,0.3922699987888336,-0.4064149058870246,42
1730,healthy,healthy,-1,43,0.43940144777297974,-0.3571385164669871,43
1730,healthy,healthy,-1,44,0.3948945999145508,-0.40351880509188714,44
1730,healthy,healthy,-1,45,0.3982958495616913,-0.3997942191288253,45
1730,healthy,healthy,-1,46,0.4115815758705139,-0.3855440743295693,46
1730,healthy,healthy,-1,47,0.39510947465896606,-0.40328255588481426,47
1730,healthy,healthy,-1,48,0.43431147933006287,-0.3621986916052663,48
1730,healthy,healthy,-1,49,0.358934223651886,-0.44498513059248646,49
1730,healthy,healthy,-1,50,0.42978373169898987,-0.36675002757671743,50
1730,healthy,healthy,-1,51,0.428008109331131,-0.3685480024718786,51
1730,healthy,healthy,-1,52,0.4312919080257416,-0.36522869008668424,52
1730,healthy,healthy,-1,53,0.47734272480010986,-0.32116969214850655,53
1730,healthy,healthy,-1,54,0.37977102398872375,-0.420478174411714,54
1730,healthy,healthy,-1,55,0.4374488890171051,-0.3590726821034578,55
1730,healthy,healthy,-1,56,0.4448474049568176,-0.3517889385704192,56
1730,healthy,healthy,-1,57,0.39661335945129395,-0.40163266118905844,57
1730,healthy,healthy,-1,58,0.40598568320274353,-0.39148928123974486,58
1730,healthy,healthy,-1,59,0.36344218254089355,-0.43956466816288736,59
1730,healthy,healthy,-1,60,0.4117359519004822,-0.38538120968384604,60
1730,healthy,healthy,-1,61,0.44758641719818115,-0.34912310137823765,61
1730,healthy,healthy,-1,62,0.4466140866279602,-0.3500675829925006,62
1730,healthy,healthy,-1,63,0.49747130274772644,-0.3032319670142855,63
1730,healthy,healthy,-1,64,0.40435460209846497,-0.3932376096707269,64
1730,healthy,healthy,-1,65,0.424258828163147,-0.37236911192684574,65
1730,healthy,healthy,-1,66,0.5214155316352844,-0.28281603645300774,66
1730,healthy,healthy,-1,67,0.4966842532157898,-0.3039196085771466,67
1730,healthy,healthy,-1,68,0.4193405210971832,-0.37743316946234257,68
1730,healthy,healthy,-1,69,0.44261831045150757,-0.35397062392985246,69
1730,healthy,healthy,-1,70,0.45774179697036743,-0.33937942979508195,70
1730,healthy,healthy,-1,71,0.4890497922897339,-0.3106469212121829,71
1730,healthy,healthy,-1,72,0.4372672140598297,-0.3592530844815589,72
1730,healthy,healthy,-1,73,0.38878652453422546,-0.4102887962710908,73
1730,healthy,healthy,-1,74,0.3807404637336731,-0.4193709654698166,74
1730,healthy,healthy,-1,75,0.4400131106376648,-0.35653438307571306,75
1730,healthy,healthy,-1,76,0.4236912727355957,-0.3729504815779772,76
1730,healthy,healthy,-1,77,0.38764673471450806,-0.41156386989502464,77
1730,healthy,healthy,-1,78,0.5294034481048584,-0.2762132343832987,78
1730,healthy,healthy,-1,79,0.4759950637817383,-0.322397551026289,79
1730,healthy,healthy,-1,80,0.37749743461608887,-0.42308599538807046,80
1730,healthy,healthy,-1,81,0.40798914432525635,-0.3893513923570805,81
1730,healthy,healthy,-1,82,0.4291185438632965,-0.36742271752631434,82
1730,healthy,healthy,-1,83,0.4161207377910614,-0.3807806401700377,83
1730,healthy,healthy,-1,84,0.3808496594429016,-0.4192464284180686,84
1730,healthy,healthy,-1,85,0.3979160189628601,-0.4002085770457689,85
1730,healthy,healthy,-1,86,0.36072272062301636,-0.4428265021772354,86
1730,healthy,healthy,-1,87,0.45267120003700256,-0.34421713542054916,87
1730,healthy,healthy,-1,88,0.44228947162628174,-0.3542933985662549,88
1730,healthy,healthy,-1,89,0.540221631526947,-0.2674280298029559,89
1730,healthy,healthy,-1,90,0.4239928722381592,-0.37264144428852997,90
1730,healthy,healthy,-1,91,0.41646862030029297,-0.38041771585102285,91
1730,healthy,healthy,-1,92,0.4261157810688019,-0.3704723815371986,92
1730,healthy,healthy,-1,93,0.44053885340690613,-0.35601578287938906,93
1730,healthy,healthy,-1,94,0.3731914758682251,-0.42806828460847274,94
1730,healthy,healthy,-1,95,0.386129230260849,-0.41326732072641387,95
1730,healthy,healthy,-1,96,0.4272215664386749,-0.3693468319418101,96
1730,healthy,healthy,-1,97,0.3517991602420807,-0.45370520155469674,97
1730,healthy,healthy,-1,98,0.41699540615081787,-0.37986872942513916,98
1730,healthy,healthy,-1,99,0.4532334506511688,-0.3436780447549978,99
1730,healthy,healthy,-1,100,0.45933669805526733,-0.3378688558530982,100
1730,healthy,healthy,-1,101,0.3524388372898102,-0.4529162401825327,101
1730,healthy,healthy,-1,102,0.3921969532966614,-0.40649578438467365,102
1730,healthy,healthy,-1,103,0.4574539065361023,-0.33965265929263977,103
1730,healthy,healthy,-1,104,0.4342581033706665,-0.36225206875575144,104
1730,healthy,healthy,-1,105,0.09528744220733643,-1.0209643306252176,105
1730,healthy,healthy,-1,106,0.4245375692844391,-0.3720838710008182,106
1730,healthy,healthy,-1,107,0.45834970474243164,-0.33880304407559353,107
1730,healthy,healthy,-1,108,0.5213376879692078,-0.2828808784003744,108
1730,healthy,healthy,-1,109,0.34791645407676697,-0.4585250315980118,109
1730,healthy,healthy,-1,110,0.4270816147327423,-0.3694891239418934,110
1730,healthy,healthy,-1,111,0.49414142966270447,-0.30614873259184144,111
1730,healthy,healthy,-1,112,0.5462713837623596,-0.2625915492558904,112
1730,healthy,healthy,-1,113,0.3964465260505676,-0.40181538339636197,113
1730,healthy,healthy,-1,114,0.43364202976226807,-0.36286863142995374,114
1730,healthy,healthy,-1,115,0.4657273292541504,-0.3318682765701125,115
1730,healthy,healthy,-1,116,0.3863809108734131,-0.41298433802033474,116
1730,healthy,healthy,-1,117,0.34255704283714294,-0.4652670991302483,117
1730,healthy,healthy,-1,118,0.3642885386943817,-0.4385544923872012,118
1730,healthy,healthy,-1,119,0.4078279435634613,-0.38952302054010496,119
1730,healthy,healthy,-1,120,0.42106103897094727,-0.3756549422480738,120
1730,healthy,healthy,-1,121,0.43341055512428284,-0.3631005162362921,121
1730,healthy,healthy,-1,122,0.432073712348938,-0.364442155649167,122
1730,healthy,healthy,-1,123,0.40607279539108276,-0.3913961048396588,123
1730,healthy,healthy,-1,124,0.40202751755714417,-0.39574421976573254,124
1730,healthy,healthy,-1,125,0.38033735752105713,-0.4198310151920434,125
1730,healthy,healthy,-1,126,0.36423370242118835,-0.4386198715604287,126
1730,healthy,healthy,-1,127,0.3942861557006836,-0.4041884717432976,127
1730,healthy,healthy,-1,128,0.4634496569633484,-0.33399743496170353,128
1730,healthy,healthy,-1,129,0.4457354247570038,-0.3509228490524328,129
1730,healthy,healthy,-1,130,0.33369919657707214,-0.4766448389627207,130
1730,healthy,healthy,-1,131,0.4370245337486267,-0.35949418185664683,131
1730,healthy,healthy,-1,132,0.4682825207710266,-0.3294920524984316,132
1730,healthy,healthy,-1,133,0.446127325296402,-0.35054117540890434,133
1730,healthy,healthy,-1,134,0.4114430248737335,-0.38569029580066,134
1730,healthy,healthy,-1,135,0.47848978638648987,-0.32012732802993543,135
1730,healthy,healthy,-1,136,0.4529367983341217,-0.3439623941233071,136
1730,healthy,healthy,-1,137,0.38150399923324585,-0.4185009050594887,137
1730,healthy,healthy,-1,138,0.3932773768901825,-0.405301035472643,138
1730,healthy,healthy,-1,139,0.3762168884277344,-0.42456171280917504,139
1730,healthy,healthy,-1,140,0.3618820607662201,-0.4414329452237782,140
1730,healthy,healthy,-1,141,0.36980077624320984,-0.4320321815549181,141
1730,healthy,healthy,-1,142,0.3856547176837921,-0.41380135157876546,142
1730,healthy,healthy,-1,143,0.3556954562664032,-0.44892168255397813,143
1730,healthy,healthy,-1,144,0.343598872423172,-0.4639482700480067,144
1730,healthy,healthy,-1,145,0.37951743602752686,-0.4207682666813038,145
1730,healthy,healthy,-1,146,0.35428643226623535,-0.45064547906600944,146
1730,healthy,healthy,-1,147,0.38322824239730835,-0.41654249263802423,147
1730,healthy,healthy,-1,148,0.40267980098724365,-0.3950401546979882,148
1730,healthy,healthy,-1,149,0.4674086570739746,-0.3303032481170082,149
1730,healthy,healthy,-1,150,0.488176167011261,-0.31142342686096763,150
1730,healthy,healthy,-1,151,0.35814520716667175,-0.4459408563579206,151
1730,healthy,healthy,-1,152,0.4721807837486267,-0.32589169129742274,152
1730,healthy,healthy,-1,153,0.5098264813423157,-0.29257761021207895,153
1730,healthy,healthy,-1,154,0.37482544779777527,-0.4261709314903052,154
1730,healthy,healthy,-1,155,0.36951032280921936,-0.43237342445059085,155
1730,healthy,healthy,-1,156,0.465550035238266,-0.33203363614318715,156
1730,healthy,healthy,-1,157,0.37931081652641296,-0.42100477266563685,157
1730,healthy,healthy,-1,158,0.37849536538124084,-0.42193943400188977,158
1730,healthy,healthy,-1,159,0.42395704984664917,-0.3726781385945625,159
1730,healthy,healthy,-1,160,0.3905503451824188,-0.4083229740130884,160
1730,healthy,healthy,-1,161,0.4683401584625244,-0.32943860145148657,161
1730,healthy,healthy,-1,162,0.35194122791290283,-0.45352985505655186,162
1730,healthy,healthy,-1,163,0.39775529503822327,-0.40038403018402013,163
1730,healthy,healthy,-1,164,0.4317043125629425,-0.36481361288430714,164
1730,healthy,healthy,-1,165,0.3749706745147705,-0.42600269599074,165
1730,healthy,healthy,-1,166,0.3356746435165405,-0.4740814636276512,166
1730,healthy,healthy,-1,167,0.37285271286964417,-0.42846269264298137,167
1730,healthy,healthy,-1,168,0.2949158847332001,-0.5303018348873858,168
1730,healthy,healthy,-1,169,0.3874983787536621,-0.41173011018944194,169
1730,healthy,healthy,-1,170,0.3527720272541046,-0.45250585917179953,170
1730,healthy,healthy,-1,171,0.39248937368392944,-0.40617209691339046,171
1730,healthy,healthy,-1,172,0.4171866774559021,-0.37966956889308573,172
1730,healthy,healthy,-1,173,0.4318212866783142,-0.36469595287935347,173
1730,healthy,healthy,-1,174,0.405859112739563,-0.39162469838955316,174
1730,healthy,healthy,-1,175,0.3574901223182678,-0.4467359535326489,175
1730,healthy,healthy,-1,176,0.3651890456676483,-0.4374822581844115,176
1730,healthy,healthy,-1,177,0.33359867334365845,-0.4767756851346411,177
1730,healthy,healthy,-1,178,0.3484276235103607,-0.457887421223059,178
1730,healthy,healthy,-1,179,0.36989733576774597,-0.43191879673416894,179
1730,healthy,healthy,-1,180,0.45077210664749146,-0.34604296552714614,180
1730,healthy,healthy,-1,181,0.3617343008518219,-0.4416103080358021,181
1730,healthy,healthy,-1,182,0.41539549827575684,-0.38153821431173235,182
1730,healthy,healthy,-1,183,0.32000982761383057,-0.49483668413972176,183
1730,healthy,healthy,-1,184,0.47907236218452454,-0.319598882986507,184
1730,healthy,healthy,-1,185,0.43265751004219055,-0.36385575342687526,185
1730,healthy,healthy,-1,186,0.4478045701980591,-0.3489114784173951,186
1730,healthy,healthy,-1,187,0.3525475859642029,-0.4527822547665876,187
1730,healthy,healthy,-1,188,0.3862740099430084,-0.41310451193816144,188
1730,healthy,healthy,-1,189,0.4097001552581787,-0.38753387146848933,189
1730,healthy,healthy,-1,190,0.3973860442638397,-0.4007873888760022,190
1730,healthy,healthy,-1,191,0.3513182997703552,-0.4542992277135425,191
1730,healthy,healthy,-1,192,0.34497424960136414,-0.462213321371386,192
1730,healthy,healthy,-1,193,0.4313482642173767,-0.36517194526104185,193
1730,healthy,healthy,-1,194,0.41943418979644775,-0.37733617130811015,194
1730,healthy,healthy,-1,195,0.4279254078865051,-0.36863192670299166,195
1730,healthy,healthy,-1,196,0.10612405836582184,-0.9741861502070422,196
1730,healthy,healthy,-1,197,0.4288780689239502,-0.3676661612424602,197
1730,healthy,healthy,-1,198,0.42476725578308105,-0.37184896928257627,198
1730,healthy,healthy,-1,199,0.4890412986278534,-0.31065446396667723,199
1730,healthy,healthy,-1,200,0.3444620370864868,-0.4628586344017464,200
1730,healthy,healthy,-1,201,0.3439818322658539,-0.4634644945070965,201
1730,healthy,healthy,-1,202,0.40789440274238586,-0.389452254169971,202
1730,healthy,healthy,-1,203,0.3933391869068146,-0.40523278430570764,203
1730,healthy,healthy,-1,204,0.337277889251709,-0.47201212869138603,204
1730,healthy,healthy,-1,205,0.5263971090316772,-0.2786865045290508,205
1730,healthy,healthy,-1,206,0.4375752806663513,-0.35894721997770207,206
1730,healthy,healthy,-1,207,0.4521435499191284,-0.3447236602325198,207
1730,healthy,healthy,-1,208,0.33728137612342834,-0.47200763885861796,208
1730,healthy,healthy,-1,209,0.47587743401527405,-0.32250488884487555,209
1730,healthy,healthy,-1,210,0.5166000723838806,-0.28684553731113804,210
1730,healthy,healthy,-1,211,0.4769606590270996,-0.3215174412367316,211
1730,healthy,healthy,-1,212,0.4300335645675659,-0.3664976459608898,212
1730,healthy,healthy,-1,213,0.41686922311782837,-0.38000016705525785,213
1730,healthy,healthy,-1,214,0.44905588030815125,-0.3476996122273374,214
1730,healthy,healthy,-1,215,0.43529051542282104,-0.36122079561404064,215
1730,healthy,healthy,-1,216,0.3815593421459198,-0.4184379086597784,216
1730,healthy,healthy,-1,217,0.4324624538421631,-0.36405159177601715,217
1730,healthy,healthy,-1,218,0.40625759959220886,-0.3911985018774604,218
1730,healthy,healthy,-1,219,0.3924598693847656,-0.40620474502264964,219
1730,healthy,healthy,-1,220,0.35302072763442993,-0.4521997942354716,220
1730,healthy,healthy,-1,221,0.47234126925468445,-0.32574410772294626,221
1730,healthy,healthy,-1,222,0.4607487916946411,-0.3365357950368059,222
1730,healthy,healthy,-1,223,0.31318044662475586,-0.5042053608799357,223
1730,healthy,healthy,-1,224,0.3314543068408966,-0.47957633348735074,224
1730,healthy,healthy,-1,225,0.09450606256723404,-1.024540330590816,225
1730,healthy,healthy,-1,226,0.4799906313419342,-0.3187672392831803,226
1730,healthy,healthy,-1,227,0.3122953176498413,-0.5054345272462049,227
1730,healthy,healthy,-1,228,0.33177459239959717,-0.47915687570513016,228
1730,healthy,healthy,-1,229,0.5003583431243896,-0.3007188542629491,229
1730,healthy,healthy,-1,230,0.38645389676094055,-0.41290230918832277,230
1730,healthy,healthy,-1,231,0.4885600805282593,-0.3110820214284022,231
1730,healthy,healthy,-1,232,0.42356449365615845,-0.37308045285044383,232
1730,healthy,healthy,-1,233,0.42591702938079834,-0.37067499524379743,233
1730,healthy,healthy,-1,234,0.41293254494667053,-0.38412088720581444,234
1730,healthy,healthy,-1,235,0.4111962914466858,-0.385950810869549,235
1730,healthy,healthy,-1,236,0.4136658310890198,-0.3833503504662052,236
1730,healthy,healthy,-1,237,0.437527060508728,-0.3589950812332562,237
1730,healthy,healthy,-1,238,0.5551182627677917,-0.25561448463209646,238
1730,healthy,healthy,-1,239,0.33629053831100464,-0.473285351588505,239
1730,healthy,healthy,-1,240,0.397587388753891,-0.4005673996305033,240
1730,healthy,healthy,-1,241,0.39510878920555115,-0.4032833093187687,241
1730,healthy,healthy,-1,242,0.4222109615802765,-0.3744704955853758,242
1730,healthy,healthy,-1,243,0.4199443459510803,-0.3768082616208571,243
1730,healthy,healthy,-1,244,0.38729414343833923,-0.41195907025286116,244
1730,healthy,healthy,-1,245,0.44255387783050537,-0.35403384944049476,245
1730,healthy,healthy,-1,246,0.45319294929504395,-0.34371685544164016,246
1730,healthy,healthy,-1,247,0.4357001781463623,-0.3608122624925998,247
1730,healthy,healthy,-1,248,0.38404443860054016,-0.4156185195846426,248
1730,healthy,healthy,-1,249,0.43682363629341125,-0.3596938702253057,249
1730,healthy,healthy,-1,250,0.38740986585617065,-0.41182932364701547,250
1730,healthy,healthy,-1,251,0.46216878294944763,-0.33519939215559164,251
1730,healthy,healthy,-1,252,0.3976842164993286,-0.4004616451801527,252
1730,healthy,healthy,-1,253,0.4242410659790039,-0.3723872946481737,253
1730,healthy,healthy,-1,254,0.4370259642601013,-0.3594927602837717,254
1730,healthy,healthy,-1,255,0.439625084400177,-0.35691753529819664,255
1730,healthy,healthy,-1,256,0.4877375364303589,-0.3118138196857335,256
1730,healthy,healthy,-1,257,0.36355605721473694,-0.4394286151707927,257
1730,healthy,healthy,-1,258,0.41079697012901306,-0.3863727682420016,258
1730,healthy,healthy,-1,259,0.4866043031215668,-0.31282405485097053,259
1730,healthy,healthy,-1,260,0.4129889905452728,-0.3840615256055039,260
1730,healthy,healthy,-1,261,0.43593811988830566,-0.3605751531587389,261
1730,healthy,healthy,-1,262,0.38850006461143494,-0.4106089046355577,262
1730,healthy,healthy,-1,263,0.45472148060798645,-0.3422545296542087,263
1730,healthy,healthy,-1,264,0.4958341419696808,-0.30466357204475486,264
1730,healthy,healthy,-1,265,0.4070221483707428,-0.39038195771954093,265
1730,healthy,healthy,-1,266,0.44338470697402954,-0.35321929045321787,266
1730,healthy,healthy,-1,267,0.4339183568954468,-0.3625919766747494,267
1730,healthy,healthy,-1,268,0.4437468349933624,-0.35286473151390824,268
1730,healthy,healthy,-1,269,0.3887500464916229,-0.4103295460267033,269
1730,healthy,healthy,-1,270,0.5305115580558777,-0.2753051498489577,270
1730,healthy,healthy,-1,271,0.34696370363235474,-0.45971595499778334,271
1730,healthy,healthy,-1,272,0.42829275131225586,-0.3682592758059244,272
1730,healthy,healthy,-1,273,0.4189010560512543,-0.37788854477925743,273
1730,healthy,healthy,-1,274,0.4018498361110687,-0.3959362044571078,274
1730,healthy,healthy,-1,275,0.3970906138420105,-0.4011103783725255,275
1730,healthy,healthy,-1,276,0.349578857421875,-0.4564548414343016,276
1730,healthy,healthy,-1,277,0.38774099946022034,-0.4114582745720702,277
1730,healthy,healthy,-1,278,0.41474589705467224,-0.3822179016154261,278
1730,healthy,healthy,-1,279,0.384501188993454,-0.4151023128911647,279
1730,healthy,healthy,-1,280,0.42885875701904297,-0.36768571748275214,280
1730,healthy,healthy,-1,281,0.4655427038669586,-0.3320404753633205,281
1730,healthy,healthy,-1,282,0.42661774158477783,-0.3699610876766672,282
1730,healthy,healthy,-1,283,0.34624183177948,-0.46062046328472867,283
1730,healthy,healthy,-1,284,0.3983415365219116,-0.39974440576307824,284
1730,healthy,healthy,-1,285,0.3854835629463196,-0.4139941355738636,285
1730,healthy,healthy,-1,286,0.4862232506275177,-0.31316427754163473,286
1730,healthy,healthy,-1,287,0.36814525723457336,-0.4339807901081582,287
1730,healthy,healthy,-1,288,0.41105157136917114,-0.3861036872334206,288
1730,healthy,healthy,-1,289,0.32801005244255066,-0.4841128463693235,289
1730,healthy,healthy,-1,290,0.41525042057037354,-0.3816899190179286,290
1730,healthy,healthy,-1,291,0.5585852861404419,-0.2529105083632186,291
1730,healthy,healthy,-1,292,0.33859503269195557,-0.4703194174329238,292
1730,healthy,healthy,-1,293,0.3376632034778595,-0.4715162636086467,293
1730,healthy,healthy,-1,294,0.46235769987106323,-0.3350219054545348,294
1730,healthy,healthy,-1,295,0.43762579560279846,-0.35889708667971626,295
1730,healthy,healthy,-1,296,0.3866402804851532,-0.41269290281354254,296
1730,healthy,healthy,-1,297,0.3975023329257965,-0.40066031814253744,297
1730,healthy,healthy,-1,298,0.43911072611808777,-0.3574259542939191,298
1730,healthy,healthy,-1,299,0.4332956075668335,-0.3632157135023325,299
1730,healthy,healthy,-1,300,0.4017607867717743,-0.396032454147517,300
1730,healthy,healthy,-1,301,0.451228529214859,-0.3456034496078422,301
1730,healthy,healthy,-1,302,0.4518573582172394,-0.34499864110904466,302
1730,healthy,healthy,-1,303,0.4186049699783325,-0.37819561971125565,303
1730,healthy,healthy,-1,304,0.3765803277492523,-0.4241423709181233,304
1730,healthy,healthy,-1,305,0.4155089259147644,-0.3814196423157527,305
1730,healthy,healthy,-1,306,0.3698682487010956,-0.43195294904623305,306
1730,healthy,healthy,-1,307,0.4590439796447754,-0.3381457040007563,307
1730,healthy,healthy,-1,308,0.502329409122467,-0.2990113951119621,308
1730,healthy,healthy,-1,309,0.41874679923057556,-0.3780484995534542,309
1730,healthy,healthy,-1,310,0.3876113295555115,-0.41160353737067557,310
1730,healthy,healthy,-1,311,0.43489643931388855,-0.36161414807773246,311
1730,healthy,healthy,-1,312,0.4709567725658417,-0.3270189533757082,312
1730,healthy,healthy,-1,313,0.515554666519165,-0.2877252777929319,313
1730,healthy,healthy,-1,314,0.3241541087627411,-0.48924846919704273,314
1730,healthy,healthy,-1,315,0.48872920870780945,-0.31093170475829185,315
1730,healthy,healthy,-1,316,0.41488200426101685,-0.382075402528548,316
1730,healthy,healthy,-1,317,0.3639768362045288,-0.4389262543417595,317
1730,healthy,healthy,-1,318,0.44630131125450134,-0.3503718371797311,318
1730,healthy,healthy,-1,319,0.37769967317581177,-0.42285339096808766,319
1730,healthy,healthy,-1,320,0.4808795750141144,-0.3179636688547503,320
1730,healthy,healthy,-1,321,0.34285685420036316,-0.4648871639421073,321
1730,healthy,healthy,-1,322,0.43813425302505493,-0.3583927926600783,322
1730,healthy,healthy,-1,323,0.44728338718414307,-0.3494172319150682,323
1730,healthy,healthy,-1,324,0.4147166311740875,-0.3822485479918897,324
1730,healthy,healthy,-1,325,0.4656203091144562,-0.33196808517951143,325
1730,healthy,healthy,-1,326,0.4970187246799469,-0.30362724935119206,326
1730,healthy,healthy,-1,327,0.5034365057945251,-0.298055295561029,327
1730,healthy,healthy,-1,328,0.4733920693397522,-0.32477902201072506,328
1730,healthy,healthy,-1,329,0.556311845779419,-0.2546816923477528,329
1730,healthy,healthy,-1,330,0.7893821001052856,-0.10271272581691518,330
1730,healthy,healthy,-1,331,0.4395643174648285,-0.35697756956314586,331
1730,healthy,healthy,-1,332,0.5993797779083252,-0.22229791352747144,332
1730,healthy,healthy,-1,333,0.40822190046310425,-0.38910369977883874,333
1730,healthy,healthy,-1,334,0.5949695706367493,-0.22550524543529293,334
1730,healthy,healthy,-1,335,0.46904245018959045,-0.32878785014459755,335
1730,healthy,healthy,-1,336,0.47361814975738525,-0.3245716631507472,336
1730,healthy,healthy,-1,337,0.4985560178756714,-0.30228603717684593,337
1730,healthy,healthy,-1,338,0.528649091720581,-0.27683250962391215,338
1730,healthy,healthy,-1,339,0.48256292939186096,-0.31644604375944585,339
1730,healthy,healthy,-1,340,0.4352632761001587,-0.361247973457942,340
1730,healthy,healthy,-1,341,0.5002599358558655,-0.30080427691559253,341
1730,healthy,healthy,-1,342,0.532403826713562,-0.27375883164474946,342
1730,healthy,healthy,-1,343,0.6481461524963379,-0.1883270526699151,343
1730,healthy,healthy,-1,344,0.5387583374977112,-0.2686059959008527,344
1730,healthy,healthy,-1,345,0.5793898701667786,-0.23702910210624484,345
1730,healthy,healthy,-1,346,0.41274702548980713,-0.3843160478483739,346
1730,healthy,healthy,-1,347,0.49526727199554443,-0.30516036990035467,347
1730,healthy,healthy,-1,348,0.5746124386787415,-0.24062497703695357,348
1730,healthy,healthy,-1,349,0.4695531725883484,-0.32831522074792674,349
1730,healthy,healthy,-1,350,0.6221169233322144,-0.20612798446374608,350
1730,healthy,healthy,-1,351,0.4688219130039215,-0.3289920973434776,351
1730,healthy,healthy,-1,352,0.5758123993873596,-0.2397189873781705,352
1730,healthy,healthy,-1,353,0.5240653157234192,-0.2806145823092007,353
1730,healthy,healthy,-1,354,0.5295489430427551,-0.27609389445905047,354
1730,healthy,healthy,-1,355,0.5728578567504883,-0.24195312617755788,355
1730,healthy,healthy,-1,356,0.4981636703014374,-0.30262794754001043,356
1730,healthy,healthy,-1,357,0.5339312553405762,-0.2725146556084041,357
1730,healthy,healthy,-1,358,0.4800739586353302,-0.3186918514724382,358
1730,healthy,healthy,-1,359,0.540801465511322,-0.2669621401754849,359
1730,healthy,healthy,-1,360,0.4748152792453766,-0.3234753141799834,360
1730,healthy,healthy,-1,361,0.5707830786705017,-0.24352891038037186,361
1730,healthy,healthy,-1,362,0.428828626871109,-0.3677162305979916,362
1730,healthy,healthy,-1,363,0.5265684723854065,-0.278545147278832,363
1730,healthy,healthy,-1,364,0.49630364775657654,-0.30425253279233877,364
1730,healthy,healthy,-1,365,0.6776384711265564,-0.1690019460603238,365
1730,healthy,healthy,-1,366,0.5733474493026733,-0.24158211523282863,366
1730,healthy,healthy,-1,367,0.41016146540641785,-0.38704514393711265,367
1730,healthy,healthy,-1,368,0.43038976192474365,-0.36613806817919814,368
1730,healthy,healthy,-1,369,0.4521637558937073,-0.3447042523537907,369
1730,healthy,healthy,-1,370,0.5835963487625122,-0.23388743390890387,370
1730,healthy,healthy,-1,371,0.6452907919883728,-0.19024453203710365,371
1730,healthy,healthy,-1,372,0.5258716940879822,-0.27912020517482344,372
1730,healthy,healthy,-1,373,0.7039178013801575,-0.15247805178294782,373
1730,healthy,healthy,-1,374,0.4722346067428589,-0.32584218971230416,374
1730,healthy,healthy,-1,375,0.507131040096283,-0.29487980666772223,375
1730,healthy,healthy,-1,376,0.5852221846580505,-0.23267921895828544,376
1730,healthy,healthy,-1,377,0.5977016091346741,-0.22351557495539506,377
1730,healthy,healthy,-1,378,0.5490727424621582,-0.2603701153729418,378
1730,healthy,healthy,-1,379,0.47360971570014954,-0.3245793970121573,379
1730,healthy,healthy,-1,380,0.5674862861633301,-0.2460446291402232,380
1730,healthy,healthy,-1,381,0.5236433744430542,-0.2809643871383036,381
1730,healthy,healthy,-1,382,0.6499095559120178,-0.187147077359212,382
1730,healthy,healthy,-1,383,0.7169917821884155,-0.14448582197610108,383
1730,healthy,healthy,-1,384,0.6345715522766113,-0.19751940113919225,384
1730,healthy,healthy,-1,385,0.5486465096473694,-0.26070737932894167,385
1730,healthy,healthy,-1,386,0.5915144681930542,-0.22803462824727555,386
1730,healthy,healthy,-1,387,0.7547369599342346,-0.12220438181931165,387
1730,healthy,healthy,-1,388,0.5214099287986755,-0.2828207031611283,388
1730,healthy,healthy,-1,389,0.5847309231758118,-0.2330439381286836,389
1730,healthy,healthy,-1,390,0.45232075452804565,-0.3445534843960012,390
1730,healthy,healthy,-1,391,0.5400571227073669,-0.2675603017241434,391
1730,healthy,healthy,-1,392,0.5313522219657898,-0.27461749898383553,392
1730,healthy,healthy,-1,393,0.5449610352516174,-0.2636345486961377,393
1730,healthy,healthy,-1,394,0.7140859961509705,-0.1462494837351923,394
1730,healthy,healthy,-1,395,0.5742537975311279,-0.24089612414101558,395
1730,healthy,healthy,-1,396,0.4789491295814514,-0.3197106116695489,396
1730,healthy,healthy,-1,397,0.4797622561454773,-0.3189739218382209,397
1730,healthy,healthy,-1,398,0.6165378093719482,-0.21004028500807445,398
1730,healthy,healthy,-1,399,0.6221370697021484,-0.20611392068361356,399
1730,healthy,healthy,-1,400,0.550560474395752,-0.25919497050894763,400
1730,healthy,healthy,-1,401,0.7478198409080505,-0.12620301647175333,401
1730,healthy,healthy,-1,402,0.5550776124000549,-0.2556462884440151,402
1730,healthy,healthy,-1,403,0.58929842710495,-0.22966471807768718,403
1730,ball,7,0,0,6.080949306488037,0.7839713829548055,404
1730,inner_race,7,0,0,28.3778133392334,1.452978927721464,404
1730,inner_race,7,0,1,25.941181182861328,1.4139897469801275,405
1730,ball,7,0,1,6.685947895050049,0.8251629877246294,405
1730,inner_race,7,0,2,27.431350708007812,1.4382471926060652,406
1730,ball,7,0,2,6.202162265777588,0.7925431243988793,406
1730,inner_race,7,0,3,27.13095474243164,1.4334650769195025,407
1730,ball,7,0,3,6.00173807144165,0.7782770379715823,407
1730,inner_race,7,0,4,26.024412155151367,1.415380928359046,408
1730,ball,7,0,4,6.588401794433594,0.8187800768037881,408
1730,inner_race,7,0,5,23.99674415588379,1.3801523212510354,409
1730,ball,7,0,5,6.475157737731934,0.8112503524895301,409
1730,inner_race,7,0,6,25.01565170288086,1.3982118215219757,410
1730,ball,7,0,6,6.5506272315979,0.8162828862787961,410
1730,inner_race,7,0,7,24.79803466796875,1.3944172628150011,411
1730,ball,7,0,7,5.975743293762207,0.776391932766994,411
1730,inner_race,7,0,8,22.994409561157227,1.361622262458721,412
1730,ball,7,0,8,6.53334903717041,0.815135860526853,412
1730,inner_race,7,0,9,24.11114501953125,1.3822178351744794,413
1730,ball,7,0,9,6.111453533172607,0.7861445140660135,413
1730,inner_race,7,0,10,24.034759521484375,1.3808397811759272,414
1730,ball,7,0,10,6.271219253540039,0.7973519847871522,414
1730,inner_race,7,0,11,24.80805206298828,1.39459266465481,415
1730,ball,7,0,11,6.631798267364502,0.821631306941655,415
1730,inner_race,7,0,12,22.95570182800293,1.3608905750532276,416
1730,ball,7,0,12,5.7975544929504395,0.7632448393930704,416
1730,inner_race,7,0,13,25.079391479492188,1.399316994666461,417
1730,ball,7,0,13,6.438711166381836,0.8087989435484,417
1730,inner_race,7,0,14,24.484140396118164,1.3888848611508136,418
1730,ball,7,0,14,6.012749671936035,0.7790731232933794,418
1730,inner_race,7,0,15,25.74527931213379,1.410697607876612,419
1730,ball,7,0,15,6.323078632354736,0.8009285826333071,419
1730,ball,7,0,16,6.225006580352783,0.7941398148536201,420
1730,inner_race,7,0,16,23.191774368286133,1.3653339771363104,420
1730,inner_race,7,0,17,25.033632278442383,1.3985238685469314,421
1730,ball,7,0,17,5.867367267608643,0.7684432737121032,421
1730,ball,7,0,18,7.0022478103637695,0.8452374764331743,422
1730,inner_race,7,0,18,25.49114990234375,1.4063894268768233,422
1730,ball,7,0,19,6.472522258758545,0.8110735526317282,423
1730,inner_race,7,0,19,25.93898582458496,1.4139529918175755,423
1730,ball,7,0,20,6.441781520843506,0.8090059912224022,424
1730,inner_race,7,0,20,23.6708984375,1.3742147420458406,424
1730,ball,7,0,21,6.349320411682129,0.8027272438351526,425
1730,inner_race,7,0,21,25.5739688873291,1.4077981324889646,425
1730,inner_race,7,0,22,26.368846893310547,1.421091138560146,426
1730,ball,7,0,22,6.697540283203125,0.8259153344071921,426
1730,ball,7,0,23,6.438788414001465,0.8088041539100446,427
1730,inner_race,7,0,23,25.15121078491211,1.4005588969286833,427
1730,ball,7,0,24,5.487006664276123,0.7393354876713096,428
1730,inner_race,7,0,24,24.559804916381836,1.3902249127917943,428
1730,ball,7,0,25,6.840363025665283,0.8350791508223897,429
1730,inner_race,7,0,25,27.214111328125,1.4347941570770149,429
1730,inner_race,7,0,26,27.193408966064453,1.4344636541615885,430
1730,ball,7,0,26,5.797524929046631,0.7632426247570476,430
1730,ball,7,0,27,5.892930507659912,0.7703313197108316,431
1730,inner_race,7,0,27,26.70682716369629,1.4266222958406511,431
1730,ball,7,0,28,6.749802112579346,0.8292910405829346,432
1730,inner_race,7,0,28,24.880033493041992,1.3958509606583924,432
1730,ball,7,0,29,6.644349098205566,0.8224524424791418,433
1730,inner_race,7,0,29,26.666175842285156,1.425960738611698,433
1730,inner_race,7,0,30,26.808761596679688,1.4282767526568638,434
1730,ball,7,0,30,6.143195152282715,0.7883943118706469,434
1730,inner_race,7,0,31,26.254226684570312,1.4191992307141061,435
1730,ball,7,0,31,5.9449462890625,0.7741479352424905,435
1730,ball,7,0,32,6.288320541381836,0.7985346713591597,436
1730,inner_race,7,0,32,25.362045288085938,1.4041842737172858,436
1730,ball,7,0,33,6.476933002471924,0.8113694047260822,437
1730,inner_race,7,0,33,27.01308822631836,1.4315742370190245,437
1730,inner_race,7,0,34,26.612295150756836,1.4250823314594994,438
1730,ball,7,0,34,6.399620532989502,0.8061542231534861,438
1730,ball,7,0,35,6.103806972503662,0.7856007909851533,439
1730,inner_race,7,0,35,25.568462371826172,1.4077046113462344,439
1730,ball,7,0,36,7.03108549118042,0.847022378567154,440
1730,inner_race,7,0,36,24.550601959228516,1.3900621451093442,440
1730,ball,7,0,37,5.754953384399414,0.7600418101586695,441
1730,inner_race,7,0,37,26.4467716217041,1.4223726649363604,441
1730,inner_race,7,0,38,25.171329498291016,1.4009061547030246,442
1730,ball,7,0,38,5.651876926422119,0.7521926962130222,442
1730,inner_race,7,0,39,24.079662322998047,1.3816503923745378,443
1730,ball,7,0,39,6.41413688659668,0.8071382241392281,443
1730,inner_race,7,0,40,24.35716438293457,1.386626727124811,444
1730,ball,7,0,40,7.1346306800842285,0.8533714970368262,444
1730,inner_race,7,0,41,26.78019905090332,1.4278138006964405,445
1730,ball,7,0,41,6.752837657928467,0.8294863091584584,445
1730,inner_race,7,0,42,25.257375717163086,1.4023882246531232,446
1730,ball,7,0,42,6.4858856201171875,0.811969285534926,446
1730,inner_race,7,0,43,26.167930603027344,1.4177693793757815,447
1730,ball,7,0,43,6.742207050323486,0.8288020853893787,447
1730,ball,7,0,44,6.462128162384033,0.8103755670620367,448
1730,inner_race,7,0,44,25.318696975708008,1.403441350996919,448
1730,inner_race,7,0,45,24.744115829467773,1.3934719399720445,449
1730,ball,7,0,45,6.642829418182373,0.8223531002974446,449
1730,inner_race,7,0,46,24.46998405456543,1.3886336863515234,450
1730,ball,7,0,46,6.140446662902832,0.7881999633526533,450
1730,ball,7,0,47,6.705342769622803,0.8264209834032521,451
1730,inner_race,7,0,47,24.293659210205078,1.385492934941408,451
1730,inner_race,7,0,48,25.78696632385254,1.4114002530993162,452
1730,ball,7,0,48,7.189204692840576,0.8566808491290739,452
1730,inner_race,7,0,49,27.61678695678711,1.441173149691279,453
1730,ball,7,0,49,6.501834869384766,0.8130359352884255,453
1730,ball,7,0,50,6.217589378356934,0.79362203700562,454
1730,inner_race,7,0,50,27.18709373474121,1.4343627845487037,454
1730,inner_race,7,0,51,26.227928161621094,1.4187639854621354,455
1730,ball,7,0,51,6.153022766113281,0.7890885219755764,455
1730,inner_race,7,0,52,25.782655715942383,1.4113276493780036,456
1730,ball,7,0,52,6.8151021003723145,0.8334723665971256,456
1730,inner_race,7,0,53,25.961074829101562,1.4143226689713477,457
1730,ball,7,0,53,6.923007965087891,0.8402948312780156,457
1730,inner_race,7,0,54,26.63543701171875,1.4254598267157799,458
1730,ball,7,0,54,7.111048221588135,0.8519336236970286,458
1730,ball,7,0,55,6.763674736022949,0.8301827142794986,459
1730,inner_race,7,0,55,25.87154769897461,1.4128224100469988,459
1730,inner_race,7,0,56,25.303485870361328,1.4031803547718207,460
1730,ball,7,0,56,5.733039379119873,0.758384924868296,460
1730,ball,7,0,57,6.275909423828125,0.7976766670666682,461
1730,inner_race,7,0,57,24.54627227783203,1.3899855472903186,461
1730,ball,7,0,58,6.820551872253418,0.8338195162074588,462
1730,inner_race,7,0,58,24.431333541870117,1.3879471728297341,462
1730,inner_race,7,0,59,24.39217758178711,1.3872505731525642,463
1730,ball,7,0,59,5.883094310760498,0.7696058105350866,463
1730,ball,7,0,60,7.173688888549805,0.8557425380890594,464
1730,inner_race,7,0,60,26.27006721496582,1.4194611839795006,464
1730,ball,7,0,61,4.767887592315674,0.6783260079292251,465
1730,inner_race,7,0,61,23.58082389831543,1.3725589749847305,465
1730,inner_race,7,0,62,25.2626895904541,1.4024795858119927,466
1730,ball,7,0,62,6.75180196762085,0.8294196958168347,466
1730,inner_race,7,0,63,26.704940795898438,1.4265916194875896,467
1730,ball,7,0,63,5.577432155609131,0.746434296190517,467
1730,inner_race,7,0,64,25.646608352661133,1.4090299397746742,468
1730,ball,7,0,64,6.801289081573486,0.8325912344644766,468
1730,inner_race,7,0,65,25.999202728271484,1.414960030431543,469
1730,ball,7,0,65,5.58699893951416,0.7471785889253708,469
1730,ball,7,0,66,6.275705337524414,0.7976625440144193,470
1730,inner_race,7,0,66,26.607616424560547,1.4250059711306498,470
1730,inner_race,7,0,67,25.195518493652344,1.4013233000450378,471
1730,ball,7,0,67,6.373012542724609,0.8043447732155831,471
1730,inner_race,7,0,68,26.376691818237305,1.4212203251308013,472
1730,ball,7,0,68,5.933172702789307,0.7732869899650938,472
1730,inner_race,7,0,69,25.037195205688477,1.3985856753802817,473
1730,ball,7,0,69,5.489944934844971,0.7395679884185969,473
1730,inner_race,7,0,70,26.756864547729492,1.42743522010472,474
1730,ball,7,0,70,6.81234073638916,0.8332963621667729,474
1730,inner_race,7,0,71,26.59607696533203,1.4248175810687438,475
1730,ball,7,0,71,6.216420650482178,0.7935403944675858,475
1730,inner_race,7,0,72,25.70363426208496,1.4099945329959838,476
1730,ball,7,0,72,5.765219688415527,0.7608158610927734,476
1730,ball,7,0,73,7.1147332191467285,0.8521586200036269,477
1730,inner_race,7,0,73,25.408414840698242,1.4049775714883181,477
1730,ball,7,0,74,5.329617500305176,0.7266960413966158,478
1730,inner_race,7,0,74,27.95328712463379,1.446432885429935,478
1730,ball,7,0,75,6.102720737457275,0.7855234969504942,479
1730,inner_race,7,0,75,26.903404235839844,1.429807237151061,479
1730,ball,7,0,76,6.057075023651123,0.7822629529196844,480
1730,inner_race,7,0,76,27.82868194580078,1.4444926372639297,480
1730,ball,7,0,77,5.351402282714844,0.7284675995626163,481
1730,inner_race,7,0,77,26.503070831298828,1.423296197250854,481
1730,inner_race,7,0,78,29.972095489501953,1.476717107567386,482
1730,ball,7,0,78,5.766357421875,0.7609015581939077,482
1730,ball,7,0,79,6.298015117645264,0.7992036987746498,483
1730,inner_race,7,0,79,28.373815536499023,1.4529177409782976,483
1730,inner_race,7,0,80,25.538955688476562,1.4072031345873535,484
1730,ball,7,0,80,5.494372367858887,0.7399180893448686,484
1730,ball,7,0,81,6.150221347808838,0.7888907464098991,485
1730,inner_race,7,0,81,25.05944061279297,1.3989713722651251,485
1730,ball,7,0,82,5.4371209144592285,0.7353689912504723,486
1730,inner_race,7,0,82,25.268648147583008,1.4025820081348135,486
1730,inner_race,7,0,83,24.316926956176758,1.3859086902428959,487
1730,ball,7,0,83,6.210221290588379,0.793107075791578,487
1730,inner_race,7,0,84,26.106660842895508,1.4167513271947259,488
1730,ball,7,0,84,6.00761079788208,0.7787017892079501,488
1730,ball,7,0,85,5.4733734130859375,0.7382550782741727,489
1730,inner_race,7,0,85,24.252531051635742,1.3847570693052154,489
1730,inner_race,7,0,86,25.32854652404785,1.4036102685628744,490
1730,ball,7,0,86,6.608259201049805,0.8200870693271414,490
1730,ball,7,0,87,6.0721306800842285,0.7833411095654156,491
1730,inner_race,7,0,87,25.880563735961914,1.4129737319947713,491
1730,ball,7,0,88,6.809759140014648,0.8331317512648493,492
1730,inner_race,7,0,88,28.696184158325195,1.457824150770217,492
1730,ball,7,0,89,5.78396463394165,0.762225628800488,493
1730,inner_race,7,0,89,26.76437759399414,1.4275571483121339,493
1730,inner_race,7,0,90,29.311975479125977,1.4670450886797346,494
1730,ball,7,0,90,6.862870216369629,0.8365057860322334,494
1730,inner_race,7,0,91,26.021390914916992,1.4153305070806192,495
1730,ball,7,0,91,6.784032344818115,0.8314879098769797,495
1730,inner_race,7,0,92,30.193254470825195,1.4799099272842584,496
1730,ball,7,0,92,5.7011189460754395,0.7559601020610204,496
1730,inner_race,7,0,93,27.78046226501465,1.4437394680925515,497
1730,ball,7,0,93,5.148863315582275,0.7117113629718664,497
1730,ball,7,0,94,5.964803218841553,0.7755961207002524,498
1730,inner_race,7,0,94,26.054059982299805,1.415875408653629,498
1730,ball,7,0,95,4.796590805053711,0.6809326705844698,499
1730,inner_race,7,0,95,24.820878982543945,1.3948171571187629,499
1730,ball,7,0,96,5.631115436553955,0.7505944303679182,500
1730,inner_race,7,0,96,24.40641212463379,1.3875039404577776,500
1730,ball,7,0,97,6.795447826385498,0.8322180824253113,501
1730,inner_race,7,0,97,24.71268653869629,1.392919960517812,501
1730,inner_race,7,0,98,24.8911190032959,1.3960444211579184,502
1730,ball,7,0,98,5.8817138671875,0.7695038931863265,502
1730,ball,7,0,99,5.584629058837891,0.7469943317846812,503
1730,inner_race,7,0,99,24.05828094482422,1.3812645921289657,503
1730,ball,7,0,100,6.121102333068848,0.7868296401290872,504
1730,inner_race,7,0,100,24.928897857666016,1.3967030781461816,504
1730,inner_race,7,0,101,23.2374324798584,1.3661881408684964,505
1730,ball,14,1,101,3.009943962097168,0.47855841015247336,506
1730,inner_race,14,1,102,8.265397071838379,0.9172637220291944,507
1730,ball,14,1,102,2.9402072429656982,0.4683779431007019,507
1730,ball,14,1,103,7.878715991973877,0.8964554455304715,508
1730,inner_race,14,1,103,6.741051197052002,0.8287276255385451,508
1730,inner_race,14,1,104,8.98721981048584,0.953625363846381,509
1730,ball,14,1,104,5.760284423828125,0.7604439279804047,509
1730,ball,14,1,105,2.4182612895965576,0.3835032239437981,510
1730,inner_race,14,1,105,9.216806411743164,0.9645804657372028,510
1730,ball,14,1,106,5.320439338684082,0.7259474959206408,511
1730,inner_race,14,1,106,8.384499549865723,0.9234771457473542,511
1730,ball,14,1,107,4.666335582733154,0.6689759681672381,512
1730,inner_race,14,1,107,6.203393936157227,0.7926293611854371,512
1730,inner_race,14,1,108,8.564702987670898,0.9327123068167454,513
1730,ball,14,1,108,3.5288171768188477,0.5476291587409604,513
1730,inner_race,14,1,109,9.475645065307617,0.9766087847369587,514
1730,ball,14,1,109,2.4116950035095215,0.38232238362227156,514
1730,inner_race,14,1,110,8.733489990234375,0.9411878268234586,515
1730,ball,14,1,110,3.685739755630493,0.5665246671055977,515
1730,inner_race,14,1,111,8.17989444732666,0.9127476996078335,516
1730,ball,14,1,111,2.6489157676696777,0.42306814847545804,516
1730,inner_race,14,1,112,8.6850004196167,0.9387698437661011,517
1730,ball,14,1,112,2.4532008171081543,0.389733100669582,517
1730,ball,14,1,113,4.632772445678711,0.6658409688815264,518
1730,inner_race,14,1,113,7.387155532836914,0.8684772429686971,518
1730,ball,14,1,114,3.4272940158843994,0.5349513626729387,519
1730,inner_race,14,1,114,10.41591739654541,1.017697527064481,519
1730,ball,14,1,115,3.984671115875244,0.6003924817032945,520
1730,inner_race,14,1,115,10.691640853881836,1.0290443618131762,520
1730,ball,14,1,116,3.2701497077941895,0.5145676351620118,521
1730,inner_race,14,1,116,8.594735145568848,0.9342324980573662,521
1730,inner_race,14,1,117,8.397480010986328,0.924148978738332,522
1730,ball,14,1,117,5.24840784072876,0.720027575623687,522
1730,inner_race,14,1,118,9.201213836669922,0.9638451238449192,523
1730,ball,14,1,118,5.144077301025391,0.7113074861907631,523
1730,inner_race,14,1,119,10.810304641723633,1.0338379328390923,524
1730,ball,14,1,119,3.8821682929992676,0.5890743582385095,524
1730,ball,14,1,120,5.172702312469482,0.7137174856057008,525
1730,inner_race,14,1,120,6.369197368621826,0.8040847070070715,525
1730,inner_race,14,1,121,9.725946426391602,0.9879318730065177,526
1730,ball,14,1,121,4.1157989501953125,0.6144541520589767,526
1730,ball,14,1,122,4.516786098480225,0.6548295241568516,527
1730,inner_race,14,1,122,8.258819580078125,0.9169179787377227,527
1730,ball,14,1,123,3.003882646560669,0.4776829619717211,528
1730,inner_race,14,1,123,8.275655746459961,0.9178024164399994,528
1730,inner_race,14,1,124,9.071575164794922,0.9576827033758262,529
1730,ball,14,1,124,2.703453779220581,0.43191894886964344,529
1730,ball,14,1,125,14.634783744812012,1.1653863093370311,530
1730,inner_race,14,1,125,10.436814308166504,1.018567956567181,530
1730,ball,14,1,126,4.437778472900391,0.6471656191221746,531
1730,inner_race,14,1,126,8.086838722229004,0.9077787819576021,531
1730,ball,14,1,127,4.890602111816406,0.6893623310544267,532
1730,inner_race,14,1,127,8.460824966430664,0.927412710663278,532
1730,ball,14,1,128,4.194846153259277,0.6227160376281846,533
1730,inner_race,14,1,128,7.147631645202637,0.8541621629469297,533
1730,inner_race,14,1,129,7.555238246917725,0.8782481639351739,534
1730,ball,14,1,129,3.4157767295837402,0.5334894755185128,534
1730,ball,14,1,130,2.3373656272888184,0.3687266531255593,535
1730,inner_race,14,1,130,9.49035358428955,0.9772823933382726,535
1730,inner_race,14,1,131,10.406189918518066,1.017291747738352,536
1730,ball,14,1,131,3.461855411529541,0.5393089250973817,536
1730,inner_race,14,1,132,7.5630412101745605,0.8786964668251246,537
1730,ball,14,1,132,3.755887746810913,0.5747126039164627,537
1730,inner_race,14,1,133,7.8626203536987305,0.8955673062812669,538
1730,ball,14,1,133,3.1397671699523926,0.4968974440751345,538
1730,inner_race,14,1,134,9.519015312194824,0.9785920254224877,539
1730,ball,14,1,134,4.4087138175964355,0.6443119084265658,539
1730,ball,14,1,135,2.922011375427246,0.46568190231548057,540
1730,inner_race,14,1,135,11.744704246520996,1.0698420849091843,540
1730,inner_race,14,1,136,7.817580699920654,0.893072373106443,541
1730,ball,14,1,136,3.87168288230896,0.5878997783617199,541
1730,inner_race,14,1,137,8.819540977478027,0.945445982395313,542
1730,ball,14,1,137,4.514759063720703,0.6546345785501679,542
1730,inner_race,14,1,138,8.170126914978027,0.9122288029273383,543
1730,ball,14,1,138,3.8221914768218994,0.5823124397164301,543
1730,inner_race,14,1,139,8.864243507385254,0.9476416779417931,544
1730,ball,14,1,139,2.807906150817871,0.44838258819314647,544
1730,ball,14,1,140,8.161858558654785,0.9117890643740336,545
1730,inner_race,14,1,140,8.315054893493652,0.9198651206466617,545
1730,ball,14,1,141,15.411008834838867,1.1878310694168546,546
1730,inner_race,14,1,141,9.400402069091797,0.9731464294139069,546
1730,ball,14,1,142,9.909024238586426,0.9960308907454655,547
1730,inner_race,14,1,142,7.8964080810546875,0.8974295842880553,547
1730,inner_race,14,1,143,7.574744701385498,0.8793679999930948,548
1730,ball,14,1,143,13.668371200561523,1.1357167646955344,548
1730,ball,14,1,144,10.440117835998535,1.0187054005086884,549
1730,inner_race,14,1,144,7.806878089904785,0.892477397592557,549
1730,inner_race,14,1,145,6.914851188659668,0.8397828382935781,550
1730,ball,14,1,145,5.6274566650390625,0.7503121593443707,550
1730,ball,14,1,146,6.0602803230285645,0.7824927132634413,551
1730,inner_race,14,1,146,9.191330909729004,0.9633784020173791,551
1730,ball,14,1,147,1.8228979110717773,0.26076234726184705,552
1730,inner_race,14,1,147,8.518202781677246,0.9303479745397027,552
1730,inner_race,14,1,148,6.891419410705566,0.8383086818131393,553
1730,ball,14,1,148,2.847503900527954,0.45446432765073647,553
1730,ball,14,1,149,7.921371936798096,0.89880040545076,554
1730,inner_race,14,1,149,8.45685863494873,0.9272090709749907,554
1730,inner_race,14,1,150,9.455069541931152,0.9756647274238818,555
1730,ball,14,1,150,1.945336103439331,0.2889946469257882,555
1730,inner_race,14,1,151,8.89428424835205,0.9491110047529162,556
1730,ball,14,1,151,1.7763004302978516,0.24951642100684188,556
1730,inner_race,14,1,152,8.17265510559082,0.9123631716339285,557
1730,ball,14,1,152,10.655016899108887,1.0275541428520902,557
1730,ball,14,1,153,4.587101459503174,0.6615383461522694,558
1730,inner_race,14,1,153,7.67903470993042,0.885306630643686,558
1730,inner_race,14,1,154,6.669305324554443,0.824080600119788,559
1730,ball,14,1,154,8.477547645568848,0.9282702392816768,559
1730,ball,14,1,155,3.975264549255371,0.5993660357494048,560
1730,inner_race,14,1,155,9.358111381530762,0.9711882099196715,560
1730,inner_race,14,1,156,10.129327774047852,1.0055806246585302,561
1730,ball,14,1,156,11.843961715698242,1.0734969949104507,561
1730,inner_race,14,1,157,10.386834144592285,1.01648319692713,562
1730,ball,14,1,157,4.822137832641602,0.6832396197909512,562
1730,inner_race,14,1,158,8.910202980041504,0.9498875976516742,563
1730,ball,14,1,158,5.259228706359863,0.7209220572463071,563
1730,inner_race,14,1,159,7.953413009643555,0.9005535353449887,564
1730,ball,14,1,159,5.429419994354248,0.7347534379303986,564
1730,inner_race,14,1,160,10.454466819763184,1.0193018885989948,565
1730,ball,14,1,160,3.8025879859924316,0.5800792717425017,565
1730,ball,14,1,161,2.933600664138794,0.4674009952726243,566
1730,inner_race,14,1,161,9.181739807128906,0.9629249815328949,566
1730,inner_race,14,1,162,7.634852886199951,0.8828006731767079,567
1730,ball,14,1,162,8.4336576461792,0.9260159673934546,567
1730,inner_race,14,1,163,10.179673194885254,1.0077338357673213,568
1730,ball,14,1,163,9.683313369750977,0.9860239866453177,568
1730,ball,14,1,164,11.49165153503418,1.06038244827133,569
1730,inner_race,14,1,164,9.195907592773438,0.9635945985095706,569
1730,ball,14,1,165,3.011845350265503,0.47883266830867,570
1730,inner_race,14,1,165,8.41757869720459,0.9251871853632955,570
1730,ball,14,1,166,4.774667739868164,0.6789431552365327,571
1730,inner_race,14,1,166,9.959663391113281,0.9982446607276749,571
1730,inner_race,14,1,167,9.663793563842773,0.9851476440583553,572
1730,ball,14,1,167,6.0988874435424805,0.7852506184209128,572
1730,ball,14,1,168,5.917233943939209,0.7721187398961441,573
1730,inner_race,14,1,168,8.14156436920166,0.9107078608641462,573
1730,inner_race,14,1,169,8.267873764038086,0.9173938370892365,574
1730,ball,14,1,169,2.862894296646118,0.45680531336188035,574
1730,inner_race,14,1,170,6.461127758026123,0.8103083285741733,575
1730,ball,14,1,170,4.362618923187256,0.6397472788165296,575
1730,inner_race,14,1,171,8.316204071044922,0.9199251379275064,576
1730,ball,14,1,171,8.42490291595459,0.9255649049964167,576
1730,ball,14,1,172,4.488441467285156,0.6520955660236818,577
1730,inner_race,14,1,172,9.758708953857422,0.9893923656889255,577
1730,ball,14,1,173,2.483670949935913,0.39509405765064926,578
1730,inner_race,14,1,173,8.517857551574707,0.9303303728729315,578
1730,ball,14,1,174,5.021493911743164,0.7008329404731408,579
1730,inner_race,14,1,174,7.4521965980529785,0.8722843035944838,579
1730,inner_race,14,1,175,9.682377815246582,0.9859820252037959,580
1730,ball,14,1,175,4.328466415405273,0.6363340521731071,580
1730,ball,14,1,176,2.912083864212036,0.46420387793497686,581
1730,inner_race,14,1,176,11.181018829345703,1.0484813788458347,581
1730,inner_race,14,1,177,8.220797538757324,0.9149139525618905,582
1730,ball,14,1,177,2.7123522758483887,0.4333460943106207,582
1730,ball,14,1,178,3.0216598510742188,0.4802455741274648,583
1730,inner_race,14,1,178,8.292993545532227,0.9187113273694395,583
1730,inner_race,14,1,179,9.023447036743164,0.9553724735797329,584
1730,ball,14,1,179,3.9821553230285645,0.6001181955755318,584
1730,ball,14,1,180,3.2271385192871094,0.5088176071364486,585
1730,inner_race,14,1,180,9.211621284484863,0.964336074598383,585
1730,inner_race,14,1,181,7.482922554016113,0.874071250429837,586
1730,ball,14,1,181,3.690760850906372,0.5671159052616093,586
1730,inner_race,14,1,182,10.491303443908691,1.020829448472933,587
1730,ball,14,1,182,2.3399784564971924,0.36921185900524534,587
1730,inner_race,14,1,183,10.439796447753906,1.0186920309958347,588
1730,ball,14,1,183,3.103928327560425,0.4919116844597386,588
1730,ball,14,1,184,3.4776525497436523,0.5412861897234018,589
1730,inner_race,14,1,184,7.142372131347656,0.8538424740254191,589
1730,inner_race,14,1,185,9.725772857666016,0.9879241225410031,590
1730,ball,14,1,185,3.289177656173706,0.5170873313763049,590
1730,inner_race,14,1,186,6.228082180023193,0.7943543344829687,591
1730,ball,14,1,186,5.141183376312256,0.7110630946081767,591
1730,inner_race,14,1,187,8.289544105529785,0.9185306466061152,592
1730,ball,14,1,187,8.059914588928223,0.9063304396023976,592
1730,ball,14,1,188,5.328940391540527,0.7266408623370255,593
1730,inner_race,14,1,188,8.317605972290039,0.9199983428005671,593
1730,inner_race,14,1,189,8.446910858154297,0.9266979110151332,594
1730,ball,14,1,189,5.577628135681152,0.7464495561822388,594
1730,inner_race,14,1,190,7.013563632965088,0.8459387416295002,595
1730,ball,14,1,190,4.418863773345947,0.6453106131495128,595
1730,inner_race,14,1,191,7.325191974639893,0.8648190109284347,596
1730,ball,14,1,191,2.3173367977142334,0.3649891579846344,596
1730,inner_race,14,1,192,9.506402969360352,0.978016219769418,597
1730,ball,14,1,192,2.1101784706115723,0.32431918777352214,597
1730,inner_race,14,1,193,9.010857582092285,0.9547661256568432,598
1730,ball,14,1,193,1.7158931493759155,0.23449024034180516,598
1730,inner_race,14,1,194,7.614801406860352,0.8816585814699142,599
1730,ball,14,1,194,5.000914096832275,0.6990493945212447,599
1730,inner_race,14,1,195,7.762547016143799,0.8900042436245691,600
1730,ball,14,1,195,7.122451305389404,0.8526294887471801,600
1730,ball,14,1,196,2.285259246826172,0.3589354749002097,601
1730,inner_race,14,1,196,6.374476432800293,0.8044445198223066,601
1730,inner_race,14,1,197,8.631150245666504,0.9360686766025694,602
1730,ball,14,1,197,1.9486098289489746,0.28972488883657166,602
1730,inner_race,14,1,198,8.801202774047852,0.9445420269726177,603
1730,ball,14,1,198,1.6460455656051636,0.21644185312229475,603
1730,inner_race,14,1,199,10.240102767944336,1.0103043151678572,604
1730,ball,14,1,199,1.9671757221221924,0.29384315592310345,604
1730,inner_race,14,1,200,6.510169982910156,0.8135923283033873,605
1730,ball,14,1,200,1.6993035078048706,0.23027095390901342,605
1730,ball,14,1,201,2.2721855640411377,0.3564437962943692,606
1730,inner_race,14,1,201,10.210467338562012,1.0090456204330158,606
1730,inner_race,14,1,202,9.726881980895996,0.9879736464854776,607
1730,ball,21,2,202,3.799374580383301,0.5797121127634624,608
1730,inner_race,21,2,203,54.921138763427734,1.7397395335455188,609
1730,ball,21,2,203,3.6631197929382324,0.5638511213839982,609
1730,ball,21,2,204,3.8506388664245605,0.5855327900656334,610
1730,inner_race,21,2,204,65.40653228759766,1.8156211243913583,610
1730,inner_race,21,2,205,46.591888427734375,1.6683103133055672,611
1730,ball,21,2,205,3.7239599227905273,0.5710049984627471,611
1730,ball,21,2,206,3.5726680755615234,0.552992669253598,612
1730,inner_race,21,2,206,49.19448471069336,1.6919164158979383,612
1730,ball,21,2,207,3.6991846561431885,0.5681060109970404,613
1730,inner_race,21,2,207,52.028099060058594,1.7162379584578549,613
1730,ball,21,2,208,3.573681116104126,0.5531157972756815,614
1730,inner_race,21,2,208,53.85449981689453,1.731221996659089,614
1730,inner_race,21,2,209,53.18785095214844,1.7258124430658641,615
1730,ball,21,2,209,3.4104506969451904,0.5328117755503761,615
1730,inner_race,21,2,210,43.93761444091797,1.6428364735387373,616
1730,ball,21,2,210,3.427065372467041,0.5349223888275674,616
1730,inner_race,21,2,211,55.45065689086914,1.7439066953434275,617
1730,ball,21,2,211,3.305042266845703,0.5191770178732417,617
1730,inner_race,21,2,212,58.48640441894531,1.7670549229702655,618
1730,ball,21,2,212,3.4191536903381348,0.5339186226935299,618
1730,inner_race,21,2,213,54.88333511352539,1.7394404944150101,619
1730,ball,21,2,213,3.802654504776001,0.5800868688022096,619
1730,ball,21,2,214,3.795254707336426,0.5792409276040227,620
1730,inner_race,21,2,214,46.603675842285156,1.6684201728072015,620
1730,ball,21,2,215,3.539267063140869,0.5489133345144219,621
1730,inner_race,21,2,215,56.98650360107422,1.7557720117142814,621
1730,ball,21,2,216,4.065898418426514,0.609156524113156,622
1730,inner_race,21,2,216,36.89570236206055,1.5669757821715193,622
1730,ball,21,2,217,3.100135087966919,0.4913806185698732,623
1730,inner_race,21,2,217,53.2742919921875,1.7265176867122967,623
1730,inner_race,21,2,218,50.85186767578125,1.7063069082202238,624
1730,ball,21,2,218,3.5868794918060303,0.5547167859531283,624
1730,inner_race,21,2,219,51.48707962036133,1.711698259068816,625
1730,ball,21,2,219,3.323863983154297,0.5216432435795352,625
1730,inner_race,21,2,220,54.60597610473633,1.7372401747062893,626
1730,ball,21,2,220,3.729614734649658,0.5716639719541716,626
1730,ball,21,2,221,3.3330090045928955,0.5228364869697781,627
1730,inner_race,21,2,221,50.117733001708984,1.699991418125881,627
1730,inner_race,21,2,222,47.69352340698242,1.6784594075604384,628
1730,ball,21,2,222,3.919020175933838,0.5931774993224961,628
1730,ball,21,2,223,3.523491144180298,0.5469731842940612,629
1730,inner_race,21,2,223,51.882450103759766,1.7150204770769952,629
1730,ball,21,2,224,3.525305986404419,0.5471968184734184,630
1730,inner_race,21,2,224,52.3460807800293,1.7188841710325475,630
1730,inner_race,21,2,225,50.7236213684082,1.7052102520537449,631
1730,ball,21,2,225,3.8931615352630615,0.5903024238614822,631
1730,ball,21,2,226,4.124818801879883,0.615404875292702,632
1730,inner_race,21,2,226,43.83378982543945,1.641809020941941,632
1730,ball,21,2,227,3.5227856636047363,0.5468862202617252,633
1730,inner_race,21,2,227,51.03840637207031,1.707897105473664,633
1730,ball,21,2,228,3.6942741870880127,0.5675291254085736,634
1730,inner_race,21,2,228,54.52668762207031,1.7366091160409332,634
1730,ball,21,2,229,3.573941946029663,0.5531474936862061,635
1730,inner_race,21,2,229,55.32246017456055,1.7429014848226525,635
1730,inner_race,21,2,230,47.67768859863281,1.6783151927642372,636
1730,ball,21,2,230,3.6625072956085205,0.5637784984650647,636
1730,ball,21,2,231,3.5881168842315674,0.5548665819054948,637
1730,inner_race,21,2,231,59.058860778808594,1.7712850653475003,637
1730,inner_race,21,2,232,45.18989562988281,1.6550413382903009,638
1730,ball,21,2,232,3.826850175857544,0.5828414595926636,638
1730,inner_race,21,2,233,53.413330078125,1.7276496550983262,639
1730,ball,21,2,233,3.7923636436462402,0.5789099744616373,639
1730,inner_race,21,2,234,55.882286071777344,1.7472741642290126,640
1730,ball,21,2,234,3.7448527812957764,0.5734347492644303,640
1730,inner_race,21,2,235,52.56867218017578,1.720727007413984,641
1730,ball,21,2,235,3.787121534347534,0.5783092424985832,641
1730,ball,21,2,236,3.1819307804107666,0.5026907277893115,642
1730,inner_race,21,2,236,56.13344955444336,1.7492217316268872,642
1730,inner_race,21,2,237,47.920169830322266,1.6805183485348678,643
1730,ball,21,2,237,4.220749855041504,0.6253896142263605,643
1730,inner_race,21,2,238,55.719844818115234,1.746009898226978,644
1730,ball,21,2,238,3.5523226261138916,0.5505124020328291,644
1730,inner_race,21,2,239,58.62108612060547,1.7680538607045295,645
1730,ball,21,2,239,3.686739921569824,0.566642501693178,645
1730,inner_race,21,2,240,56.59664535522461,1.7527906900771184,646
1730,ball,21,2,240,3.7242801189422607,0.5710423386722815,646
1730,ball,21,2,241,4.052842617034912,0.607759739226424,647
1730,inner_race,21,2,241,45.30727767944336,1.656167968064987,647
1730,ball,21,2,242,3.6107213497161865,0.5575939739017319,648
1730,inner_race,21,2,242,58.84541702270508,1.7697126449321439,648
1730,ball,21,2,243,3.598973035812378,0.5561785928485874,649
1730,inner_race,21,2,243,58.36125564575195,1.7661246271925408,649
1730,inner_race,21,2,244,49.26472473144531,1.6925360604953124,650
1730,ball,21,2,244,3.685231924057007,0.566464824669611,650
1730,ball,21,2,245,3.8176400661468506,0.5817949799363865,651
1730,inner_race,21,2,245,57.65162658691406,1.7608115650176313,651
1730,inner_race,21,2,246,49.660037994384766,1.6960070474929179,652
1730,ball,21,2,246,3.727515935897827,0.5714195088272981,652
1730,ball,21,2,247,3.8169543743133545,0.5817169686726065,653
1730,inner_race,21,2,247,59.2341423034668,1.7725721043551812,653
1730,ball,21,2,248,3.6263630390167236,0.5594712796131491,654
1730,inner_race,21,2,248,56.21190643310547,1.7498283146887321,654
1730,inner_race,21,2,249,44.229774475097656,1.6457147249343715,655
1730,ball,21,2,249,3.5966060161590576,0.5558928664035998,655
1730,ball,21,2,250,3.6382837295532227,0.5608965642641568,656
1730,inner_race,21,2,250,57.15625,1.7570637271565108,656
1730,inner_race,21,2,251,54.6647834777832,1.7377076322433802,657
1730,ball,21,2,251,3.67716383934021,0.5655129806809841,657
1730,inner_race,21,2,252,55.8109245300293,1.746719216836037,658
1730,ball,21,2,252,3.5666239261627197,0.5522573186451073,658
1730,inner_race,21,2,253,54.264461517333984,1.7345154977319457,659
1730,ball,21,2,253,3.6498751640319824,0.5622780106210761,659
1730,ball,21,2,254,3.746299982070923,0.5736025502260512,660
1730,inner_race,21,2,254,68.53643798828125,1.8359215292996696,660
1730,inner_race,21,2,255,46.57514572143555,1.6681542223641224,661
1730,ball,21,2,255,3.4050943851470947,0.5321291545396826,661
1730,ball,21,2,256,3.726348400115967,0.5712834574239519,662
1730,inner_race,21,2,256,58.46836471557617,1.7669209473530503,662
1730,inner_race,21,2,257,41.536808013916016,1.6184331191801498,663
1730,ball,21,2,257,3.882524013519287,0.5891141505323838,663
1730,inner_race,21,2,258,53.92681121826172,1.7318047404947827,664
1730,ball,21,2,258,4.06127405166626,0.6086622963382672,664
1730,inner_race,21,2,259,64.38238525390625,1.808767062492807,665
1730,ball,21,2,259,3.4688191413879395,0.5401816570214155,665
1730,inner_race,21,2,260,52.022216796875,1.716188854629127,666
1730,ball,21,2,260,3.3889389038085938,0.5300637393956644,666
1730,inner_race,21,2,261,63.689353942871094,1.8040668434771332,667
1730,ball,21,2,261,3.797248601913452,0.5794690308782487,667
1730,ball,21,2,262,3.730868339538574,0.5718099232780881,668
1730,inner_race,21,2,262,45.05263137817383,1.6537201617889248,668
1730,inner_race,21,2,263,52.34053421020508,1.7188381509244253,669
1730,ball,21,2,263,3.300060987472534,0.5185219660227482,669
1730,inner_race,21,2,264,53.839412689208984,1.7311003137117063,670
1730,ball,21,2,264,3.8356306552886963,0.58383678095621,670
1730,ball,21,2,265,3.232595443725586,0.5095513564670253,671
1730,inner_race,21,2,265,57.45500564575195,1.7593278716600986,671
1730,ball,21,2,266,3.790541648864746,0.5787012728454721,672
1730,inner_race,21,2,266,45.07771682739258,1.6539619110480805,672
1730,ball,21,2,267,4.020930767059326,0.6043265954249822,673
1730,inner_race,21,2,267,53.56869125366211,1.7289110361758122,673
1730,inner_race,21,2,268,52.505287170410156,1.7202030381358515,674
1730,ball,21,2,268,4.125771999359131,0.6155052240840106,674
1730,ball,21,2,269,3.606722354888916,0.5571127116611244,675
1730,inner_race,21,2,269,46.80826950073242,1.6703225855800166,675
1730,inner_race,21,2,270,51.5227165222168,1.7119987530223035,676
1730,ball,21,2,270,3.6514062881469727,0.5624601591297598,676
1730,inner_race,21,2,271,54.024261474609375,1.7325888386798662,677
1730,ball,21,2,271,3.834475040435791,0.5837059151826395,677
1730,inner_race,21,2,272,44.075775146484375,1.6441999588359224,678
1730,ball,21,2,272,4.019235134124756,0.6041434141208187,678
1730,ball,21,2,273,3.4973790645599365,0.543742706008084,679
1730,inner_race,21,2,273,52.29925537109375,1.7184955054919928,679
1730,ball,21,2,274,3.864535331726074,0.5870972822131811,680
1730,inner_race,21,2,274,45.0598030090332,1.6537892887576107,680
1730,ball,21,2,275,3.564059257507324,0.5519449161825979,681
1730,inner_race,21,2,275,49.52071762084961,1.6947869295604643,681
1730,inner_race,21,2,276,46.89148712158203,1.6710940062183894,682
1730,ball,21,2,276,3.858818769454956,0.5864543822837847,682
1730,ball,21,2,277,3.707714080810547,0.5691062362831628,683
1730,inner_race,21,2,277,52.23794174194336,1.7179860567102325,683
1730,inner_race,21,2,278,49.161903381347656,1.6916286889421204,684
1730,ball,21,2,278,4.050783634185791,0.6075390466916925,684
1730,ball,21,2,279,3.564141035079956,0.5519548809835522,685
1730,inner_race,21,2,279,51.71017074584961,1.713575971805291,685
1730,inner_race,21,2,280,46.497413635253906,1.6674287964345473,686
1730,ball,21,2,280,4.914702892303467,0.6914972686313816,686
1730,ball,21,2,281,3.8148999214172363,0.5814831493298641,687
1730,inner_race,21,2,281,50.201576232910156,1.7007173533702822,687
1730,inner_race,21,2,282,43.656742095947266,1.6400513231609182,688
1730,ball,21,2,282,3.250493049621582,0.511949241744759,688
1730,inner_race,21,2,283,52.95843505859375,1.7239351430581724,689
1730,ball,21,2,283,4.13760232925415,0.6167487476854943,689
1730,inner_race,21,2,284,44.550926208496094,1.6488567373977552,690
1730,ball,21,2,284,3.870647668838501,0.5877836408505347,690
1730,ball,21,2,285,3.704568386077881,0.5687376162387244,691
1730,inner_race,21,2,285,62.624855041503906,1.796746733609868,691
1730,inner_race,21,2,286,52.30424118041992,1.7185369058189648,692
1730,ball,21,2,286,3.7689990997314453,0.5762260337134117,692
1730,inner_race,21,2,287,50.67987823486328,1.704835562762499,693
1730,ball,21,2,287,3.7548184394836426,0.5745889419695536,693
1730,inner_race,21,2,288,49.02656173706055,1.6904314369748978,694
1730,ball,21,2,288,3.700932502746582,0.5683111645460679,694
1730,ball,21,2,289,3.8484227657318115,0.5852827750963382,695
1730,inner_race,21,2,289,52.99357223510742,1.7242231957873044,695
1730,inner_race,21,2,290,51.19943618774414,1.7092651785168511,696
1730,ball,21,2,290,3.6915950775146484,0.5672140582137796,696
1730,inner_race,21,2,291,46.8845329284668,1.6710295938515611,697
1730,ball,21,2,291,3.917121648788452,0.5929670590579985,697
1730,inner_race,21,2,292,53.72419738769531,1.730169936072299,698
1730,ball,21,2,292,3.728653907775879,0.5715520741849545,698
1730,inner_race,21,2,293,59.824256896972656,1.7768773127589625,699
1730,ball,21,2,293,3.4558749198913574,0.5385580154665747,699
1730,inner_race,21,2,294,62.295467376708984,1.7944564485067465,700
1730,ball,21,2,294,3.914991855621338,0.5927308629297501,700
1730,inner_race,21,2,295,51.07688522338867,1.7082244052017928,701
1730,ball,21,2,295,3.8956282138824463,0.5905775025279618,701
1730,inner_race,21,2,296,50.915611267089844,1.706850962054906,702
1730,ball,21,2,296,3.761324882507324,0.5753408470056302,702
1730,ball,21,2,297,3.9646012783050537,0.5981995166626618,703
1730,inner_race,21,2,297,52.032569885253906,1.716275276202066,703
1730,inner_race,21,2,298,57.91891860961914,1.7628204446556055,704
1730,ball,21,2,298,3.8982934951782227,0.5908745332264486,704
1730,inner_race,21,2,299,55.43812561035156,1.7438085381469937,705
1730,ball,21,2,299,4.099376678466797,0.6127178260655873,705
1730,inner_race,21,2,300,58.855838775634766,1.7697895533690207,706
1730,ball,21,2,300,3.4892578125,0.542733059562628,706
1730,inner_race,21,2,301,53.456607818603516,1.728001396388279,707
1730,ball,21,2,301,3.567791700363159,0.5523994908768465,707
1730,ball,21,2,302,3.8965096473693848,0.5906757558463684,708
1730,inner_race,21,2,302,57.163124084472656,1.7571159558707095,708
1730,inner_race,21,2,303,53.2799072265625,1.7265634599492745,709
1730,ball,28,3,303,1244.581298828125,3.095023270956045,710
1730,inner_race,28,3,304,174.007080078125,2.24056691941079,711
1730,ball,28,3,304,1039.9571533203125,3.0170154465488945,711
1730,ball,28,3,305,1555.046630859375,3.191743416656278,712
1730,inner_race,28,3,305,175.80029296875,2.245019594484087,712
1730,inner_race,28,3,306,156.01458740234375,2.1931652068939567,713
1730,ball,28,3,306,1330.75244140625,3.1240972716047324,713
1730,inner_race,28,3,307,167.33914184570312,2.223597537491624,714
1730,ball,28,3,307,1280.4095458984375,3.107348903300556,714
1730,inner_race,28,3,308,176.2589874267578,2.246151270856821,715
1730,ball,28,3,308,1119.35693359375,3.0489685937424222,715
1730,inner_race,28,3,309,190.5546417236328,2.2800195322234194,716
1730,ball,28,3,309,1263.8160400390625,3.1016838630205696,716
1730,inner_race,28,3,310,181.5770263671875,2.259060899509337,717
1730,ball,28,3,310,1155.4486083984375,3.062750633860721,717
1730,inner_race,28,3,311,180.06265258789062,2.255423643652539,718
1730,ball,28,3,311,1759.42626953125,3.245371072019948,718
1730,inner_race,28,3,312,178.4054718017578,2.2514081703140207,719
1730,ball,28,3,312,1132.572265625,3.054065922438402,719
1730,inner_race,28,3,313,173.1232147216797,2.2383553079073204,720
1730,ball,28,3,313,1153.99755859375,3.062204890023886,720
1730,inner_race,28,3,314,178.5342254638672,2.2517214837831165,721
1730,ball,28,3,314,845.822509765625,2.9272792387878463,721
1730,inner_race,28,3,315,186.2401885986328,2.270073402764168,722
1730,ball,28,3,315,1410.8065185546875,3.14946745763409,722
1730,ball,28,3,316,1491.518798828125,3.1736287315002074,723
1730,inner_race,28,3,316,174.32933044433594,2.2413704621443897,723
1730,inner_race,28,3,317,165.66000366210938,2.2192176666234977,724
1730,ball,28,3,317,846.8758544921875,2.927819750755007,724
1730,inner_race,28,3,318,168.03817749023438,2.2254079626170453,725
1730,ball,28,3,318,1164.28515625,3.0660593605707227,725
1730,inner_race,28,3,319,177.65306091308594,2.2495726946635717,726
1730,ball,28,3,319,1295.1651611328125,3.112325153741557,726
1730,inner_race,28,3,320,177.66693115234375,2.2496066008242717,727
1730,ball,28,3,320,1005.6047973632812,3.0024273365389105,727
1730,inner_race,28,3,321,186.56161499023438,2.270822292611035,728
1730,ball,28,3,321,824.9618530273438,2.9164338668496135,728
1730,inner_race,28,3,322,176.63818359375,2.247084590133869,729
1730,ball,28,3,322,1239.86474609375,3.093374311590518,729
1730,inner_race,28,3,323,166.44482421875,2.2212702948475367,730
1730,ball,28,3,323,1292.3653564453125,3.1113853076663354,730
1730,ball,28,3,324,1205.7708740234375,3.0812647890635234,731
1730,inner_race,28,3,324,198.1296844482422,2.2969495478569524,731
1730,ball,28,3,325,635.6163330078125,2.8031950484535746,732
1730,inner_race,28,3,325,185.16705322265625,2.2675637151942607,732
1730,inner_race,28,3,326,186.99215698242188,2.2718233912921812,733
1730,ball,28,3,326,1158.9144287109375,3.0640513699492464,733
1730,inner_race,28,3,327,177.43817138671875,2.2490470531471174,734
1730,ball,28,3,327,1627.4228515625,3.2115004098762716,734
1730,ball,28,3,328,1287.8319091796875,3.1098591815955032,735
1730,inner_race,28,3,328,169.63882446289062,2.2295252542908037,735
1730,inner_race,28,3,329,171.43942260742188,2.2341106953714247,736
1730,ball,28,3,329,964.2037353515625,2.9841688096189123,736
1730,ball,28,3,330,1386.3212890625,3.1418638925389355,737
1730,inner_race,28,3,330,170.6665496826172,2.2321484085674306,737
1730,ball,28,3,331,804.7462768554688,2.9056589761064977,738
1730,inner_race,28,3,331,173.23423767089844,2.238633729263804,738
1730,inner_race,28,3,332,187.0964813232422,2.272065619909047,739
1730,ball,28,3,332,1512.527099609375,3.1797031645512037,739
1730,inner_race,28,3,333,169.84535217285156,2.230053666876923,740
1730,ball,28,3,333,1372.9862060546875,3.137666174043437,740
1730,inner_race,28,3,334,166.8022918701172,2.2222020135661507,741
1730,ball,28,3,334,1153.8201904296875,3.0621381343061937,741
1730,inner_race,28,3,335,176.79953002929688,2.2474811062316116,742
1730,ball,28,3,335,1286.6339111328125,3.109454993686277,742
1730,inner_race,28,3,336,182.25599670410156,2.2606818266616484,743
1730,ball,28,3,336,887.0091552734375,2.947928102429488,743
1730,ball,28,3,337,542.264892578125,2.7342114881655966,744
1730,inner_race,28,3,337,175.13357543945312,2.243369414103129,744
1730,inner_race,28,3,338,180.98916625976562,2.257652579430414,745
1730,ball,28,3,338,1465.433349609375,3.165966070775062,745
1730,inner_race,28,3,339,183.6448211669922,2.2639786856336084,746
1730,ball,28,3,339,1925.956298828125,3.2846464284826378,746
1730,inner_race,28,3,340,169.6538543701172,2.229563730840305,747
1730,ball,28,3,340,1062.9791259765625,3.026524736242766,747
1730,inner_race,28,3,341,175.94003295898438,2.245364668991497,748
1730,ball,28,3,341,1062.536865234375,3.0263440070424585,748
1730,inner_race,28,3,342,182.5416717529297,2.2613620235675653,749
1730,ball,28,3,342,980.3419799804688,2.9913776002953063,749
1730,ball,28,3,343,1262.349365234375,3.1011795659981622,750
1730,inner_race,28,3,343,169.10198974609375,2.2281487177731703,750
1730,inner_race,28,3,344,182.11509704589844,2.2603459495947824,751
1730,ball,28,3,344,1249.718505859375,3.096812200912661,751
1730,ball,28,3,345,1431.098388671875,3.155669492731406,752
1730,inner_race,28,3,345,164.49307250976562,2.216147612716795,752
1730,ball,28,3,346,1002.5935668945312,3.0011249136510925,753
1730,inner_race,28,3,346,166.3382568359375,2.2209921459239697,753
1730,ball,28,3,347,970.6148681640625,2.987046939680845,754
1730,inner_race,28,3,347,187.8404998779297,2.2737892353061153,754
1730,ball,28,3,348,1360.9862060546875,3.133853723539344,755
1730,inner_race,28,3,348,182.2233123779297,2.2606039367941824,755
1730,ball,28,3,349,1125.4522705078125,3.0513270816602907,756
1730,inner_race,28,3,349,196.09649658203125,2.292469834724984,756
1730,inner_race,28,3,350,174.0605926513672,2.240700457899282,757
1730,ball,28,3,350,1407.5391845703125,3.14846049404259,757
1730,inner_race,28,3,351,160.0760040283203,2.204326234485533,758
1730,ball,28,3,351,1663.25830078125,3.220959699546012,758
1730,inner_race,28,3,352,194.28680419921875,2.2884433046755572,759
1730,ball,28,3,352,1158.9300537109375,3.064057225261224,759
1730,inner_race,28,3,353,176.27880859375,2.2462001066046806,760
1730,ball,28,3,353,1151.8284912109375,3.061387816877216,760
1730,inner_race,28,3,354,175.271728515625,2.2437118696600002,761
1730,ball,28,3,354,850.4412231445312,2.929644303432323,761
1730,inner_race,28,3,355,175.1983184814453,2.2435299335801555,762
1730,ball,28,3,355,1353.4783935546875,3.131451327239979,762
1730,ball,28,3,356,893.4337768554688,2.95106236723662,763
1730,inner_race,28,3,356,178.17405700683594,2.2508444689545457,763
1730,inner_race,28,3,357,171.24423217773438,2.2336159525699086,764
1730,ball,28,3,357,1127.9814453125,3.0523019557956648,764
1730,inner_race,28,3,358,177.89437866210938,2.250162224898999,765
1730,ball,28,3,358,989.4641723632812,2.995400073401813,765
1730,ball,28,3,359,1151.509765625,3.0612676254431643,766
1730,inner_race,28,3,359,183.61000061035156,2.263896332048281,766
1730,ball,28,3,360,1497.640380859375,3.1754075414287333,767
1730,inner_race,28,3,360,179.06948852539062,2.253021593141589,767
1730,inner_race,28,3,361,172.0946807861328,2.235767447079848,768
1730,ball,28,3,361,1373.2723388671875,3.137756672370508,768
1730,ball,28,3,362,955.8626098632812,2.9803954737968223,769
1730,inner_race,28,3,362,183.91610717773438,2.264619765954127,769
1730,inner_race,28,3,363,177.39698791503906,2.248946241521733,770
1730,ball,28,3,363,1541.735595703125,3.1880098995430504,770
1730,inner_race,28,3,364,184.62391662597656,2.266287959885392,771
1730,ball,28,3,364,1052.018798828125,3.0220235004207394,771
1730,inner_race,28,3,365,176.41539001464844,2.2465364691568626,772
1730,ball,28,3,365,1596.3232421875,3.2031208369421953,772
1730,inner_race,28,3,366,193.44000244140625,2.2865462889979273,773
1730,ball,28,3,366,1287.142333984375,3.109626574446025,773
1730,inner_race,28,3,367,162.6599578857422,2.2112806555210445,774
1730,ball,28,3,367,1334.8433837890625,3.1254303132314885,774
1730,ball,28,3,368,956.6981201171875,2.980774920587965,775
1730,inner_race,28,3,368,180.2672882080078,2.2559169256150415,775
1730,inner_race,28,3,369,189.70831298828125,2.278086362021169,776
1730,ball,28,3,369,1715.74462890625,3.234452648017304,776
1730,inner_race,28,3,370,181.96949768066406,2.2599985962314344,777
1730,ball,28,3,370,1253.8681640625,3.0982518757051505,777
1730,inner_race,28,3,371,176.3140411376953,2.246286899626612,778
1730,ball,28,3,371,1336.384765625,3.125931516170891,778
1730,inner_race,28,3,372,166.6031036376953,2.221683087587995,779
1730,ball,28,3,372,1265.9285888671875,3.102409207785881,779
1730,inner_race,28,3,373,158.44314575195312,2.1998734563600792,780
1730,ball,28,3,373,988.9826049804688,2.9951886529445684,780
1730,inner_race,28,3,374,174.89659118652344,2.2427813449657563,781
1730,ball,28,3,374,1333.221435546875,3.1249022876354218,781
1730,inner_race,28,3,375,183.16854858398438,2.26285090410777,782
1730,ball,28,3,375,1254.0076904296875,3.0983001998925728,782
1730,inner_race,28,3,376,177.04830932617188,2.248091783938976,783
1730,ball,28,3,376,873.800537109375,2.941412307326589,783
1730,ball,28,3,377,1446.9822998046875,3.160463218648983,784
1730,inner_race,28,3,377,168.30221557617188,2.226089833184215,784
1730,ball,28,3,378,961.4479370117188,2.9829257719019022,785
1730,inner_race,28,3,378,158.0404510498047,2.198768260494107,785
1730,ball,28,3,379,632.6832275390625,2.801186321445423,786
1730,inner_race,28,3,379,178.24737548828125,2.251023144025455,786
1730,ball,28,3,380,1051.4093017578125,3.0217718148777846,787
1730,inner_race,28,3,380,189.947509765625,2.2786336042759094,787
1730,inner_race,28,3,381,192.02554321289062,2.283359002341897,788
1730,ball,28,3,381,1076.59765625,3.0320534300228608,788
1730,inner_race,28,3,382,172.00929260253906,2.235551909797029,789
1730,ball,28,3,382,1981.6981201171875,3.2970374973981724,789
1730,ball,28,3,383,1074.4107666015625,3.031170351719686,790
1730,inner_race,28,3,383,169.49574279785156,2.2291587945590403,790
1730,ball,28,3,384,1121.7613525390625,3.049900473409143,791
1730,inner_race,28,3,384,163.8567352294922,2.214464297490658,791
1730,inner_race,28,3,385,190.23548889160156,2.2792915388478217,792
1730,ball,28,3,385,1020.5487670898438,3.008833762380832,792
1730,inner_race,28,3,386,187.66436767578125,2.273381819819937,793
1730,ball,28,3,386,1443.6783447265625,3.1594704420763025,793
1730,inner_race,28,3,387,180.88436889648438,2.2574010389697734,794
1730,ball,28,3,387,1022.6761474609375,3.009738126734807,794
1730,ball,28,3,388,1453.373291015625,3.162377174798266,795
1730,inner_race,28,3,388,168.83969116210938,2.227474549081077,795
1730,inner_race,28,3,389,165.8369140625,2.2196812076935157,796
1730,ball,28,3,389,938.3897094726562,2.9723832365928247,796
1730,inner_race,28,3,390,172.7750244140625,2.237480963009213,797
1730,ball,28,3,390,1278.2044677734375,3.1066003312269004,797
1730,inner_race,28,3,391,162.23106384277344,2.210134016113195,798
1730,ball,28,3,391,850.4406127929688,2.929643991744221,798
1730,inner_race,28,3,392,173.90338134765625,2.2403080264325674,799
1730,ball,28,3,392,1742.3106689453125,3.2411255960098044,799
1730,inner_race,28,3,393,167.98936462402344,2.2252817874918933,800
1730,ball,28,3,393,1429.7291259765625,3.155253764572183,800
1730,inner_race,28,3,394,166.7680206298828,2.222112774146356,801
1730,ball,28,3,394,824.0054931640625,2.915930106894796,801
1730,inner_race,28,3,395,180.4403839111328,2.2563337424464507,802
1730,ball,28,3,395,1193.0787353515625,3.076669105196234,802
1730,inner_race,28,3,396,176.1651611328125,2.2459200253939486,803
1730,ball,28,3,396,1478.718994140625,3.169885651421409,803
1730,inner_race,28,3,397,190.6942596435547,2.280337619932997,804
1730,ball,28,3,397,947.0420532226562,2.9763692641955086,804
1730,inner_race,28,3,398,182.83067321777344,2.262049058420348,805
1730,ball,28,3,398,1075.876953125,3.0317626043837462,805
1730,ball,28,3,399,957.7228393554688,2.9812398444083867,806
1730,inner_race,28,3,399,172.6799774169922,2.2372419831874018,806
1730,ball,28,3,400,845.363037109375,2.9270432546943526,807
1730,inner_race,28,3,400,173.43890380859375,2.239146519981775,807
1730,ball,28,3,401,1272.547607421875,3.1046740387525005,808
1730,inner_race,28,3,401,165.75804138183594,2.2194746064164526,808
1730,ball,28,3,402,1352.8470458984375,3.1312486976491334,809
1730,inner_race,28,3,402,188.54197692871094,2.275408056499139,809
1730,inner_race,28,3,403,188.02273559570312,2.2742103670655784,810
1730,inner_race,28,3,404,166.2977294921875,2.220886319720147,811
1750,healthy,healthy,-1,0,0.6982846856117249,-0.1559674825576568,0
1750,healthy,healthy,-1,1,0.6961855292320251,-0.15727500811291237,1
1750,healthy,healthy,-1,2,0.9877712726593018,-0.005343608572288721,2
1750,healthy,healthy,-1,3,0.7424002885818481,-0.1293618679725458,3
1750,healthy,healthy,-1,4,0.7699528336524963,-0.11353587834940677,4
1750,healthy,healthy,-1,5,0.7985036373138428,-0.09772310123904486,5
1750,healthy,healthy,-1,6,1.1317881345748901,0.05376513657257085,6
1750,healthy,healthy,-1,7,0.7956898212432861,-0.09925619755805855,7
1750,healthy,healthy,-1,8,0.692186176776886,-0.15977707798246424,8
1750,healthy,healthy,-1,9,0.8381938934326172,-0.07665550749427456,9
1750,healthy,healthy,-1,10,0.9336767792701721,-0.029803442050200545,10
1750,healthy,healthy,-1,11,0.7960686683654785,-0.09904946868702205,11
1750,healthy,healthy,-1,12,0.7349290251731873,-0.13375460032258582,12
1750,healthy,healthy,-1,13,0.7262763381004333,-0.13889810481259598,13
1750,healthy,healthy,-1,14,0.9170107841491699,-0.037625556948368014,14
1750,healthy,healthy,-1,15,0.8498435616493225,-0.07066101142131423,15
1750,healthy,healthy,-1,16,0.890602707862854,-0.05031598873757442,16
1750,healthy,healthy,-1,17,0.9319688081741333,-0.030598622693811556,17
1750,healthy,healthy,-1,18,0.9915110468864441,-0.0037024427545951895,18
1750,healthy,healthy,-1,19,0.8326535224914551,-0.07953567635146536,19
1750,healthy,healthy,-1,20,0.881664514541626,-0.05469663845110847,20
1750,healthy,healthy,-1,21,0.9457985162734985,-0.024201371621858835,21
1750,healthy,healthy,-1,22,0.9362930059432983,-0.028588220758523537,22
1750,healthy,healthy,-1,23,0.7744774222373962,-0.11099123838332377,23
1750,healthy,healthy,-1,24,0.6799538135528564,-0.1675205861178281,24
1750,healthy,healthy,-1,25,1.0200233459472656,0.008610111859998154,25
1750,healthy,healthy,-1,26,0.7919904589653015,-0.10128005028383982,26
1750,healthy,healthy,-1,27,0.7448742985725403,-0.12791701053002796,27
1750,healthy,healthy,-1,28,0.6789345145225525,-0.16817211283734995,28
1750,healthy,healthy,-1,29,0.9259278178215027,-0.03342286811686219,29
1750,healthy,healthy,-1,30,0.8680562376976013,-0.06145213780672098,30
1750,healthy,healthy,-1,31,0.832667350769043,-0.07952846387398163,31
1750,healthy,healthy,-1,32,0.9149045944213867,-0.03862419148176926,32
1750,healthy,healthy,-1,33,0.8894250392913818,-0.05089064836020444,33
1750,healthy,healthy,-1,34,0.8986034989356995,-0.04643189470637155,34
1750,healthy,healthy,-1,35,0.7976287603378296,-0.09819919492856179,35
1750,healthy,healthy,-1,36,0.8399750590324402,-0.07573360903977727,36
1750,healthy,healthy,-1,37,0.8023978471755981,-0.09561024519328694,37
1750,healthy,healthy,-1,38,0.8599092364311218,-0.0655473861952032,38
1750,healthy,healthy,-1,39,0.7483795881271362,-0.12587806628779613,39
1750,healthy,healthy,-1,40,0.7500737309455872,-0.12489604411635209,40
1750,healthy,healthy,-1,41,1.0410758256912231,0.017482362056184045,41
1750,healthy,healthy,-1,42,0.7791468501091003,-0.10838068073366659,42
1750,healthy,healthy,-1,43,0.8661919236183167,-0.0623858699531528,43
1750,healthy,healthy,-1,44,0.8100429177284241,-0.0914919707030079,44
1750,healthy,healthy,-1,45,0.8997388482093811,-0.04588352749377106,45
1750,healthy,healthy,-1,46,0.879694402217865,-0.055668171577731046,46
1750,healthy,healthy,-1,47,0.7085339426994324,-0.14963933980753288,47
1750,healthy,healthy,-1,48,0.7677198648452759,-0.11479722182499867,48
1750,healthy,healthy,-1,49,0.8839446902275085,-0.05357490860737893,49
1750,healthy,healthy,-1,50,0.7882130146026611,-0.10335639854494423,50
1750,healthy,healthy,-1,51,0.8758901953697205,-0.05755033508081297,51
1750,healthy,healthy,-1,52,0.7757542133331299,-0.11027585696537633,52
1750,healthy,healthy,-1,53,1.0340077877044678,0.014523809690554779,53
1750,healthy,healthy,-1,54,0.9314025044441223,-0.030862598629183724,54
1750,healthy,healthy,-1,55,0.8869093656539917,-0.052120758981688414,55
1750,healthy,healthy,-1,56,0.9038146734237671,-0.043920612180250826,56
1750,healthy,healthy,-1,57,0.9992151856422424,-0.00034097436318881975,57
1750,healthy,healthy,-1,58,0.7504904270172119,-0.1246548430877539,58
1750,healthy,healthy,-1,59,0.9092411398887634,-0.04132092224043989,59
1750,healthy,healthy,-1,60,0.745549201965332,-0.12752369032374364,60
1750,healthy,healthy,-1,61,0.7534742951393127,-0.12293155910193608,61
1750,healthy,healthy,-1,62,0.9179325103759766,-0.03718924848151731,62
1750,healthy,healthy,-1,63,0.7473940253257751,-0.12645037822630403,63
1750,healthy,healthy,-1,64,0.835590660572052,-0.07800642279020825,64
1750,healthy,healthy,-1,65,0.9899405837059021,-0.004390871001470543,65
1750,healthy,healthy,-1,66,0.9112907648086548,-0.04034303092585006,66
1750,healthy,healthy,-1,67,0.7417920827865601,-0.12971780624663506,67
1750,healthy,healthy,-1,68,0.8845762014389038,-0.05326474903016574,68
1750,healthy,healthy,-1,69,0.9311906695365906,-0.03096138427179999,69
1750,healthy,healthy,-1,70,0.7412089109420776,-0.13005936815817237,70
1750,healthy,healthy,-1,71,0.8843662738800049,-0.05336782799641735,71
1750,healthy,healthy,-1,72,0.7693048119544983,-0.1139015510683621,72
1750,healthy,healthy,-1,73,0.8789878487586975,-0.056017128627618595,73
1750,healthy,healthy,-1,74,0.7600762844085693,-0.11914281793616349,74
1750,healthy,healthy,-1,75,0.8900547027587891,-0.05058330079754094,75
1750,healthy,healthy,-1,76,0.7993106842041016,-0.09728438187577139,76
1750,healthy,healthy,-1,77,0.8884222507476807,-0.05138057297821907,77
1750,healthy,healthy,-1,78,0.9301595091819763,-0.031442569706866645,78
1750,healthy,healthy,-1,79,0.906487226486206,-0.042638311265814334,79
1750,healthy,healthy,-1,80,0.9034122824668884,-0.044114009223669697,80
1750,healthy,healthy,-1,81,0.8478918671607971,-0.07165953039633303,81
1750,healthy,healthy,-1,82,0.8136391639709473,-0.08956815511098266,82
1750,healthy,healthy,-1,83,0.7329848408699036,-0.13490500707050784,83
1750,healthy,healthy,-1,84,0.878972053527832,-0.05602493288026,84
1750,healthy,healthy,-1,85,0.9771994948387146,-0.010016766206189326,85
1750,healthy,healthy,-1,86,0.8251490592956543,-0.08346759110809496,86
1750,healthy,healthy,-1,87,0.9688749313354492,-0.013732280881633228,87
1750,healthy,healthy,-1,88,0.8593897223472595,-0.06580984445542282,88
1750,healthy,healthy,-1,89,0.8687630295753479,-0.06109866887061707,89
1750,healthy,healthy,-1,90,0.7599909901618958,-0.1191915563325845,90
1750,healthy,healthy,-1,91,0.8781557083129883,-0.0564284712630028,91
1750,healthy,healthy,-1,92,0.8634275197982788,-0.06377411330533965,92
1750,healthy,healthy,-1,93,0.6962127685546875,-0.15725801601008754,93
1750,healthy,healthy,-1,94,0.7716893553733826,-0.11255749033509972,94
1750,healthy,healthy,-1,95,0.9041168093681335,-0.04377545626489292,95
1750,healthy,healthy,-1,96,0.8867383599281311,-0.05220450373243463,96
1750,healthy,healthy,-1,97,0.8187787532806396,-0.08683343549255226,97
1750,healthy,healthy,-1,98,0.7434989213943481,-0.128719657179448,98
1750,healthy,healthy,-1,99,1.0905929803848267,0.03766269801800773,99
1750,healthy,healthy,-1,100,1.0525166988372803,0.02222899491659358,100
1750,healthy,healthy,-1,101,1.0167357921600342,0.007208112299040586,101
1750,healthy,healthy,-1,102,0.8375014066696167,-0.0770144548483239,102
1750,healthy,healthy,-1,103,0.7112729549407959,-0.14796370436734682,103
1750,healthy,healthy,-1,104,0.8360777497291565,-0.07775333415395894,104
1750,healthy,healthy,-1,105,1.062971830368042,0.02652175551311838,105
1750,healthy,healthy,-1,106,0.825982391834259,-0.08302921080398501,106
1750,healthy,healthy,-1,107,0.7968793511390686,-0.09860742653469941,107
1750,healthy,healthy,-1,108,0.7369012236595154,-0.1325907223099757,108
1750,healthy,healthy,-1,109,0.7612860202789307,-0.11845214521189436,109
1750,healthy,healthy,-1,110,0.6502763628959656,-0.1869020320145824,110
1750,healthy,healthy,-1,111,0.764541506767273,-0.11659893187277086,111
1750,healthy,healthy,-1,112,0.9178121089935303,-0.03724621681527485,112
1750,healthy,healthy,-1,113,0.8237941265106201,-0.08418130880242307,113
1750,healthy,healthy,-1,114,0.7601797580718994,-0.11908369889329143,114
1750,healthy,healthy,-1,115,0.9047589302062988,-0.04346712159895325,115
1750,healthy,healthy,-1,116,0.855843722820282,-0.06760553031465323,116
1750,healthy,healthy,-1,117,0.9004060626029968,-0.04556158947542324,117
1750,healthy,healthy,-1,118,0.7643943428993225,-0.1166825357152705,118
1750,healthy,healthy,-1,119,0.8130308985710144,-0.08989294908748596,119
1750,healthy,healthy,-1,120,0.6602063179016113,-0.18032032396711548,120
1750,healthy,healthy,-1,121,1.0370270013809204,0.015790064391039353,121
1750,healthy,healthy,-1,122,0.7842789888381958,-0.10552941976469017,122
1750,healthy,healthy,-1,123,0.7066238522529602,-0.15081170694220639,123
1750,healthy,healthy,-1,124,0.8917618989944458,-0.049751087054759884,124
1750,healthy,healthy,-1,125,0.9793122410774231,-0.009078816923353206,125
1750,healthy,healthy,-1,126,0.9843491911888123,-0.006850811218531401,126
1750,healthy,healthy,-1,127,0.8076269626617432,-0.09278919054594997,127
1750,healthy,healthy,-1,128,0.858966588973999,-0.0660237284928831,128
1750,healthy,healthy,-1,129,0.8555310964584351,-0.06776420029603707,129
1750,healthy,healthy,-1,130,0.5971161127090454,-0.22394120956480715,130
1750,healthy,healthy,-1,131,0.8553809523582458,-0.06784042485055464,131
1750,healthy,healthy,-1,132,0.8914560675621033,-0.049900054715755,132
1750,healthy,healthy,-1,133,0.7206207513809204,-0.1422932358569916,133
1750,healthy,healthy,-1,134,0.7476263046264648,-0.126315426724521,134
1750,healthy,healthy,-1,135,0.9215311408042908,-0.03548998431799083,135
1750,healthy,healthy,-1,136,0.7984397411346436,-0.09775785482947295,136
1750,healthy,healthy,-1,137,0.718082845211029,-0.1438254483169459,137
1750,healthy,healthy,-1,138,0.7868145704269409,-0.10412760630553687,138
1750,healthy,healthy,-1,139,0.8572487235069275,-0.06689315290221078,139
1750,healthy,healthy,-1,140,0.7599033713340759,-0.11924162872503377,140
1750,healthy,healthy,-1,141,0.8580344915390015,-0.0664952538949057,141
1750,healthy,healthy,-1,142,0.7968172430992126,-0.09864127636421206,142
1750,healthy,healthy,-1,143,0.8829004168510437,-0.05408827813364844,143
1750,healthy,healthy,-1,144,0.861436665058136,-0.0647766474404372,144
1750,healthy,healthy,-1,145,0.9018012285232544,-0.04488917738994183,145
1750,healthy,healthy,-1,146,0.6660199761390686,-0.1765127447082844,146
1750,healthy,healthy,-1,147,0.8159931302070618,-0.0883134975276632,147
1750,healthy,healthy,-1,148,0.7626081109046936,-0.1176985799928238,148
1750,healthy,healthy,-1,149,1.0020852088928223,0.00090465184917935,149
1750,healthy,healthy,-1,150,0.7208384871482849,-0.14216203347475143,150
1750,healthy,healthy,-1,151,0.7684860825538635,-0.11436399325830299,151
1750,healthy,healthy,-1,152,0.9047576785087585,-0.04346772242829313,152
1750,healthy,healthy,-1,153,0.766282320022583,-0.11561119454668096,153
1750,healthy,healthy,-1,154,0.7022379636764526,-0.1535156958482735,154
1750,healthy,healthy,-1,155,0.8171097040176392,-0.08771963177717873,155
1750,healthy,healthy,-1,156,0.8440876007080078,-0.07361247928681915,156
1750,healthy,healthy,-1,157,0.8188074231147766,-0.0868182287804494,157
1750,healthy,healthy,-1,158,1.0159374475479126,0.00686696875392335,158
1750,healthy,healthy,-1,159,0.8122470378875732,-0.09031186377051717,159
1750,healthy,healthy,-1,160,0.7505922913551331,-0.12459590014025564,160
1750,healthy,healthy,-1,161,0.8267000317573547,-0.0826520456889773,161
1750,healthy,healthy,-1,162,0.841248095035553,-0.07507590620509515,162
1750,healthy,healthy,-1,163,1.0085091590881348,0.0036798467464774433,163
1750,healthy,healthy,-1,164,0.8219948410987854,-0.0851309081161064,164
1750,healthy,healthy,-1,165,0.8602406978607178,-0.0653800148879128,165
1750,healthy,healthy,-1,166,0.7388772368431091,-0.13142771287784052,166
1750,healthy,healthy,-1,167,0.8511224389076233,-0.07000795963687599,167
1750,healthy,healthy,-1,168,0.7407183051109314,-0.13034692264901698,168
1750,healthy,healthy,-1,169,0.9739381670951843,-0.011468614519516232,169
1750,healthy,healthy,-1,170,0.8370856642723083,-0.07723009563032543,170
1750,healthy,healthy,-1,171,0.8516165018081665,-0.06975593181004958,171
1750,healthy,healthy,-1,172,0.8758100271224976,-0.05759008689104855,172
1750,healthy,healthy,-1,173,0.6637059450149536,-0.17802429223346453,173
1750,healthy,healthy,-1,174,0.7992404103279114,-0.09732256589976088,174
1750,healthy,healthy,-1,175,0.8838620781898499,-0.05361549896234424,175
1750,healthy,healthy,-1,176,0.9349912405014038,-0.029192457811679454,176
1750,healthy,healthy,-1,177,0.70978182554245,-0.1488751252584717,177
1750,healthy,healthy,-1,178,0.9575591087341309,-0.018834408163783865,178
1750,healthy,healthy,-1,179,0.6479330658912659,-0.18846985619036535,179
1750,healthy,healthy,-1,180,0.8104563355445862,-0.0912703784007439,180
1750,healthy,healthy,-1,181,0.6881740689277649,-0.16230169604777572,181
1750,healthy,healthy,-1,182,0.8603299856185913,-0.0653349400985384,182
1750,healthy,healthy,-1,183,0.9996370673179626,-0.0001576482706967897,183
1750,healthy,healthy,-1,184,0.7407587766647339,-0.1303231942056802,184
1750,healthy,healthy,-1,185,0.7704522609710693,-0.11325426601648868,185
1750,healthy,healthy,-1,186,0.8300546407699585,-0.0808933179807834,186
1750,healthy,healthy,-1,187,0.8224503993988037,-0.0848902841584676,187
1750,healthy,healthy,-1,188,0.7155856490135193,-0.1453383777423597,188
1750,healthy,healthy,-1,189,0.6770550608634949,-0.16937601129000737,189
1750,healthy,healthy,-1,190,0.8749635815620422,-0.058010023155743856,190
1750,healthy,healthy,-1,191,0.8512587547302246,-0.06993840857522232,191
1750,healthy,healthy,-1,192,0.9086624979972839,-0.04159739562848676,192
1750,healthy,healthy,-1,193,0.6829881072044373,-0.16558685857389294,193
1750,healthy,healthy,-1,194,0.8160537481307983,-0.088281236162938,194
1750,healthy,healthy,-1,195,0.9850500226020813,-0.006541714691789779,195
1750,healthy,healthy,-1,196,0.7884318828582764,-0.1032358218996373,196
1750,healthy,healthy,-1,197,1.1439805030822754,0.05841862281720058,197
1750,healthy,healthy,-1,198,1.0940476655960083,0.03903624380213479,198
1750,healthy,healthy,-1,199,0.7379727959632874,-0.1319596473650186,199
1750,healthy,healthy,-1,200,0.7277318239212036,-0.1380286328411294,200
1750,healthy,healthy,-1,201,0.6702797412872314,-0.17374390663957945,201
1750,healthy,healthy,-1,202,1.022283673286438,0.00957142480879561,202
1750,healthy,healthy,-1,203,0.7386388182640076,-0.1315678722674158,203
1750,healthy,healthy,-1,204,0.7086103558540344,-0.1495925050406647,204
1750,healthy,healthy,-1,205,0.7556098699569702,-0.12170237785468625,205
1750,healthy,healthy,-1,206,0.9880325198173523,-0.00522876093382637,206
1750,healthy,healthy,-1,207,0.6945910453796387,-0.15827081988399294,207
1750,healthy,healthy,-1,208,0.8089816570281982,-0.09206132553451202,208
1750,healthy,healthy,-1,209,0.7537021636962891,-0.12280023797219318,209
1750,healthy,healthy,-1,210,0.7375672459602356,-0.13219837776594576,210
1750,healthy,healthy,-1,211,0.8685290813446045,-0.06121563529858668,211
1750,healthy,healthy,-1,212,0.8008666634559631,-0.09643978372293864,212
1750,healthy,healthy,-1,213,0.8611131906509399,-0.06493975813504833,213
1750,healthy,healthy,-1,214,0.715521514415741,-0.14537730327169057,214
1750,healthy,healthy,-1,215,0.7867359519004822,-0.1041710031863619,215
1750,healthy,healthy,-1,216,0.6968337893486023,-0.15687079862631645,216
1750,healthy,healthy,-1,217,0.8959612846374512,-0.04771075622134182,217
1750,healthy,healthy,-1,218,0.8156803846359253,-0.08847998141823565,218
1750,healthy,healthy,-1,219,0.6603925824165344,-0.18019781341296853,219
1750,healthy,healthy,-1,220,0.7997116446495056,-0.09706658014854348,220
1750,healthy,healthy,-1,221,0.8967758417129517,-0.047316099735201636,221
1750,healthy,healthy,-1,222,0.8652240037918091,-0.06287144049309364,222
1750,healthy,healthy,-1,223,0.8485612273216248,-0.07131681601149768,223
1750,healthy,healthy,-1,224,0.7929460406303406,-0.10075636508316993,224
1750,healthy,healthy,-1,225,0.7933236956596375,-0.10054957364709417,225
1750,healthy,healthy,-1,226,0.6720556616783142,-0.172594755876749,226
1750,healthy,healthy,-1,227,0.6034204363822937,-0.21937998541432124,227
1750,healthy,healthy,-1,228,0.8097730278968811,-0.09163669290550518,228
1750,healthy,healthy,-1,229,0.7716861963272095,-0.11255926819962471,229
1750,healthy,healthy,-1,230,0.7296249270439148,-0.13690033710741573,230
1750,healthy,healthy,-1,231,1.0094718933105469,0.004094231402425629,231
1750,healthy,healthy,-1,232,0.8156331777572632,-0.08850511660669871,232
1750,healthy,healthy,-1,233,0.8145813941955566,-0.0890655138307753,233
1750,healthy,healthy,-1,234,1.0071054697036743,0.003074954676514842,234
1750,healthy,healthy,-1,235,0.7661533355712891,-0.11568430330707306,235
1750,healthy,healthy,-1,236,0.7315453290939331,-0.1357587583077199,236
1750,healthy,healthy,-1,237,0.8302090764045715,-0.08081252293187485,237
1750,healthy,healthy,-1,238,0.7742065191268921,-0.11114317606935507,238
1750,healthy,healthy,-1,239,0.7292206883430481,-0.13714101869811962,239
1750,healthy,healthy,-1,240,0.6865700483322144,-0.1633151466250561,240
1750,healthy,healthy,-1,241,0.9413175582885742,-0.026263840391202886,241
1750,healthy,healthy,-1,242,0.7783704400062561,-0.10881366552738816,242
1750,healthy,healthy,-1,243,0.789932131767273,-0.10241022018439394,243
1750,healthy,healthy,-1,244,0.7622596025466919,-0.1178970959140116,244
1750,healthy,healthy,-1,245,0.955549418926239,-0.0197468472672998,245
1750,healthy,healthy,-1,246,0.72054123878479,-0.14234115813361548,246
1750,healthy,healthy,-1,247,0.7741795182228088,-0.11115832260693433,247
1750,healthy,healthy,-1,248,0.8551179766654968,-0.06797396354057955,248
1750,healthy,healthy,-1,249,0.7185311317443848,-0.14355441047770737,249
1750,healthy,healthy,-1,250,0.7947092652320862,-0.09979172366901036,250
1750,healthy,healthy,-1,251,0.8550482988357544,-0.06800935272748888,251
1750,healthy,healthy,-1,252,0.9166367650032043,-0.03780272780494495,252
1750,healthy,healthy,-1,253,0.6376767754554749,-0.19539939997245004,253
1750,healthy,healthy,-1,254,0.7575352787971497,-0.12059713704326476,254
1750,healthy,healthy,-1,255,0.8474971652030945,-0.0718617457959273,255
1750,healthy,healthy,-1,256,0.7241405844688416,-0.14017711179723322,256
1750,healthy,healthy,-1,257,0.8344709277153015,-0.07858878918576133,257
1750,healthy,healthy,-1,258,0.9103649854660034,-0.04078445449836312,258
1750,healthy,healthy,-1,259,0.691716194152832,-0.16007205669245345,259
1750,healthy,healthy,-1,260,0.6507322192192078,-0.18659768983491004,260
1750,healthy,healthy,-1,261,0.9714633226394653,-0.012573591436798478,261
1750,healthy,healthy,-1,262,0.7565863132476807,-0.12114151942018694,262
1750,healthy,healthy,-1,263,0.8368726968765259,-0.07734060084653543,263
1750,healthy,healthy,-1,264,0.7295991778373718,-0.13691566407231268,264
1750,healthy,healthy,-1,265,0.8511629700660706,-0.06998727866484941,265
1750,healthy,healthy,-1,266,0.6794789433479309,-0.16782399725303992,266
1750,healthy,healthy,-1,267,0.7788606882095337,-0.10854021595060706,267
1750,healthy,healthy,-1,268,0.9091281294822693,-0.04137490445057504,268
1750,healthy,healthy,-1,269,0.7389336228370667,-0.1313945717950235,269
1750,healthy,healthy,-1,270,0.7164691090583801,-0.14480252969747556,270
1750,healthy,healthy,-1,271,0.8102626800537109,-0.09137416383260247,271
1750,healthy,healthy,-1,272,0.8835457563400269,-0.05377095468984125,272
1750,healthy,healthy,-1,273,0.8530542254447937,-0.06902336149021393,273
1750,healthy,healthy,-1,274,0.7278133034706116,-0.1379800103449019,274
1750,healthy,healthy,-1,275,0.7432053685188293,-0.12889116189159072,275
1750,healthy,healthy,-1,276,0.8779025077819824,-0.056553710384559246,276
1750,healthy,healthy,-1,277,0.6533138155937195,-0.18487815770996563,277
1750,healthy,healthy,-1,278,1.0423336029052734,0.018006738842034076,278
1750,healthy,healthy,-1,279,0.848924994468689,-0.07113067951735941,279
1750,healthy,healthy,-1,280,0.733817458152771,-0.13441196021536522,280
1750,healthy,healthy,-1,281,1.0736985206604004,0.030882354740040627,281
1750,healthy,healthy,-1,282,0.9412169456481934,-0.026310262397787467,282
1750,healthy,healthy,-1,283,0.812453031539917,-0.09020173648156975,283
1750,healthy,healthy,-1,284,0.8212944269180298,-0.08550112416764367,284
1750,healthy,healthy,-1,285,0.7218908667564392,-0.1415284527736827,285
1750,healthy,healthy,-1,286,0.5586478114128113,-0.25286189830886674,286
1750,healthy,healthy,-1,287,0.8646761178970337,-0.0631465359460464,287
1750,healthy,healthy,-1,288,0.8199294805526733,-0.08622349825510393,288
1750,healthy,healthy,-1,289,0.732582688331604,-0.1351433483672007,289
1750,healthy,healthy,-1,290,0.7784013748168945,-0.10879640568566591,290
1750,healthy,healthy,-1,291,0.8349091410636902,-0.07836078401542043,291
1750,healthy,healthy,-1,292,0.9258683323860168,-0.03345076988822196,292
1750,healthy,healthy,-1,293,0.8037027716636658,-0.09490453395387544,293
1750,healthy,healthy,-1,294,0.8623685836791992,-0.0643070733346192,294
1750,healthy,healthy,-1,295,0.7700504064559937,-0.11348084556883102,295
1750,healthy,healthy,-1,296,0.8561354279518127,-0.06745753093027339,296
1750,healthy,healthy,-1,297,0.7577356696128845,-0.12048226831157499,297
1750,healthy,healthy,-1,298,0.781445324420929,-0.10710140297168204,298
1750,healthy,healthy,-1,299,0.6843796372413635,-0.1647029207634225,299
1750,healthy,healthy,-1,300,0.7314237356185913,-0.13583095036806037,300
1750,healthy,healthy,-1,301,0.9220735430717468,-0.03523443895017442,301
1750,healthy,healthy,-1,302,0.7291070818901062,-0.13720868339837172,302
1750,healthy,healthy,-1,303,0.8312938809394836,-0.08024541627904815,303
1750,healthy,healthy,-1,304,0.7799186110496521,-0.107950716048338,304
1750,healthy,healthy,-1,305,0.9836840629577637,-0.007144364725202965,305
1750,healthy,healthy,-1,306,0.7267149090766907,-0.13863592985308965,306
1750,healthy,healthy,-1,307,0.7681293487548828,-0.1145656410096302,307
1750,healthy,healthy,-1,308,0.8083643317222595,-0.0923928575490505,308
1750,healthy,healthy,-1,309,0.8657200336456299,-0.06262253234862303,309
1750,healthy,healthy,-1,310,0.6391101479530334,-0.19442428655875837,310
1750,healthy,healthy,-1,311,0.8045635223388672,-0.09443966155603783,311
1750,healthy,healthy,-1,312,0.813779354095459,-0.08949333256599196,312
1750,healthy,healthy,-1,313,0.8565120697021484,-0.06726651271235493,313
1750,healthy,healthy,-1,314,0.7515237927436829,-0.12405726538483057,314
1750,healthy,healthy,-1,315,0.8853985667228699,-0.05286118538953192,315
1750,healthy,healthy,-1,316,0.9036113619804382,-0.044018316912381866,316
1750,healthy,healthy,-1,317,0.7411971092224121,-0.13006628316210259,317
1750,healthy,healthy,-1,318,0.7588566541671753,-0.11984025333200138,318
1750,healthy,healthy,-1,319,0.7660534381866455,-0.11574093389207214,319
1750,healthy,healthy,-1,320,0.7457571625709534,-0.12740256679579823,320
1750,healthy,healthy,-1,321,0.9323703050613403,-0.030411566718776664,321
1750,healthy,healthy,-1,322,0.6659632325172424,-0.17654974733969458,322
1750,healthy,healthy,-1,323,0.7872349619865417,-0.10389562664396372,323
1750,healthy,healthy,-1,324,1.057025671005249,0.02408553474408044,324
1750,healthy,healthy,-1,325,0.7789811491966248,-0.10847305182543548,325
1750,healthy,healthy,-1,326,0.7585910558700562,-0.1199922821304327,326
1750,healthy,healthy,-1,327,0.9282386302947998,-0.032340361606753645,327
1750,healthy,healthy,-1,328,0.8299859166145325,-0.08092927676668085,328
1750,healthy,healthy,-1,329,0.8562911152839661,-0.06737856211294245,329
1750,healthy,healthy,-1,330,0.7304854393005371,-0.1363884363956025,330
1750,healthy,healthy,-1,331,0.8033424615859985,-0.09509927729760896,331
1750,healthy,healthy,-1,332,0.8160851001739502,-0.08826455128425496,332
1750,healthy,healthy,-1,333,0.8097086548805237,-0.09167121857640288,333
1750,healthy,healthy,-1,334,0.6979957818984985,-0.15614720188076645,334
1750,healthy,healthy,-1,335,0.8061146140098572,-0.09360320547375532,335
1750,healthy,healthy,-1,336,0.854131281375885,-0.0684753724078723,336
1750,healthy,healthy,-1,337,0.8060290813446045,-0.09364928866681511,337
1750,healthy,healthy,-1,338,0.7673974633216858,-0.11497964072177207,338
1750,healthy,healthy,-1,339,0.7202205657958984,-0.14253448157046386,339
1750,healthy,healthy,-1,340,0.760955810546875,-0.1186405624053361,340
1750,healthy,healthy,-1,341,0.8714367747306824,-0.05976411673717818,341
1750,healthy,healthy,-1,342,0.8156164288520813,-0.08851403487042635,342
1750,healthy,healthy,-1,343,0.7356101274490356,-0.1333523002809487,343
1750,healthy,healthy,-1,344,1.0336676836013794,0.014380938782014432,344
1750,healthy,healthy,-1,345,0.7487409114837646,-0.12566843621051907,345
1750,healthy,healthy,-1,346,0.7682846188545227,-0.11447786134981278,346
1750,healthy,healthy,-1,347,0.8161900043487549,-0.08820872821352041,347
1750,healthy,healthy,-1,348,0.9715328216552734,-0.012542522884074205,348
1750,healthy,healthy,-1,349,0.7410687208175659,-0.13014151713805278,349
1750,healthy,healthy,-1,350,0.6308287978172302,-0.20008848901523582,350
1750,healthy,healthy,-1,351,0.9008052349090576,-0.045369098641140485,351
1750,healthy,healthy,-1,352,0.9425557255744934,-0.025692964099276166,352
1750,healthy,healthy,-1,353,0.7749137878417969,-0.11074661174821523,353
1750,healthy,healthy,-1,354,0.8188487887382507,-0.08679628905721679,354
1750,healthy,healthy,-1,355,1.0018558502197266,0.0008052385395072809,355
1750,healthy,healthy,-1,356,0.7928526997566223,-0.10080749064583595,356
1750,healthy,healthy,-1,357,0.661855161190033,-0.17923704013457548,357
1750,healthy,healthy,-1,358,0.7506597638130188,-0.12455686217050355,358
1750,healthy,healthy,-1,359,0.7476070523262024,-0.12632661048754973,359
1750,healthy,healthy,-1,360,0.8728476166725159,-0.05906156959886358,360
1750,healthy,healthy,-1,361,0.7322285175323486,-0.13535336099701875,361
1750,healthy,healthy,-1,362,0.7272230982780457,-0.13833233537549494,362
1750,healthy,healthy,-1,363,0.8959110379219055,-0.0477351127237848,363
1750,healthy,healthy,-1,364,0.7939819693565369,-0.10018935991279505,364
1750,healthy,healthy,-1,365,0.7118161916732788,-0.14763213732911126,365
1750,healthy,healthy,-1,366,0.7427377104759216,-0.12916452541005818,366
1750,healthy,healthy,-1,367,0.9448726177215576,-0.024626736622493355,367
1750,healthy,healthy,-1,368,0.7504482865333557,-0.12467922966589072,368
1750,healthy,healthy,-1,369,0.6880956292152405,-0.16235120078423004,369
1750,healthy,healthy,-1,370,0.7664040327072144,-0.11554221872872578,370
1750,healthy,healthy,-1,371,0.7243950366973877,-0.140024533982387,371
1750,healthy,healthy,-1,372,0.8949995040893555,-0.04817720532243004,372
1750,healthy,healthy,-1,373,0.6253295540809631,-0.2038910453782316,373
1750,healthy,healthy,-1,374,0.9240299463272095,-0.034313953764834884,374
1750,healthy,healthy,-1,375,0.8842880129814148,-0.05340626204956288,375
1750,healthy,healthy,-1,376,0.7811746001243591,-0.10725188623053077,376
1750,healthy,healthy,-1,377,0.8296763300895691,-0.08109129975815355,377
1750,healthy,healthy,-1,378,0.8157302737236023,-0.08845341967502153,378
1750,healthy,healthy,-1,379,0.6415196061134338,-0.19279006618420538,379
1750,healthy,healthy,-1,380,0.811798095703125,-0.0905519717753172,380
1750,healthy,healthy,-1,381,0.8592923879623413,-0.0658590353861494,381
1750,healthy,healthy,-1,382,0.6935819387435913,-0.15890222465255466,382
1750,healthy,healthy,-1,383,0.9643710255622864,-0.015755846435860903,383
1750,healthy,healthy,-1,384,0.7852269411087036,-0.10500480818802184,384
1750,healthy,healthy,-1,385,0.7407186627388,-0.13034671296637332,385
1750,healthy,healthy,-1,386,0.886171281337738,-0.052482328507346666,386
1750,healthy,healthy,-1,387,0.8075212836265564,-0.092846022260321,387
1750,healthy,healthy,-1,388,0.8794584274291992,-0.0557846851034161,388
1750,healthy,healthy,-1,389,0.7035227417945862,-0.15272185917271588,389
1750,healthy,healthy,-1,390,0.9240797758102417,-0.034290534517305356,390
1750,healthy,healthy,-1,391,0.888171911239624,-0.05150296566642798,391
1750,healthy,healthy,-1,392,0.8325614929199219,-0.07958367968407956,392
1750,healthy,healthy,-1,393,0.6851080656051636,-0.1642409196106756,393
1750,healthy,healthy,-1,394,0.9988024830818176,-0.0005203866376791963,394
1750,healthy,healthy,-1,395,0.8413355350494385,-0.07503076762786998,395
1750,healthy,healthy,-1,396,0.6696139574050903,-0.17417550250458455,396
1750,healthy,healthy,-1,397,0.855466902256012,-0.06779678851404382,397
1750,healthy,healthy,-1,398,0.8141965866088867,-0.08927072266410206,398
1750,healthy,healthy,-1,399,0.658778190612793,-0.18126078693595066,399
1750,healthy,healthy,-1,400,0.7508228421211243,-0.12446252340250596,400
1750,healthy,healthy,-1,401,0.9117637276649475,-0.04011768915566219,401
1750,healthy,healthy,-1,402,0.751010537147522,-0.12435396952989287,402
1750,healthy,healthy,-1,403,0.7785850167274475,-0.10869395820224242,403
1750,ball,7,0,0,5.8589630126953125,0.7678207563394797,404
1750,inner_race,7,0,0,24.394609451293945,1.3872938696093562,404
1750,ball,7,0,1,4.724060535430908,0.6743154541479034,405
1750,inner_race,7,0,1,22.973968505859375,1.3612360213739332,405
1750,ball,7,0,2,5.469595432281494,0.7379552042080979,406
1750,inner_race,7,0,2,23.159521102905273,1.364729574722239,406
1750,ball,7,0,3,5.615294456481934,0.7493725348579003,407
1750,inner_race,7,0,3,24.294727325439453,1.385512029074203,407
1750,ball,7,0,4,5.506818771362305,0.740900784145635,408
1750,inner_race,7,0,4,23.41883087158203,1.3695652101772349,408
1750,ball,7,0,5,5.224724292755127,0.7180633777889696,409
1750,inner_race,7,0,5,25.023277282714844,1.3983441883545993,409
1750,ball,7,0,6,5.970620155334473,0.776019442695841,410
1750,inner_race,7,0,6,22.06308937072754,1.3436663241839546,410
1750,ball,7,0,7,5.638755798339844,0.7511832866915711,411
1750,inner_race,7,0,7,22.547094345092773,1.3530905820809196,411
1750,inner_race,7,0,8,21.727418899536133,1.3370081375369107,412
1750,ball,7,0,8,5.5791192054748535,0.7465656408021717,412
1750,inner_race,7,0,9,22.98227882385254,1.361393089258991,413
1750,ball,7,0,9,5.760497570037842,0.7604599977615669,413
1750,inner_race,7,0,10,23.398176193237305,1.369182006979296,414
1750,ball,7,0,10,5.148633003234863,0.7116919362338487,414
1750,ball,7,0,11,6.716860294342041,0.8271663153930326,415
1750,inner_race,7,0,11,23.13249969482422,1.3642225651100657,415
1750,ball,7,0,12,5.441427230834961,0.7357128256504344,416
1750,inner_race,7,0,12,23.922027587890625,1.3787979868930307,416
1750,ball,7,0,13,5.924598217010498,0.7726589035341558,417
1750,inner_race,7,0,13,22.526424407958984,1.3526922621575541,417
1750,inner_race,7,0,14,23.247493743896484,1.3663761395113216,418
1750,ball,7,0,14,5.856930255889893,0.7676700524960312,418
1750,inner_race,7,0,15,22.636613845825195,1.3548114623546483,419
1750,ball,7,0,15,5.398120880126953,0.7322426054862099,419
1750,inner_race,7,0,16,23.341190338134766,1.3681230001284423,420
1750,ball,7,0,16,5.794483184814453,0.7630147069100726,420
1750,inner_race,7,0,17,23.00788116455078,1.3618766255824335,421
1750,ball,7,0,17,5.523340702056885,0.7422018330950592,421
1750,ball,7,0,18,5.880228042602539,0.7693941688862567,422
1750,inner_race,7,0,18,22.389726638793945,1.3500487912124342,422
1750,inner_race,7,0,19,21.808002471923828,1.3386158877176166,423
1750,ball,7,0,19,6.068652153015137,0.7830922450278707,423
1750,ball,7,0,20,5.545924663543701,0.7439739657774578,424
1750,inner_race,7,0,20,22.643022537231445,1.3549343988247646,424
1750,inner_race,7,0,21,24.5731258392334,1.3904604046845461,425
1750,ball,7,0,21,5.280184745788574,0.7226491181157972,425
1750,inner_race,7,0,22,24.343896865844727,1.3863900994433818,426
1750,ball,7,0,22,5.557819366455078,0.744904427755026,426
1750,inner_race,7,0,23,25.23980712890625,1.4020860319044353,427
1750,ball,7,0,23,6.077879428863525,0.783752080426611,427
1750,ball,7,0,24,6.29642915725708,0.7990943213644661,428
1750,inner_race,7,0,24,24.875268936157227,1.3957677847688261,428
1750,ball,7,0,25,5.792795181274414,0.7628881732056259,429
1750,inner_race,7,0,25,25.14488983154297,1.4004497371668174,429
1750,inner_race,7,0,26,22.69864273071289,1.3559998892554679,430
1750,ball,7,0,26,5.533623695373535,0.7430096223547253,430
1750,ball,7,0,27,5.693173885345459,0.7553544485740188,431
1750,inner_race,7,0,27,21.496564865112305,1.3323690655286735,431
1750,inner_race,7,0,28,23.821090698242188,1.3769616426792326,432
1750,ball,7,0,28,6.162693023681641,0.7897705351748573,432
1750,ball,7,0,29,5.027111053466797,0.7013184792951334,433
1750,inner_race,7,0,29,22.655052185058594,1.3551650668973225,433
1750,inner_race,7,0,30,22.728893280029297,1.3565782894830938,434
1750,ball,7,0,30,6.430648326873779,0.8082547599521905,434
1750,inner_race,7,0,31,21.854692459106445,1.3395446994437092,435
1750,ball,7,0,31,6.023458480834961,0.7798459211348103,435
1750,inner_race,7,0,32,23.009963989257812,1.3619159389955073,436
1750,ball,7,0,32,5.9189934730529785,0.7722478610702422,436
1750,inner_race,7,0,33,23.32794952392578,1.3678765669300523,437
1750,ball,7,0,33,6.257819652557373,0.7964230428261898,437
1750,ball,7,0,34,5.721889019012451,0.7575394300337474,438
1750,inner_race,7,0,34,23.58559226989746,1.3726467865100078,438
1750,inner_race,7,0,35,23.17140007019043,1.3649522756711983,439
1750,ball,7,0,35,5.544375896453857,0.7438526668096604,439
1750,inner_race,7,0,36,23.086816787719727,1.3633640564845242,440
1750,ball,7,0,36,6.458508491516113,0.810132234915568,440
1750,inner_race,7,0,37,23.25450897216797,1.3665071736506171,441
1750,ball,7,0,37,5.920263290405273,0.7723410214235076,441
1750,inner_race,7,0,38,23.039567947387695,1.362474330661558,442
1750,ball,7,0,38,5.785985469818115,0.7623773386818679,442
1750,ball,7,0,39,5.705751895904541,0.7563128832372472,443
1750,inner_race,7,0,39,22.167789459228516,1.3457223880389946,443
1750,ball,7,0,40,7.367124080657959,0.8672979845136679,444
1750,inner_race,7,0,40,24.699642181396484,1.392690661770976,444
1750,ball,7,0,41,5.443858623504639,0.7359068380909842,445
1750,inner_race,7,0,41,22.91158676147461,1.3600551676655699,445
1750,inner_race,7,0,42,23.31202507019043,1.3675800014746242,446
1750,ball,7,0,42,6.082154273986816,0.7840574318376161,446
1750,inner_race,7,0,43,23.89621925354004,1.3783291943703329,447
1750,ball,7,0,43,5.537148475646973,0.7432861690401332,447
1750,ball,7,0,44,5.910792827606201,0.7716457376598,448
1750,inner_race,7,0,44,24.232261657714844,1.3843939498216706,448
1750,ball,7,0,45,6.157794952392578,0.7894252232928916,449
1750,inner_race,7,0,45,25.297012329101562,1.40306923241679,449
1750,inner_race,7,0,46,25.182071685791016,1.4010914559027803,450
1750,ball,7,0,46,5.413855075836182,0.7335066259067716,450
1750,ball,7,0,47,5.930100917816162,0.7730620842036812,451
1750,inner_race,7,0,47,24.553863525390625,1.3901198376297563,451
1750,inner_race,7,0,48,23.597923278808594,1.3728737848244,452
1750,ball,7,0,48,5.8960089683532715,0.7705581354519746,452
1750,inner_race,7,0,49,24.2646427154541,1.3849739009326099,453
1750,ball,7,0,49,5.5767130851745605,0.7463783011652552,453
1750,inner_race,7,0,50,24.993961334228516,1.3978350936316857,454
1750,ball,7,0,50,5.959070682525635,0.7751785367670918,454
1750,ball,7,0,51,5.718816757202148,0.75730618107003,455
1750,inner_race,7,0,51,23.5487060546875,1.3719670486730755,455
1750,ball,7,0,52,5.5006422996521,0.7404134042047769,456
1750,inner_race,7,0,52,23.648427963256836,1.37380227617004,456
1750,ball,7,0,53,6.4032745361328125,0.8064021223101248,457
1750,inner_race,7,0,53,23.588489532470703,1.372700132122755,457
1750,inner_race,7,0,54,22.260292053222656,1.3475308579443757,458
1750,ball,7,0,54,5.592770576477051,0.7476270043070357,458
1750,ball,7,0,55,6.15770959854126,0.7894192034491273,459
1750,inner_race,7,0,55,22.732524871826172,1.3566476749244363,459
1750,inner_race,7,0,56,24.40087890625,1.3874054696690579,460
1750,ball,7,0,56,5.261934280395508,0.7211454196068068,460
1750,inner_race,7,0,57,22.937366485595703,1.3605435536511923,461
1750,ball,7,0,57,5.5694708824157715,0.7458139377657772,461
1750,inner_race,7,0,58,23.08283805847168,1.3632892047158702,462
1750,ball,7,0,58,5.951023578643799,0.7745916709931774,462
1750,inner_race,7,0,59,23.48448944091797,1.3707811229436977,463
1750,ball,7,0,59,5.290987014770508,0.7235366956805288,463
1750,ball,7,0,60,6.210033893585205,0.7930939705077971,464
1750,inner_race,7,0,60,23.78152084350586,1.376239624581347,464
1750,inner_race,7,0,61,23.692228317260742,1.3746059091980416,465
1750,ball,7,0,61,5.709426403045654,0.7565924790855862,465
1750,ball,7,0,62,5.409407615661621,0.7331497081129299,466
1750,inner_race,7,0,62,22.142383575439453,1.3452243698372637,466
1750,ball,7,0,63,5.813138484954834,0.7644106691692415,467
1750,inner_race,7,0,63,24.787574768066406,1.3942340372006385,467
1750,ball,7,0,64,4.949042797088623,0.6945212094100784,468
1750,inner_race,7,0,64,24.610530853271484,1.3911209816085328,468
1750,ball,7,0,65,6.158118724822998,0.7894480575841413,469
1750,inner_race,7,0,65,22.412790298461914,1.3504959277438533,469
1750,inner_race,7,0,66,23.023862838745117,1.3621781893551446,470
1750,ball,7,0,66,5.503109455108643,0.7406081508771134,470
1750,ball,7,0,67,5.843753337860107,0.7666918762788496,471
1750,inner_race,7,0,67,23.583040237426758,1.3725997919900554,471
1750,inner_race,7,0,68,24.078454971313477,1.3816286163498968,472
1750,ball,7,0,68,5.928637504577637,0.7729548970350594,472
1750,inner_race,7,0,69,23.225303649902344,1.365961400711533,473
1750,ball,7,0,69,6.215409278869629,0.7934697318034489,473
1750,inner_race,7,0,70,23.068321228027344,1.3630159903627705,474
1750,ball,7,0,70,6.689334392547607,0.8253829064038726,474
1750,ball,7,0,71,5.6419997215271,0.7514330603838199,475
1750,inner_race,7,0,71,23.028593063354492,1.362267405463732,475
1750,ball,7,0,72,6.183233261108398,0.7912156304712771,476
1750,inner_race,7,0,72,23.26813507080078,1.3667615761996148,476
1750,ball,7,0,73,5.741714000701904,0.7590415561489255,477
1750,inner_race,7,0,73,24.434858322143555,1.3880098252512525,477
1750,inner_race,7,0,74,23.1752986907959,1.3650253401813035,478
1750,ball,7,0,74,5.7611002922058105,0.7605054357147116,478
1750,ball,7,0,75,5.546026706695557,0.7439819565766037,479
1750,inner_race,7,0,75,22.6134090423584,1.3543660385365175,479
1750,inner_race,7,0,76,23.37530517578125,1.3687572895035989,480
1750,ball,7,0,76,5.223939895629883,0.7179981714931958,480
1750,ball,7,0,77,6.096634864807129,0.7850901853535613,481
1750,inner_race,7,0,77,22.70275115966797,1.3560784889580964,481
1750,inner_race,7,0,78,24.14227294921875,1.382778155688162,482
1750,ball,7,0,78,5.483805179595947,0.7390820174286781,482
1750,ball,7,0,79,5.756616115570068,0.7601672691549127,483
1750,inner_race,7,0,79,24.700727462768555,1.392709743883708,483
1750,inner_race,7,0,80,25.31449317932129,1.4033692368136175,484
1750,ball,7,0,80,4.993255138397217,0.6983837575966879,484
1750,inner_race,7,0,81,24.012142181396484,1.3804309062486,485
1750,ball,7,0,81,5.365516662597656,0.7296115479070979,485
1750,inner_race,7,0,82,23.598304748535156,1.3728808053090524,486
1750,ball,7,0,82,6.53882360458374,0.8154996217198199,486
1750,ball,7,0,83,4.809187412261963,0.6820717016995674,487
1750,inner_race,7,0,83,24.52622413635254,1.3896306928061335,487
1750,inner_race,7,0,84,23.159717559814453,1.3647332587271603,488
1750,ball,7,0,84,6.10006046295166,0.785334139698657,488
1750,inner_race,7,0,85,24.41956901550293,1.3877379947505268,489
1750,ball,7,0,85,4.918555736541748,0.6918375971310383,489
1750,inner_race,7,0,86,24.14971923828125,1.3829120860616937,490
1750,ball,7,0,86,5.8110432624816895,0.7642541087182658,490
1750,ball,7,0,87,5.8526811599731445,0.7673548654372672,491
1750,inner_race,7,0,87,23.830842971801758,1.3771394049787182,491
1750,inner_race,7,0,88,22.5616512298584,1.3533708813828083,492
1750,ball,7,0,88,5.255462169647217,0.7206109142560955,492
1750,inner_race,7,0,89,23.273853302001953,1.3668682925800804,493
1750,ball,7,0,89,6.800657272338867,0.832550888582017,493
1750,inner_race,7,0,90,24.672456741333008,1.3922123961894641,494
1750,ball,7,0,90,4.998742580413818,0.6988607725228778,494
1750,inner_race,7,0,91,23.92169189453125,1.3787918924766613,495
1750,ball,7,0,91,6.0217437744140625,0.779722272311664,495
1750,inner_race,7,0,92,24.63974952697754,1.3916362887357154,496
1750,ball,7,0,92,5.278196811676025,0.7224855800165213,496
1750,inner_race,7,0,93,23.833293914794922,1.3771840687904584,497
1750,ball,7,0,93,5.084972381591797,0.7062885984475825,497
1750,inner_race,7,0,94,22.990774154663086,1.3615535952552615,498
1750,ball,7,0,94,6.111072540283203,0.7861174389575504,498
1750,ball,7,0,95,5.242300987243652,0.7195219523882241,499
1750,inner_race,7,0,95,23.53729248046875,1.3717565040290927,499
1750,inner_race,7,0,96,22.818519592285156,1.3582874650709338,500
1750,ball,7,0,96,6.313490390777588,0.8002695238018116,500
1750,inner_race,7,0,97,23.344287872314453,1.3681806301262613,501
1750,ball,7,0,97,5.8409953117370605,0.7664868576542564,501
1750,inner_race,7,0,98,24.334388732910156,1.386220441466795,502
1750,ball,7,0,98,5.212071418762207,0.7170103580309203,502
1750,inner_race,7,0,99,24.21002197265625,1.383995183601131,503
1750,ball,7,0,99,5.7787017822265625,0.761830282686623,503
1750,ball,7,0,100,6.31172513961792,0.800148078137622,504
1750,inner_race,7,0,100,21.56035041809082,1.3336558151142592,504
1750,ball,14,1,101,5.4786696434021,0.7386751138362375,505
1750,inner_race,14,1,101,7.501505374908447,0.8751484247800794,505
1750,ball,14,1,102,3.136634111404419,0.4964638611696168,506
1750,inner_race,14,1,102,6.578094005584717,0.8181000755642388,506
1750,ball,14,1,103,3.6865930557250977,0.5666252006907277,507
1750,inner_race,14,1,103,5.7939252853393555,0.7629728905270372,507
1750,ball,14,1,104,3.2860844135284424,0.5166787154772315,508
1750,inner_race,14,1,104,8.61357593536377,0.9351834867132165,508
1750,ball,14,1,105,4.688859462738037,0.6710672160035017,509
1750,inner_race,14,1,105,7.467647075653076,0.8731837848102197,509
1750,ball,14,1,106,8.783182144165039,0.9436518891719806,510
1750,inner_race,14,1,106,7.122300624847412,0.8526203008401895,510
1750,ball,14,1,107,6.141733169555664,0.7882909443918372,511
1750,inner_race,14,1,107,7.338003635406494,0.8655779225789082,511
1750,ball,14,1,108,3.8243489265441895,0.5825575096395093,512
1750,inner_race,14,1,108,7.954933166503906,0.9006365352660085,512
1750,inner_race,14,1,109,7.891616344451904,0.8971659636128987,513
1750,ball,14,1,109,6.885457515716553,0.8379328029734181,513
1750,inner_race,14,1,110,7.757195472717285,0.8897047353210539,514
1750,ball,14,1,110,3.973206043243408,0.5991410873617764,514
1750,inner_race,14,1,111,7.2583088874816895,0.8608354462666258,515
1750,ball,14,1,111,4.422301292419434,0.645648327835117,515
1750,ball,14,1,112,2.2165701389312744,0.34568147823353784,516
1750,inner_race,14,1,112,6.707386493682861,0.8265533320209363,516
1750,ball,14,1,113,2.3868610858917236,0.37782714402299844,517
1750,inner_race,14,1,113,5.763282775878906,0.7606699287937426,517
1750,ball,14,1,114,3.062865972518921,0.48612799299691495,518
1750,inner_race,14,1,114,6.783929824829102,0.8314813467888819,518
1750,inner_race,14,1,115,9.993078231811523,0.9996992873418973,519
1750,ball,14,1,115,2.3526742458343506,0.37156179839131004,519
1750,inner_race,14,1,116,6.715251922607422,0.8270623098634107,520
1750,ball,14,1,116,3.154599189758301,0.49894418743623037,520
1750,inner_race,14,1,117,6.126031398773193,0.7871792184383942,521
1750,ball,14,1,117,2.8335652351379395,0.45233321554264827,521
1750,inner_race,14,1,118,6.901081562042236,0.8389171602469715,522
1750,ball,14,1,118,3.535446882247925,0.5484443166415486,522
1750,ball,14,1,119,3.2983381748199463,0.5182951813051307,523
1750,inner_race,14,1,119,9.22532844543457,0.9649818371075856,523
1750,inner_race,14,1,120,6.609601974487305,0.8201753073693805,524
1750,ball,14,1,120,2.7575106620788574,0.4405172003408996,524
1750,ball,14,1,121,3.6826651096343994,0.5661622272310722,525
1750,inner_race,14,1,121,6.246523380279541,0.7956383698468827,525
1750,inner_race,14,1,122,6.936772346496582,0.841157441900043,526
1750,ball,14,1,122,3.788827657699585,0.5785048509830081,526
1750,inner_race,14,1,123,6.354413986206055,0.8030755054341691,527
1750,ball,14,1,123,2.7808711528778076,0.4441808670049329,527
1750,inner_race,14,1,124,7.753736972808838,0.8895110645077655,528
1750,ball,14,1,124,3.0171077251434326,0.4795908168372792,528
1750,ball,14,1,125,1.8713366985321045,0.2721519345651897,529
1750,inner_race,14,1,125,8.826360702514648,0.9457816715714938,529
1750,ball,14,1,126,11.471288681030273,1.0596122091499853,530
1750,inner_race,14,1,126,7.824334144592285,0.8934473890768188,530
1750,inner_race,14,1,127,7.494025230407715,0.874715150915292,531
1750,ball,14,1,127,11.232287406921387,1.0504682074676295,531
1750,ball,14,1,128,9.517013549804688,0.9785006876366895,532
1750,inner_race,14,1,128,6.735411643981934,0.8283641433770028,532
1750,inner_race,14,1,129,7.953597068786621,0.9005635857403537,533
1750,ball,14,1,129,8.175156593322754,0.9124960802270803,533
1750,ball,14,1,130,4.924951553344727,0.6924019627080392,534
1750,inner_race,14,1,130,8.505302429199219,0.9296897607466154,534
1750,inner_race,14,1,131,5.629812717437744,0.7504939477578833,535
1750,ball,14,1,131,7.1276960372924805,0.852949170806971,535
1750,inner_race,14,1,132,5.527466773986816,0.7425261406822213,536
1750,ball,14,1,132,5.351278305053711,0.7284575380058558,536
1750,inner_race,14,1,133,7.530914783477783,0.8768477333436414,537
1750,ball,14,1,133,7.637707710266113,0.8829630342091421,537
1750,inner_race,14,1,134,7.156463146209717,0.8546984391248471,538
1750,ball,14,1,134,9.046002388000488,0.9564566980567379,538
1750,ball,14,1,135,4.8316192626953125,0.684092704043274,539
1750,inner_race,14,1,135,5.882734298706055,0.7695792333591134,539
1750,inner_race,14,1,136,4.921307563781738,0.6920805077041142,540
1750,ball,14,1,136,6.740138530731201,0.82866882272432,540
1750,inner_race,14,1,137,6.157908916473389,0.7894332608312994,541
1750,ball,14,1,137,3.9057886600494385,0.5917087401660002,541
1750,inner_race,14,1,138,7.1121110916137695,0.8519985317217238,542
1750,ball,14,1,138,5.097616195678711,0.7073671339238312,542
1750,inner_race,14,1,139,7.160768032073975,0.8549596052971512,543
1750,ball,14,1,139,7.72976541519165,0.8881663140433299,543
1750,ball,14,1,140,6.0851311683654785,0.7842699441245653,544
1750,inner_race,14,1,140,6.723260879516602,0.8275799633053467,544
1750,ball,14,1,141,9.86284065246582,0.9940020165653819,545
1750,inner_race,14,1,141,6.712078094482422,0.826857000830995,545
1750,ball,14,1,142,8.196636199951172,0.9136356597590696,546
1750,inner_race,14,1,142,7.026591777801514,0.8467447231689192,546
1750,inner_race,14,1,143,7.253064155578613,0.8605215189467248,547
1750,ball,14,1,143,4.970717430114746,0.6964190755449665,547
1750,inner_race,14,1,144,7.282993316650391,0.8623099114175152,548
1750,ball,14,1,144,9.61114501953125,0.9827751302327034,548
1750,ball,14,1,145,7.416621208190918,0.8702060986971968,549
1750,inner_race,14,1,145,6.397743225097656,0.8060268055885059,549
1750,ball,14,1,146,5.547006607055664,0.744058683168561,550
1750,inner_race,14,1,146,8.173293113708496,0.9123970740299645,550
1750,inner_race,14,1,147,5.459944248199463,0.7371882081217798,551
1750,ball,14,1,147,10.863387107849121,1.0359652555384555,551
1750,ball,14,1,148,8.780041694641113,0.943496578287602,552
1750,inner_race,14,1,148,6.053011894226074,0.7819715273061875,552
1750,inner_race,14,1,149,10.191298484802246,1.0082295214802026,553
1750,ball,14,1,149,9.13931941986084,0.960913856214807,553
1750,inner_race,14,1,150,7.829700469970703,0.8937451481719814,554
1750,ball,14,1,150,5.175001621246338,0.7139104901865839,554
1750,inner_race,14,1,151,4.89766788482666,0.6899893318957991,555
1750,ball,14,1,151,4.371154308319092,0.6405961380084377,555
1750,ball,14,1,152,2.259705066680908,0.35405175938122013,556
1750,inner_race,14,1,152,6.247603893280029,0.7957134868718069,556
1750,ball,14,1,153,3.985870838165283,0.6005232213135543,557
1750,inner_race,14,1,153,9.701135635375977,0.9868225766691922,557
1750,ball,14,1,154,2.4624691009521484,0.3913707896792249,558
1750,inner_race,14,1,154,6.387686252593994,0.8053435765156889,558
1750,inner_race,14,1,155,5.063076972961426,0.7044145299304504,559
1750,ball,14,1,155,1.8265576362609863,0.261633380744583,559
1750,ball,14,1,156,3.5361862182617188,0.5485351272216986,560
1750,inner_race,14,1,156,5.819314002990723,0.7648717918191082,560
1750,inner_race,14,1,157,9.741842269897461,0.9886410936336456,561
1750,ball,14,1,157,2.4136900901794434,0.3826815073664765,561
1750,inner_race,14,1,158,6.5710129737854,0.8176323246608922,562
1750,ball,14,1,158,2.1266119480133057,0.3276882495587389,562
1750,inner_race,14,1,159,5.964553356170654,0.7755779279371242,563
1750,ball,14,1,159,3.282374382019043,0.5161881144294924,563
1750,inner_race,14,1,160,6.9550909996032715,0.8423028166238256,564
1750,ball,14,1,160,2.4323065280914307,0.3860183054156454,564
1750,ball,14,1,161,2.2559289932250977,0.35332542583620136,565
1750,inner_race,14,1,161,7.723928928375244,0.887838268971099,565
1750,inner_race,14,1,162,6.798449516296387,0.83240987692736,566
1750,ball,14,1,162,2.69169545173645,0.4300259206661866,566
1750,ball,14,1,163,3.6583240032196045,0.5632821665802619,567
1750,inner_race,14,1,163,7.092005252838135,0.8507690485980527,567
1750,ball,14,1,164,4.676939487457275,0.6699617508293072,568
1750,inner_race,14,1,164,8.650718688964844,0.9370521895094307,568
1750,ball,14,1,165,3.890773057937622,0.5900358998965838,569
1750,inner_race,14,1,165,7.149399280548096,0.8542695522761475,569
1750,ball,14,1,166,3.462731122970581,0.5394187703991093,570
1750,inner_race,14,1,166,7.192994594573975,0.8569097339352117,570
1750,inner_race,14,1,167,7.994337558746338,0.9027824822785693,571
1750,ball,14,1,167,5.071082592010498,0.7051006838987524,571
1750,ball,14,1,168,4.076184272766113,0.6102538090038016,572
1750,inner_race,14,1,168,7.279881000518799,0.8621242802415496,572
1750,inner_race,14,1,169,7.4563069343566895,0.8725237771830728,573
1750,ball,14,1,169,5.43191385269165,0.734952873644072,573
1750,inner_race,14,1,170,6.965039253234863,0.8429235683429342,574
1750,ball,14,1,170,3.945258855819702,0.5960755033543093,574
1750,inner_race,14,1,171,8.176705360412598,0.9125783486567902,575
1750,ball,14,1,171,10.162358283996582,1.006994502325872,575
1750,ball,14,1,172,8.417163848876953,0.9251657812534242,576
1750,inner_race,14,1,172,5.672671794891357,0.753787657213397,576
1750,ball,14,1,173,9.517692565917969,0.9785316724020391,577
1750,inner_race,14,1,173,8.206717491149902,0.9141694834846033,577
1750,ball,14,1,174,8.283178329467773,0.9181970114337923,578
1750,inner_race,14,1,174,7.064312934875488,0.8490699293689737,578
1750,inner_race,14,1,175,4.956953048706055,0.6952148053718754,579
1750,ball,14,1,175,8.263411521911621,0.9171593813713677,579
1750,ball,14,1,176,7.416605472564697,0.8702051772664408,580
1750,inner_race,14,1,176,6.349174976348877,0.802717295922305,580
1750,inner_race,14,1,177,7.32553243637085,0.8648391956847556,581
1750,ball,14,1,177,5.1126790046691895,0.7086485267619258,581
1750,ball,14,1,178,5.178571701049805,0.7142099937438168,582
1750,inner_race,14,1,178,6.358967304229736,0.8033865919864265,582
1750,inner_race,14,1,179,5.6148600578308105,0.7493389365780223,583
1750,ball,14,1,179,6.604455471038818,0.8198370163984201,583
1750,ball,14,1,180,8.362237930297852,0.9223225203473036,584
1750,inner_race,14,1,180,6.238669395446777,0.7950919717599617,584
1750,inner_race,14,1,181,7.7875657081604,0.8914017240744283,585
1750,ball,14,1,181,5.546511650085449,0.7440199295331311,585
1750,inner_race,14,1,182,6.979306697845459,0.84381228333168,586
1750,ball,14,1,182,4.922496318817139,0.692185400032502,586
1750,inner_race,14,1,183,6.401679515838623,0.8062939284793524,587
1750,ball,14,1,183,5.253753185272217,0.7204696663198418,587
1750,ball,14,1,184,9.059049606323242,0.9570826378115003,588
1750,inner_race,14,1,184,6.871399879455566,0.8370452229387648,588
1750,inner_race,14,1,185,4.83169412612915,0.6840994331588278,589
1750,ball,14,1,185,6.083894729614258,0.7841816907946412,589
1750,inner_race,14,1,186,5.689124584197998,0.7550454443385733,590
1750,ball,14,1,186,8.606243133544922,0.9348136111011017,590
1750,inner_race,14,1,187,8.260871887207031,0.9170258870079958,591
1750,ball,14,1,187,7.6971330642700195,0.8863289944948689,591
1750,ball,14,1,188,5.6821746826171875,0.75451458076506,592
1750,inner_race,14,1,188,7.2522101402282715,0.8604703797339145,592
1750,inner_race,14,1,189,5.187800407409668,0.7149832589255225,593
1750,ball,14,1,189,5.696771621704102,0.7556288093422768,593
1750,inner_race,14,1,190,6.082653045654297,0.7840930450252888,594
1750,ball,14,1,190,6.056209087371826,0.7822008605349979,594
1750,inner_race,14,1,191,10.112159729003906,1.004843920993405,595
1750,ball,14,1,191,5.218042850494385,0.7175076411990134,595
1750,inner_race,14,1,192,7.323297500610352,0.8647066772133284,596
1750,ball,14,1,192,4.812160015106201,0.6823400601728407,596
1750,inner_race,14,1,193,5.435288906097412,0.7352226334249307,597
1750,ball,14,1,193,2.883070230484009,0.45985522176391735,597
1750,inner_race,14,1,194,6.287522792816162,0.7984795724220505,598
1750,ball,14,1,194,4.914371013641357,0.6914679407266269,598
1750,inner_race,14,1,195,10.132148742675781,1.0057015567254146,599
1750,ball,14,1,195,4.593145370483398,0.6621101908130224,599
1750,ball,14,1,196,6.384864330291748,0.8051516735286992,600
1750,inner_race,14,1,196,7.598699569702148,0.8807392741193928,600
1750,inner_race,14,1,197,5.3211774826049805,0.7260077446286322,601
1750,ball,14,1,197,4.4855756759643555,0.6518181880380258,601
1750,inner_race,14,1,198,6.944642543792725,0.8416498965454011,602
1750,ball,14,1,198,5.003578186035156,0.6992806904700533,602
1750,inner_race,14,1,199,8.24072551727295,0.9159654488667162,603
1750,ball,14,1,199,8.928803443908691,0.9507932626370279,603
1750,inner_race,14,1,200,7.820317268371582,0.8932243726388777,604
1750,ball,14,1,200,6.773455619812012,0.8308102896200975,604
1750,ball,14,1,201,5.596070766448975,0.7478831978290769,605
1750,inner_race,14,1,201,6.581905841827393,0.8183516651556682,605
1750,ball,21,2,202,2.809189796447754,0.4485810823006766,606
1750,inner_race,21,2,202,72.57402801513672,1.860781228031243,606
1750,ball,21,2,203,3.0880794525146484,0.48968846567431557,607
1750,inner_race,21,2,203,61.5854377746582,1.789478032915094,607
1750,ball,21,2,204,2.905540704727173,0.4632269639993904,608
1750,inner_race,21,2,204,69.2168197631836,1.8402116413171177,608
1750,ball,21,2,205,3.2951154708862305,0.5178706381986248,609
1750,inner_race,21,2,205,52.5900764465332,1.7209038021175722,609
1750,ball,21,2,206,2.581855058670044,0.4119318579975409,610
1750,inner_race,21,2,206,60.71181106567383,1.7832731883019886,610
1750,ball,21,2,207,2.9058780670166016,0.46327738699818655,611
1750,inner_race,21,2,207,75.50613403320312,1.8779822346564699,611
1750,ball,21,2,208,2.9457356929779053,0.4691937770515127,612
1750,inner_race,21,2,208,57.64077377319336,1.760729802176174,612
1750,ball,21,2,209,3.085115909576416,0.48927148536886983,613
1750,inner_race,21,2,209,64.18667602539062,1.8074448858695256,613
1750,inner_race,21,2,210,56.91942596435547,1.7552605115498092,614
1750,ball,21,2,210,3.2306230068206787,0.5092862815676229,614
1750,inner_race,21,2,211,55.01738357543945,1.740499933095329,615
1750,ball,21,2,211,2.840949773788452,0.45346355573654346,615
1750,inner_race,21,2,212,61.273067474365234,1.7872696226829157,616
1750,ball,21,2,212,3.0512869358062744,0.4844830495886243,616
1750,ball,21,2,213,3.136089324951172,0.4963884241593752,617
1750,inner_race,21,2,213,61.5634765625,1.7893231369761626,617
1750,ball,21,2,214,3.1815192699432373,0.5026345580310424,618
1750,inner_race,21,2,214,70.23314666748047,1.846542126620888,618
1750,ball,21,2,215,3.2394983768463135,0.5104777666777444,619
1750,inner_race,21,2,215,53.24784469604492,1.726302033602641,619
1750,inner_race,21,2,216,55.19716262817383,1.7419167536966214,620
1750,ball,21,2,216,2.7196366786956787,0.4345108897045001,620
1750,inner_race,21,2,217,54.47426223754883,1.7361913571682948,621
1750,ball,21,2,217,3.1940884590148926,0.5043469395826965,621
1750,inner_race,21,2,218,61.98843765258789,1.7923106905956376,622
1750,ball,21,2,218,3.491281747817993,0.5429848979649088,622
1750,inner_race,21,2,219,62.898704528808594,1.798641700742825,623
1750,ball,21,2,219,3.249579668045044,0.5118271887775374,623
1750,ball,21,2,220,2.691244602203369,0.4299531717732465,624
1750,inner_race,21,2,220,56.92005157470703,1.7552652849224457,624
1750,inner_race,21,2,221,59.506446838378906,1.7745640190842424,625
1750,ball,21,2,221,2.8144218921661377,0.4493892003147691,625
1750,ball,21,2,222,2.9291248321533203,0.4667378806471508,626
1750,inner_race,21,2,222,55.989479064941406,1.7481064267685351,626
1750,inner_race,21,2,223,58.297584533691406,1.7656505608409858,627
1750,ball,21,2,223,2.5615146160125732,0.4084968383054687,627
1750,inner_race,21,2,224,52.43842315673828,1.719649623814698,628
1750,ball,21,2,224,3.2456257343292236,0.5112984381991257,628
1750,inner_race,21,2,225,59.59403610229492,1.7752027997157116,629
1750,ball,21,2,225,2.6752071380615234,0.4273574145569918,629
1750,ball,21,2,226,3.2017929553985596,0.5053932447490697,630
1750,inner_race,21,2,226,61.64773941040039,1.7899171558775886,630
1750,ball,21,2,227,3.176581859588623,0.5019600514576978,631
1750,inner_race,21,2,227,55.75395965576172,1.7462757164839822,631
1750,inner_race,21,2,228,61.71729278564453,1.7904068675848557,632
1750,ball,21,2,228,2.8524348735809326,0.45521573744877514,632
1750,ball,21,2,229,3.4199323654174805,0.5340175172794028,633
1750,inner_race,21,2,229,56.52070236206055,1.752207550028466,633
1750,inner_race,21,2,230,61.16475296020508,1.7865012259912045,634
1750,ball,21,2,230,3.5009257793426514,0.5441829036917368,634
1750,ball,21,2,231,2.898298740386963,0.46214314808299806,635
1750,inner_race,21,2,231,66.3633041381836,1.8219280008191316,635
1750,inner_race,21,2,232,51.560176849365234,1.7123143982967985,636
1750,ball,21,2,232,3.141130208969116,0.49708593953913016,636
1750,inner_race,21,2,233,50.70587158203125,1.705058252193883,637
1750,ball,21,2,233,2.916454315185547,0.46485517781104707,637
1750,inner_race,21,2,234,49.82151412963867,1.6974169220795443,638
1750,ball,21,2,234,3.210606336593628,0.5065870585014015,638
1750,inner_race,21,2,235,58.047218322753906,1.7637814127735796,639
1750,ball,21,2,235,3.0163683891296387,0.4794843808303774,639
1750,ball,21,2,236,3.2087278366088867,0.5063328819220543,640
1750,inner_race,21,2,236,55.22917938232422,1.7421685903470516,640
1750,inner_race,21,2,237,50.58919143676758,1.7040577381680784,641
1750,ball,21,2,237,2.9184250831604004,0.46514854932079236,641
1750,inner_race,21,2,238,52.20667266845703,1.717726014839204,642
1750,ball,21,2,238,3.128298282623291,0.49530815625520835,642
1750,inner_race,21,2,239,59.84567642211914,1.7770327800750616,643
1750,ball,21,2,239,2.726942539215088,0.435675986799448,643
1750,inner_race,21,2,240,57.21533203125,1.7575124225750443,644
1750,ball,21,2,240,2.9434099197387695,0.4688507491819875,644
1750,ball,21,2,241,3.1430530548095703,0.49735171198053385,645
1750,inner_race,21,2,241,60.966758728027344,1.7850931065529942,645
1750,ball,21,2,242,2.9857234954833984,0.4750495857245558,646
1750,inner_race,21,2,242,71.82213592529297,1.8562583165067774,646
1750,ball,21,2,243,3.032331705093384,0.4817767067925333,647
1750,inner_race,21,2,243,66.36677551269531,1.821950717580839,647
1750,inner_race,21,2,244,56.2548828125,1.7501602243210221,648
1750,ball,21,2,244,2.6903316974639893,0.42980582851449034,648
1750,inner_race,21,2,245,64.24958038330078,1.807870295617152,649
1750,ball,21,2,245,3.141376495361328,0.4971199899034813,649
1750,ball,21,2,246,2.9475090503692627,0.4694551472766757,650
1750,inner_race,21,2,246,61.852352142333984,1.7913562197777935,650
1750,ball,21,2,247,2.949448347091675,0.4697407948874392,651
1750,inner_race,21,2,247,63.95286560058594,1.8058600091217765,651
1750,inner_race,21,2,248,69.56012725830078,1.8423603678609688,652
1750,ball,21,2,248,3.5689473152160645,0.5525401369498254,652
1750,ball,21,2,249,3.231456995010376,0.5093983806040527,653
1750,inner_race,21,2,249,51.443626403808594,1.71133157561701,653
1750,inner_race,21,2,250,58.83774185180664,1.7696559964803948,654
1750,ball,21,2,250,3.4156994819641113,0.5334796538595016,654
1750,inner_race,21,2,251,63.12156295776367,1.8001777439328028,655
1750,ball,21,2,251,2.941211700439453,0.46852628497078364,655
1750,inner_race,21,2,252,62.72170639038086,1.7974178651394803,656
1750,ball,21,2,252,2.8395798206329346,0.45325408121570787,656
1750,ball,21,2,253,2.932403564453125,0.4672237387365798,657
1750,inner_race,21,2,253,57.088130950927734,1.756545824562366,657
1750,ball,21,2,254,2.949842929840088,0.46979889173416234,658
1750,inner_race,21,2,254,66.31158447265625,1.8215894052232755,658
1750,ball,21,2,255,3.075564384460449,0.4879248230597218,659
1750,inner_race,21,2,255,80.59957885742188,1.9063327725696613,659
1750,inner_race,21,2,256,59.83708190917969,1.7769704060188032,660
1750,ball,21,2,256,3.1946730613708496,0.5044264196438001,660
1750,ball,21,2,257,3.0562164783477783,0.4851841129999085,661
1750,inner_race,21,2,257,64.33991241455078,1.8084804653644717,661
1750,inner_race,21,2,258,68.93521118164062,1.8384411103799454,662
1750,ball,21,2,258,3.3189585208892822,0.5210018247914103,662
1750,inner_race,21,2,259,60.22868347167969,1.7798033701067626,663
1750,ball,21,2,259,2.976883888244629,0.47376189555432907,663
1750,inner_race,21,2,260,75.9186782836914,1.8803486385776118,664
1750,ball,21,2,260,2.9763214588165283,0.4736798355602348,664
1750,inner_race,21,2,261,54.85093688964844,1.739184050006072,665
1750,ball,21,2,261,2.8981738090515137,0.46212442739066384,665
1750,ball,21,2,262,2.751027822494507,0.4394949826451308,666
1750,inner_race,21,2,262,63.1479377746582,1.8003591723464523,666
1750,inner_race,21,2,263,90.3490219116211,1.9559234553951796,667
1750,ball,21,2,263,3.4213387966156006,0.534196082140423,667
1750,ball,21,2,264,3.065260410308838,0.4864673760668383,668
1750,inner_race,21,2,264,76.6756362915039,1.8846573886550766,668
1750,ball,21,2,265,3.421062469482422,0.534161004586641,669
1750,inner_race,21,2,265,62.477149963378906,1.7957212099952229,669
1750,ball,21,2,266,2.8826184272766113,0.45978715855345714,670
1750,inner_race,21,2,266,64.0600814819336,1.806587486733854,670
1750,ball,21,2,267,3.239811420440674,0.5105197319826873,671
1750,inner_race,21,2,267,79.32331085205078,1.8994008327996281,671
1750,inner_race,21,2,268,70.67403411865234,1.8492598818264898,672
1750,ball,21,2,268,3.5357160568237305,0.5484773808019999,672
1750,ball,21,2,269,3.3522610664367676,0.5253378331378055,673
1750,inner_race,21,2,269,67.97346496582031,1.8323394087655882,673
1750,inner_race,21,2,270,66.6452865600586,1.8237694396712183,674
1750,ball,21,2,270,3.3022680282592773,0.5188123198262126,674
1750,inner_race,21,2,271,57.118873596191406,1.7567796344161932,675
1750,ball,21,2,271,3.3303139209747314,0.522485172761976,675
1750,inner_race,21,2,272,66.66987609863281,1.823929648019968,676
1750,ball,21,2,272,2.8465609550476074,0.4543204880447676,676
1750,ball,21,2,273,2.627094030380249,0.41947561756887836,677
1750,inner_race,21,2,273,66.29820251464844,1.8215017539168128,677
1750,ball,21,2,274,2.957199811935425,0.47088066990630967,678
1750,inner_race,21,2,274,64.196533203125,1.8075115755547473,678
1750,ball,21,2,275,4.082812309265137,0.6109594154547036,679
1750,inner_race,21,2,275,60.71467590332031,1.7832936810826447,679
1750,inner_race,21,2,276,67.60099029541016,1.8299530580227295,680
1750,ball,21,2,276,2.711873769760132,0.43326947045590714,680
1750,ball,21,2,277,2.626868486404419,0.41943833047218637,681
1750,inner_race,21,2,277,58.061824798583984,1.7638906809531458,681
1750,inner_race,21,2,278,56.777565002441406,1.7541767631690697,682
1750,ball,21,2,278,3.132399559020996,0.4958771541554811,682
1750,ball,21,2,279,2.515155792236328,0.4005648910273535,683
1750,inner_race,21,2,279,79.31183624267578,1.8993380048622697,683
1750,inner_race,21,2,280,62.1696662902832,1.7935785362007515,684
1750,ball,21,2,280,3.587068796157837,0.5547397060613055,684
1750,ball,21,2,281,3.533529758453369,0.548208753179443,685
1750,inner_race,21,2,281,53.97064208984375,1.7321575849063708,685
1750,inner_race,21,2,282,69.46949768066406,1.8417941585935944,686
1750,ball,21,2,282,2.9948530197143555,0.47637551310484344,686
1750,inner_race,21,2,283,61.765079498291016,1.7907430047397037,687
1750,ball,21,2,283,2.9678869247436523,0.4724473504832172,687
1750,inner_race,21,2,284,64.02568817138672,1.8063542551206262,688
1750,ball,21,2,284,3.148472785949707,0.4980999437988087,688
1750,ball,21,2,285,3.0328528881073,0.48185134488609316,689
1750,inner_race,21,2,285,64.2153549194336,1.8076388872501177,689
1750,inner_race,21,2,286,57.56121063232422,1.7601299194794555,690
1750,ball,21,2,286,3.387369394302368,0.5298625592544871,690
1750,inner_race,21,2,287,56.5400276184082,1.7523560162956895,691
1750,ball,21,2,287,2.861409902572632,0.4565800757968946,691
1750,inner_race,21,2,288,63.46001434326172,1.8025001659238438,692
1750,ball,21,2,288,3.0533957481384277,0.4847830965011564,692
1750,ball,21,2,289,3.1503121852874756,0.49835359303711896,693
1750,inner_race,21,2,289,61.823055267333984,1.7911504638938391,693
1750,inner_race,21,2,290,66.89932250976562,1.8254217196847116,694
1750,ball,21,2,290,2.9763729572296143,0.4736873499646599,694
1750,inner_race,21,2,291,64.27456665039062,1.8080391572405532,695
1750,ball,21,2,291,3.0192794799804688,0.47990331540651143,695
1750,inner_race,21,2,292,70.13677978515625,1.8459458220866571,696
1750,ball,21,2,292,3.1944377422332764,0.5043944283992836,696
1750,inner_race,21,2,293,57.350669860839844,1.7585384948644427,697
1750,ball,21,2,293,3.1650443077087402,0.5003797941191628,697
1750,inner_race,21,2,294,59.10206985473633,1.7716026908770113,698
1750,ball,21,2,294,4.763735771179199,0.6779476645862931,698
1750,inner_race,21,2,295,55.97506332397461,1.7479945935639252,699
1750,ball,21,2,295,3.732846975326538,0.5720401867831358,699
1750,inner_race,21,2,296,62.67380905151367,1.7970860901010155,700
1750,ball,21,2,296,3.6343441009521484,0.5604260440699634,700
1750,ball,21,2,297,3.165858745574951,0.5004915335882788,701
1750,inner_race,21,2,297,59.05276107788086,1.7712402083484193,701
1750,inner_race,21,2,298,59.499290466308594,1.7745117867637725,702
1750,ball,21,2,298,2.666160821914673,0.42588634236350575,702
1750,inner_race,21,2,299,63.38324737548828,1.8019744860553946,703
1750,ball,21,2,299,2.8286123275756836,0.4515734297717265,703
1750,inner_race,21,2,300,69.09988403320312,1.8394773185206206,704
1750,ball,21,2,300,3.4213497638702393,0.5341974742885909,704
1750,inner_race,21,2,301,76.18010711669922,1.8818415789859761,705
1750,ball,21,2,301,3.114978790283203,0.4934550939183579,705
1750,ball,21,2,302,3.2442872524261475,0.5111193001077333,706
1750,inner_race,21,2,302,67.58427429199219,1.8298456547772195,706
1750,ball,28,3,303,1065.630859375,3.0276067886488818,707
1750,inner_race,28,3,303,190.08140563964844,2.2789396348924593,707
1750,inner_race,28,3,304,183.41619873046875,2.2634376885237084,708
1750,ball,28,3,304,1129.1966552734375,3.052769583078813,708
1750,inner_race,28,3,305,168.78433227539062,2.2273321299546365,709
1750,ball,28,3,305,1856.2403564453125,3.2686342104169963,709
1750,inner_race,28,3,306,193.41726684570312,2.286495242037966,710
1750,ball,28,3,306,963.7227172851562,2.983952096480312,710
1750,inner_race,28,3,307,193.56854248046875,2.2868347799496322,711
1750,ball,28,3,307,1143.903564453125,3.058389413275885,711
1750,inner_race,28,3,308,216.7758026123047,2.33601080287351,712
1750,ball,28,3,308,1145.3966064453125,3.0589558920615274,712
1750,inner_race,28,3,309,210.00328063964844,2.3222260792699556,713
1750,ball,28,3,309,1359.3453369140625,3.1333298017390283,713
1750,inner_race,28,3,310,192.73963928222656,2.2849710418540274,714
1750,ball,28,3,310,1116.43505859375,3.047833465862764,714
1750,inner_race,28,3,311,186.66526794433594,2.271063518038328,715
1750,ball,28,3,311,1418.1822509765625,3.1517320457323743,715
1750,inner_race,28,3,312,190.5419921875,2.2799907016158816,716
1750,ball,28,3,312,794.30078125,2.899984989708395,716
1750,inner_race,28,3,313,196.80503845214844,2.294036212712981,717
1750,ball,28,3,313,1072.82666015625,3.030529557363007,717
1750,inner_race,28,3,314,179.61007690429688,2.2543306988188276,718
1750,ball,28,3,314,1596.77197265625,3.203242901055296,718
1750,inner_race,28,3,315,180.62588500976562,2.256779988011577,719
1750,ball,28,3,315,1384.7691650390625,3.141377384443826,719
1750,inner_race,28,3,316,183.81512451171875,2.2643812427505394,720
1750,ball,28,3,316,1263.5640869140625,3.1015972738675717,720
1750,inner_race,28,3,317,165.5266571044922,2.218867944342115,721
1750,ball,28,3,317,1259.8797607421875,3.1003290992938144,721
1750,inner_race,28,3,318,171.02008056640625,2.2330471066914312,722
1750,ball,28,3,318,1134.6173095703125,3.0548494048179022,722
1750,ball,28,3,319,1196.139404296875,3.077781797535987,723
1750,inner_race,28,3,319,166.6123046875,2.2217070718639866,723
1750,inner_race,28,3,320,184.44017028808594,2.2658555145186448,724
1750,ball,28,3,320,934.9195556640625,2.9707742439910243,724
1750,ball,28,3,321,1351.26904296875,3.1307418273668963,725
1750,inner_race,28,3,321,209.7919158935547,2.3217887491079514,725
1750,ball,28,3,322,896.770751953125,2.9526814353669084,726
1750,inner_race,28,3,322,194.0503387451172,2.2879144052054166,726
1750,ball,28,3,323,1058.14990234375,3.0245471961955666,727
1750,inner_race,28,3,323,192.90943908691406,2.285353478255956,727
1750,ball,28,3,324,1154.6326904296875,3.06244384925844,728
1750,inner_race,28,3,324,194.6891632080078,2.28934177848488,728
1750,inner_race,28,3,325,192.77487182617188,2.2850504230395368,729
1750,ball,28,3,325,1311.2744140625,3.117693587221762,729
1750,ball,28,3,326,1204.9923095703125,3.0809842751915224,730
1750,inner_race,28,3,326,175.83889770507812,2.2451149525924814,730
1750,ball,28,3,327,1033.39453125,3.01426615891834,731
1750,inner_race,28,3,327,178.364501953125,2.251308425489216,731
1750,ball,28,3,328,1027.055419921875,3.0115938787646357,732
1750,inner_race,28,3,328,183.4549102783203,2.2635293403941743,732
1750,inner_race,28,3,329,183.26242065429688,2.2630734187228314,733
1750,ball,28,3,329,1535.01806640625,3.1861134912753353,733
1750,ball,28,3,330,1182.5230712890625,3.0728096226747845,734
1750,inner_race,28,3,330,188.54779052734375,2.2754214475482963,734
1750,ball,28,3,331,1078.5283203125,3.0328315534199852,735
1750,inner_race,28,3,331,169.34609985351562,2.2287751990225657,735
1750,ball,28,3,332,1506.853515625,3.1780710356936397,736
1750,inner_race,28,3,332,165.3977813720703,2.2185296796764455,736
1750,inner_race,28,3,333,171.8444061279297,2.2351353995671466,737
1750,ball,28,3,333,987.3331298828125,2.994463709974527,737
1750,inner_race,28,3,334,187.77366638183594,2.273634686189104,738
1750,ball,28,3,334,1089.271484375,3.037136134550865,738
1750,ball,28,3,335,1335.940673828125,3.1257871725099213,739
1750,inner_race,28,3,335,173.2899932861328,2.238773484894592,739
1750,ball,28,3,336,1111.303466796875,3.0458326691649993,740
1750,inner_race,28,3,336,181.50059509277344,2.2588780533119883,740
1750,inner_race,28,3,337,169.98870849609375,2.230420074315309,741
1750,ball,28,3,337,1492.40771484375,3.17388748541396,741
1750,ball,28,3,338,1067.2169189453125,3.0282527016421374,742
1750,inner_race,28,3,338,157.76187133789062,2.1980020491368135,742
1750,ball,28,3,339,1202.16162109375,3.079962859039967,743
1750,inner_race,28,3,339,166.86279296875,2.2223595085799666,743
1750,inner_race,28,3,340,190.78512573242188,2.2805445125895667,744
1750,ball,28,3,340,1080.6934814453125,3.0337025318871467,744
1750,ball,28,3,341,1389.0889892578125,3.142730068851835,745
1750,inner_race,28,3,341,172.69659423828125,2.2372837728997936,745
1750,ball,28,3,342,1525.3172607421875,3.1833601848364457,746
1750,inner_race,28,3,342,173.99720764160156,2.2405422786528595,746
1750,ball,28,3,343,948.0215454101562,2.9768182075347043,747
1750,inner_race,28,3,343,221.625,2.3456187486089743,747
1750,ball,28,3,344,822.2240600585938,2.914990181028371,748
1750,inner_race,28,3,344,173.40200805664062,2.2390541224531604,748
1750,ball,28,3,345,1341.9613037109375,3.1277399928619545,749
1750,inner_race,28,3,345,166.02638244628906,2.2201771051511785,749
1750,ball,28,3,346,1117.635986328125,3.048300377011025,750
1750,inner_race,28,3,346,194.6652069091797,2.2892883357129503,750
1750,ball,28,3,347,1434.2491455078125,3.1566245998120332,751
1750,inner_race,28,3,347,189.92555236816406,2.2785833981543626,751
1750,ball,28,3,348,1399.214111328125,3.145884176431336,752
1750,inner_race,28,3,348,191.2555694580078,2.281614090882709,752
1750,ball,28,3,349,848.913330078125,2.9288633531530266,753
1750,inner_race,28,3,349,187.80233764648438,2.27370099379085,753
1750,ball,28,3,350,1374.336181640625,3.138092980156538,754
1750,inner_race,28,3,350,178.7764434814453,2.2523102933189514,754
1750,ball,28,3,351,1282.947509765625,3.108208888108774,755
1750,inner_race,28,3,351,178.15411376953125,2.250795855128123,755
1750,inner_race,28,3,352,196.2070770263672,2.2927146679678305,756
1750,ball,28,3,352,1355.978271484375,3.1322527303495975,756
1750,inner_race,28,3,353,164.71693420410156,2.216738250373986,757
1750,ball,28,3,353,1495.796142578125,3.1748724089120226,757
1750,ball,28,3,354,1114.33056640625,3.0470140435037862,758
1750,inner_race,28,3,354,166.62783813476562,2.221747559725864,758
1750,ball,28,3,355,728.0101928710938,2.862137459912874,759
1750,inner_race,28,3,355,179.41903686523438,2.2538685210207845,759
1750,ball,28,3,356,1186.7310791015625,3.0743523161794934,760
1750,inner_race,28,3,356,178.80889892578125,2.2523891288793054,760
1750,ball,28,3,357,1189.40966796875,3.0753314642863585,761
1750,inner_race,28,3,357,182.68560791015625,2.2617043347011903,761
1750,ball,28,3,358,1470.859619140625,3.167571225044411,762
1750,inner_race,28,3,358,179.5873565673828,2.2542757579086627,762
1750,inner_race,28,3,359,183.93031311035156,2.264653310160669,763
1750,ball,28,3,359,1410.4359130859375,3.149353357612651,763
1750,ball,28,3,360,1054.650146484375,3.023108417311854,764
1750,inner_race,28,3,360,183.19049072265625,2.2629029260247164,764
1750,inner_race,28,3,361,187.06297302246094,2.27198783237757,765
1750,ball,28,3,361,1330.196533203125,3.1239158116287027,765
1750,inner_race,28,3,362,179.08641052246094,2.2530626318622993,766
1750,ball,28,3,362,1182.2393798828125,3.0727054214153067,766
1750,ball,28,3,363,979.2077026367188,2.9908748210591107,767
1750,inner_race,28,3,363,175.7382049560547,2.2448661860708095,767
1750,ball,28,3,364,1307.3399658203125,3.1163885379103102,768
1750,inner_race,28,3,364,171.92416381835938,2.2353369207560667,768
1750,inner_race,28,3,365,170.00035095214844,2.230449817945475,769
1750,ball,28,3,365,1371.8033447265625,3.1372918574191866,769
1750,inner_race,28,3,366,174.99853515625,2.2430344133936084,770
1750,ball,28,3,366,961.0087280273438,2.9827273320149557,770
1750,inner_race,28,3,367,179.14332580566406,2.253200632654151,771
1750,ball,28,3,367,991.4495849609375,2.996270635303865,771
1750,inner_race,28,3,368,180.35984802246094,2.2561398606829117,772
1750,ball,28,3,368,1366.874755859375,3.135728722811389,772
1750,ball,28,3,369,1323.81640625,3.121827759060458,773
1750,inner_race,28,3,369,195.22422790527344,2.2905337139076853,773
1750,inner_race,28,3,370,186.14779663085938,2.2698578999864676,774
1750,ball,28,3,370,1070.0894775390625,3.029420093551345,774
1750,inner_race,28,3,371,185.78448486328125,2.2690094425983602,775
1750,ball,28,3,371,1176.234130859375,3.0704937771990144,775
1750,inner_race,28,3,372,200.3984375,2.301894331028674,776
1750,ball,28,3,372,1168.9222412109375,3.0677856220803927,776
1750,inner_race,28,3,373,202.99595642089844,2.3074873870679853,777
1750,ball,28,3,373,927.6679077148438,2.967392532620505,777
1750,inner_race,28,3,374,211.90940856933594,2.326150239386749,778
1750,ball,28,3,374,1224.3514404296875,3.087906096512002,778
1750,inner_race,28,3,375,181.86988830566406,2.2597608000793117,779
1750,ball,28,3,375,1446.72314453125,3.1603854293178464,779
1750,ball,28,3,376,1245.33203125,3.0952851587528185,780
1750,inner_race,28,3,376,186.3951873779297,2.2704346949160796,780
1750,ball,28,3,377,858.737060546875,2.9338602061660892,781
1750,inner_race,28,3,377,190.4324188232422,2.279740883741517,781
1750,ball,28,3,378,1262.4312744140625,3.1012077448460267,782
1750,inner_race,28,3,378,164.2769317626953,2.215576582841376,782
1750,ball,28,3,379,1193.048583984375,3.0766581296105757,783
1750,inner_race,28,3,379,187.97132873535156,2.2740916113827647,783
1750,inner_race,28,3,380,191.73158264160156,2.282693657151531,784
1750,ball,28,3,380,1646.3599853515625,3.2165248020538066,784
1750,ball,28,3,381,889.5130004882812,2.9491522998050628,785
1750,inner_race,28,3,381,195.17088317871094,2.2904150273777,785
1750,inner_race,28,3,382,186.9510040283203,2.2717278018934923,786
1750,ball,28,3,382,1342.04150390625,3.1277659470093817,786
1750,ball,28,3,383,1083.9073486328125,3.0349921607104737,787
1750,inner_race,28,3,383,186.92547607421875,2.2716684954101596,787
1750,inner_race,28,3,384,178.8815155029297,2.2525654656102403,788
1750,ball,28,3,384,1206.4454345703125,3.08150768430456,788
1750,ball,28,3,385,1229.14892578125,3.089604505934969,789
1750,inner_race,28,3,385,173.92367553710938,2.2403587048046476,789
1750,ball,28,3,386,1432.568359375,3.1561153548216323,790
1750,inner_race,28,3,386,192.11502075195312,2.283561322043679,790
1750,inner_race,28,3,387,195.1289825439453,2.2903217800254203,791
1750,ball,28,3,387,872.447509765625,2.940739307373465,791
1750,inner_race,28,3,388,201.9716339111328,2.3052903788480057,792
1750,ball,28,3,388,915.539794921875,2.9616772261247353,792
1750,inner_race,28,3,389,194.1806182861328,2.288205879581002,793
1750,ball,28,3,389,1199.982666015625,3.0791749726241786,793
1750,inner_race,28,3,390,173.528564453125,2.239370974016187,794
1750,ball,28,3,390,1413.668701171875,3.150347642762742,794
1750,inner_race,28,3,391,174.280517578125,2.241248841032995,795
1750,ball,28,3,391,1385.237060546875,3.1415241021206355,795
1750,inner_race,28,3,392,181.73495483398438,2.259438467382318,796
1750,ball,28,3,392,897.6094970703125,2.953087438947081,796
1750,inner_race,28,3,393,172.8963165283203,2.237785740940405,797
1750,ball,28,3,393,1547.8614501953125,3.189732084183728,797
1750,inner_race,28,3,394,172.4370574951172,2.236630603345984,798
1750,ball,28,3,394,1138.0313720703125,3.0561542344045924,798
1750,inner_race,28,3,395,200.76119995117188,2.302679782799096,799
1750,ball,28,3,395,1220.981689453125,3.08670915106274,799
1750,ball,28,3,396,1216.143310546875,3.084984755292338,800
1750,inner_race,28,3,396,164.40625,2.2159183234772533,800
1750,ball,28,3,397,1578.0390625,3.198117749455295,801
1750,inner_race,28,3,397,172.89794921875,2.2377898420404785,801
1750,ball,28,3,398,995.958984375,2.9982414536582476,802
1750,inner_race,28,3,398,190.35411071777344,2.2795622598883374,802
1750,ball,28,3,399,1235.0433349609375,3.09168219630356,803
1750,inner_race,28,3,399,211.66981506347656,2.3256589303574744,803
1750,inner_race,28,3,400,190.48358154296875,2.2798575482395624,804
1750,ball,28,3,400,1063.0577392578125,3.0265568535732084,804
1750,ball,28,3,401,1306.5877685546875,3.116138588283559,805
1750,inner_race,28,3,401,204.33766174316406,2.310348419397098,805
1750,ball,28,3,402,1311.6343994140625,3.1178127981161157,806
1750,inner_race,28,3,402,205.80322265625,2.3134521710623153,806
1750,inner_race,28,3,403,202.41549682617188,2.306243758802431,807
1772,healthy,healthy,-1,0,0.6287235021591187,-0.2015403050908088,0
1772,healthy,healthy,-1,1,0.45568734407424927,-0.34133303302615925,1
1772,healthy,healthy,-1,2,0.5714152455329895,-0.2430481766894949,2
1772,healthy,healthy,-1,3,0.47245362401008606,-0.3256408153557576,3
1772,healthy,healthy,-1,4,0.5667471885681152,-0.2466106255770643,4
1772,healthy,healthy,-1,5,0.49507343769073486,-0.30533037436292787,5
1772,healthy,healthy,-1,6,0.6879533529281616,-0.16244100835271932,6
1772,healthy,healthy,-1,7,0.3953346908092499,-0.4030350744352103,7
1772,healthy,healthy,-1,8,0.489462286233902,-0.3102807655799445,8
1772,healthy,healthy,-1,9,0.5611157417297363,-0.25094754728217494,9
1772,healthy,healthy,-1,10,0.5831210613250732,-0.2342412723294696,10
1772,healthy,healthy,-1,11,0.5210049152374268,-0.2831581794827744,11
1772,healthy,healthy,-1,12,0.7368411421775818,-0.13262613291726724,12
1772,healthy,healthy,-1,13,0.4540219008922577,-0.3429231973471945,13
1772,healthy,healthy,-1,14,0.6727641820907593,-0.1721371383968513,14
1772,healthy,healthy,-1,15,0.459376722574234,-0.3378310150480142,15
1772,healthy,healthy,-1,16,0.5813626050949097,-0.2355529067300825,16
1772,healthy,healthy,-1,17,0.5021710991859436,-0.29914828530139087,17
1772,healthy,healthy,-1,18,0.5785531401634216,-0.23765674488884586,18
1772,healthy,healthy,-1,19,0.529164731502533,-0.27640910897481435,19
1772,healthy,healthy,-1,20,0.5870083570480347,-0.23135571579836356,20
1772,healthy,healthy,-1,21,0.531279981136322,-0.2746765481893136,21
1772,healthy,healthy,-1,22,0.5688737034797668,-0.24498414128511045,22
1772,healthy,healthy,-1,23,0.6048457622528076,-0.21835535781436227,23
1772,healthy,healthy,-1,24,0.5371090173721313,-0.26993755631546323,24
1772,healthy,healthy,-1,25,0.5244325995445251,-0.28031031972364817,25
1772,healthy,healthy,-1,26,0.5188242197036743,-0.2849797584203711,26
1772,healthy,healthy,-1,27,0.5154815912246704,-0.28778683954108036,27
1772,healthy,healthy,-1,28,0.4494728744029999,-0.3472965127239975,28
1772,healthy,healthy,-1,29,0.5498089790344238,-0.2597881718893113,29
1772,healthy,healthy,-1,30,0.5658556222915649,-0.24729436464326107,30
1772,healthy,healthy,-1,31,0.6719948053359985,-0.1726340841227088,31
1772,healthy,healthy,-1,32,0.5855498313903809,-0.23243613974281227,32
1772,healthy,healthy,-1,33,0.5331317186355591,-0.2731654783855396,33
1772,healthy,healthy,-1,34,0.5808684825897217,-0.23592218731909922,34
1772,healthy,healthy,-1,35,0.5596369504928589,-0.2520936185809082,35
1772,healthy,healthy,-1,36,0.522795557975769,-0.28166811113511925,36
1772,healthy,healthy,-1,37,0.5840657353401184,-0.23353827122855367,37
1772,healthy,healthy,-1,38,0.5206818580627441,-0.28342755403258746,38
1772,healthy,healthy,-1,39,0.6554856896400452,-0.18343678525261994,39
1772,healthy,healthy,-1,40,0.4151351749897003,-0.38181046667756785,40
1772,healthy,healthy,-1,41,0.5300069451332092,-0.27571843943078334,41
1772,healthy,healthy,-1,42,0.5387235283851624,-0.26863405652253713,42
1772,healthy,healthy,-1,43,0.6054127812385559,-0.21794841462691378,43
1772,healthy,healthy,-1,44,0.5928016901016235,-0.22709056683580883,44
1772,healthy,healthy,-1,45,0.5313636660575867,-0.2746081453908875,45
1772,healthy,healthy,-1,46,0.5885144472122192,-0.23024287136339808,46
1772,healthy,healthy,-1,47,0.5828098058700562,-0.23447314976507194,47
1772,healthy,healthy,-1,48,0.5618454217910767,-0.2503831536431269,48
1772,healthy,healthy,-1,49,0.5908801555633545,-0.22850059535465628,49
1772,healthy,healthy,-1,50,0.48758062720298767,-0.31195355831613303,50
1772,healthy,healthy,-1,51,0.5289347767829895,-0.2765978777372523,51
1772,healthy,healthy,-1,52,0.44216451048851013,-0.35441611819677293,52
1772,healthy,healthy,-1,53,0.6205352544784546,-0.20723353988560608,53
1772,healthy,healthy,-1,54,0.5560921430587769,-0.2548532409603648,54
1772,healthy,healthy,-1,55,0.6030531525611877,-0.21964440784874173,55
1772,healthy,healthy,-1,56,0.4963586926460266,-0.3042043679918892,56
1772,healthy,healthy,-1,57,0.7815423011779785,-0.10704751070814296,57
1772,healthy,healthy,-1,58,0.6019507050514221,-0.2204390725307512,58
1772,healthy,healthy,-1,59,0.48174142837524414,-0.31718600400504793,59
1772,healthy,healthy,-1,60,0.6289465427398682,-0.20138626581020674,60
1772,healthy,healthy,-1,61,0.5893663763999939,-0.22961464446247148,61
1772,healthy,healthy,-1,62,0.7753637433052063,-0.11049451084831562,62
1772,healthy,healthy,-1,63,0.5317364931106567,-0.2743035330040034,63
1772,healthy,healthy,-1,64,0.4996871054172516,-0.30130185751836763,64
1772,healthy,healthy,-1,65,0.4031856656074524,-0.3944949166871539,65
1772,healthy,healthy,-1,66,0.659261167049408,-0.1809425050736071,66
1772,healthy,healthy,-1,67,0.6188853979110718,-0.2083897640052918,67
1772,healthy,healthy,-1,68,0.6079640984535217,-0.21612206596391584,68
1772,healthy,healthy,-1,69,0.6885891556739807,-0.16203982111440515,69
1772,healthy,healthy,-1,70,0.639438807964325,-0.1942010096450204,70
1772,healthy,healthy,-1,71,0.5139036178588867,-0.28911832488999706,71
1772,healthy,healthy,-1,72,0.600380539894104,-0.22157339296703185,72
1772,healthy,healthy,-1,73,0.4680840075016022,-0.3296761966688694,73
1772,healthy,healthy,-1,74,0.5473096966743469,-0.26176685740316186,74
1772,healthy,healthy,-1,75,0.5142983198165894,-0.2887848944920069,75
1772,healthy,healthy,-1,76,0.5476478934288025,-0.26149857853965913,76
1772,healthy,healthy,-1,77,0.6708295941352844,-0.173387786426497,77
1772,healthy,healthy,-1,78,0.5910660028457642,-0.22836401984431146,78
1772,healthy,healthy,-1,79,0.6182936429977417,-0.20880521868824237,79
1772,healthy,healthy,-1,80,0.6244543194770813,-0.2044993259442048,80
1772,healthy,healthy,-1,81,0.716998815536499,-0.1444815617748601,81
1772,healthy,healthy,-1,82,0.6145249605178833,-0.21146047242760438,82
1772,healthy,healthy,-1,83,0.6129271388053894,-0.21259114880209054,83
1772,healthy,healthy,-1,84,0.5210780501365662,-0.28309722064506504,84
1772,healthy,healthy,-1,85,0.48976370692253113,-0.31001340064712524,85
1772,healthy,healthy,-1,86,0.4935322105884552,-0.30668449765631023,86
1772,healthy,healthy,-1,87,0.7064481377601624,-0.15091971536010043,87
1772,healthy,healthy,-1,88,0.49539002776145935,-0.30505274004279526,88
1772,healthy,healthy,-1,89,0.6740772724151611,-0.17129031554193827,89
1772,healthy,healthy,-1,90,0.5978884100914001,-0.2233798651818507,90
1772,healthy,healthy,-1,91,0.6888660788536072,-0.16186520025206635,91
1772,healthy,healthy,-1,92,0.5713291764259338,-0.24311359698402274,92
1772,healthy,healthy,-1,93,0.8104822039604187,-0.091256516665732,93
1772,healthy,healthy,-1,94,0.592839241027832,-0.22706305739408836,94
1772,healthy,healthy,-1,95,0.49414169788360596,-0.30614849685604023,95
1772,healthy,healthy,-1,96,0.6403027772903442,-0.19361461443499953,96
1772,healthy,healthy,-1,97,0.6072151064872742,-0.21665743246426528,97
1772,healthy,healthy,-1,98,0.4898179769515991,-0.3099652797510957,98
1772,healthy,healthy,-1,99,0.6350104808807373,-0.1972191065960468,99
1772,healthy,healthy,-1,100,0.6088138818740845,-0.21551545355584803,100
1772,healthy,healthy,-1,101,0.6892542243003845,-0.1616205635105819,101
1772,healthy,healthy,-1,102,0.5066404938697815,-0.2953001016331607,102
1772,healthy,healthy,-1,103,0.6832852363586426,-0.16539796291150408,103
1772,healthy,healthy,-1,104,0.6691116094589233,-0.17450143480416208,104
1772,healthy,healthy,-1,105,0.7665082216262817,-0.11548318250852702,105
1772,healthy,healthy,-1,106,0.5745465159416199,-0.24067480457539836,106
1772,healthy,healthy,-1,107,0.5530247688293457,-0.25725541711299904,107
1772,healthy,healthy,-1,108,0.6547054648399353,-0.18395403399793134,108
1772,healthy,healthy,-1,109,0.573883593082428,-0.24117619124122971,109
1772,healthy,healthy,-1,110,0.8781025409698486,-0.05645476612454664,110
1772,healthy,healthy,-1,111,0.4061228036880493,-0.39134262430498457,111
1772,healthy,healthy,-1,112,0.6522502899169922,-0.18558571918930247,112
1772,healthy,healthy,-1,113,0.5615082383155823,-0.25064386749023365,113
1772,healthy,healthy,-1,114,0.626984179019928,-0.2027434177833696,114
1772,healthy,healthy,-1,115,0.5721434354782104,-0.2424950805992239,115
1772,healthy,healthy,-1,116,0.6543598175048828,-0.18418337738639473,116
1772,healthy,healthy,-1,117,0.5474303364753723,-0.26167113933584213,117
1772,healthy,healthy,-1,118,0.667288601398468,-0.17568629368965638,118
1772,healthy,healthy,-1,119,0.6939642429351807,-0.15866290634054536,119
1772,healthy,healthy,-1,120,0.7076440453529358,-0.15018514345816528,120
1772,healthy,healthy,-1,121,0.5310523509979248,-0.274862664174949,121
1772,healthy,healthy,-1,122,0.4894995093345642,-0.31024773918954207,122
1772,healthy,healthy,-1,123,0.720536470413208,-0.1423440322013393,123
1772,healthy,healthy,-1,124,0.5908815264701843,-0.22849958774494875,124
1772,healthy,healthy,-1,125,0.5998905897140503,-0.22192795064350074,125
1772,healthy,healthy,-1,126,0.6681181788444519,-0.17514671135597665,126
1772,healthy,healthy,-1,127,0.7408968210220337,-0.13024226864794564,127
1772,healthy,healthy,-1,128,0.8107285499572754,-0.0911245329521541,128
1772,healthy,healthy,-1,129,0.6638741493225098,-0.17791424207030457,129
1772,healthy,healthy,-1,130,0.8830331563949585,-0.05402298909624127,130
1772,healthy,healthy,-1,131,0.6519299745559692,-0.18579905042938916,131
1772,healthy,healthy,-1,132,0.7391634583473206,-0.13125951125546387,132
1772,healthy,healthy,-1,133,0.5322648286819458,-0.2738722304532208,133
1772,healthy,healthy,-1,134,0.5556739568710327,-0.2551799570966497,134
1772,healthy,healthy,-1,135,0.772616982460022,-0.11203575010315944,135
1772,healthy,healthy,-1,136,0.7207266092300415,-0.1422294434901015,136
1772,healthy,healthy,-1,137,0.9107179045677185,-0.04061612518047131,137
1772,healthy,healthy,-1,138,0.5656721591949463,-0.2474351954960182,138
1772,healthy,healthy,-1,139,0.5828689336776733,-0.2344290915186169,139
1772,healthy,healthy,-1,140,0.6918321251869202,-0.15999927541289877,140
1772,healthy,healthy,-1,141,0.7891362309455872,-0.10284801676424259,141
1772,healthy,healthy,-1,142,0.7194151878356934,-0.14302039787195864,142
1772,healthy,healthy,-1,143,0.917656660079956,-0.03731977906452917,143
1772,healthy,healthy,-1,144,0.6300711631774902,-0.20061039653068535,144
1772,healthy,healthy,-1,145,0.6612128615379333,-0.17965870736824288,145
1772,healthy,healthy,-1,146,0.7064791917800903,-0.15090062507963684,146
1772,healthy,healthy,-1,147,0.7486048936843872,-0.12574733819784736,147
1772,healthy,healthy,-1,148,0.8453004360198975,-0.07298890700803919,148
1772,healthy,healthy,-1,149,0.7018817067146301,-0.15373607654550578,149
1772,healthy,healthy,-1,150,0.8853418827056885,-0.05288899020518443,150
1772,healthy,healthy,-1,151,0.6154538989067078,-0.2108044727087325,151
1772,healthy,healthy,-1,152,0.6334778070449829,-0.19826859537679947,152
1772,healthy,healthy,-1,153,0.6582210659980774,-0.18162822246656568,153
1772,healthy,healthy,-1,154,0.7094038724899292,-0.14910644513329346,154
1772,healthy,healthy,-1,155,0.6646029353141785,-0.17743774492920786,155
1772,healthy,healthy,-1,156,0.8728090524673462,-0.05908075804731736,156
1772,healthy,healthy,-1,157,0.6670176982879639,-0.17586264259495135,157
1772,healthy,healthy,-1,158,0.6639596223831177,-0.1778583307364981,158
1772,healthy,healthy,-1,159,0.6089441776275635,-0.21542251764542514,159
1772,healthy,healthy,-1,160,0.6858388781547546,-0.16377789966799844,160
1772,healthy,healthy,-1,161,0.6754605174064636,-0.17040003165104306,161
1772,healthy,healthy,-1,162,0.7247613668441772,-0.13980496463251485,162
1772,healthy,healthy,-1,163,0.6299183964729309,-0.20071570809715922,163
1772,healthy,healthy,-1,164,0.7568201422691345,-0.12100731799113379,164
1772,healthy,healthy,-1,165,0.6489894986152649,-0.18776233051910873,165
1772,healthy,healthy,-1,166,0.857908308506012,-0.06655912618136478,166
1772,healthy,healthy,-1,167,0.8334944248199463,-0.07909730078862226,167
1772,healthy,healthy,-1,168,0.7802449464797974,-0.10776903550857085,168
1772,healthy,healthy,-1,169,0.7860602736473083,-0.10454415178651924,169
1772,healthy,healthy,-1,170,0.7175339460372925,-0.14415754793481672,170
1772,healthy,healthy,-1,171,0.7925494909286499,-0.10097360864823553,171
1772,healthy,healthy,-1,172,0.7906940579414368,-0.1019915249092667,172
1772,healthy,healthy,-1,173,0.8652277588844299,-0.06286955564887035,173
1772,healthy,healthy,-1,174,0.8048508763313293,-0.09428457874491299,174
1772,healthy,healthy,-1,175,0.7924110293388367,-0.1010494882727378,175
1772,healthy,healthy,-1,176,0.6128954887390137,-0.21261357529165445,176
1772,healthy,healthy,-1,177,0.6593720316886902,-0.1808694780919749,177
1772,healthy,healthy,-1,178,0.8528732061386108,-0.06911552916936926,178
1772,healthy,healthy,-1,179,0.8225696086883545,-0.08482734032011958,179
1772,healthy,healthy,-1,180,0.847365140914917,-0.07192940606513229,180
1772,healthy,healthy,-1,181,0.8575954437255859,-0.06671753498583469,181
1772,healthy,healthy,-1,182,0.6636103391647339,-0.17808685621125156,182
1772,healthy,healthy,-1,183,0.6356975436210632,-0.19674946670998467,183
1772,healthy,healthy,-1,184,0.971698522567749,-0.012468457598617757,184
1772,healthy,healthy,-1,185,0.7327324151992798,-0.13505459537135173,185
1772,healthy,healthy,-1,186,0.9848778247833252,-0.006617640886519487,186
1772,healthy,healthy,-1,187,0.7046040892601013,-0.1520548406637976,187
1772,healthy,healthy,-1,188,0.8399235606193542,-0.07576023621403097,188
1772,healthy,healthy,-1,189,0.7804129123687744,-0.1076755535726055,189
1772,healthy,healthy,-1,190,0.910102128982544,-0.040909869695579526,190
1772,healthy,healthy,-1,191,0.8639010787010193,-0.06353598371766567,191
1772,healthy,healthy,-1,192,0.9226668477058411,-0.03495508372073697,192
1772,healthy,healthy,-1,193,0.8510417938232422,-0.07004911161797403,193
1772,healthy,healthy,-1,194,0.798292338848114,-0.09783803860061914,194
1772,healthy,healthy,-1,195,0.6962293386459351,-0.15724767978259688,195
1772,healthy,healthy,-1,196,0.6566925048828125,-0.182637940475938,196
1772,healthy,healthy,-1,197,0.7539751529693604,-0.12264296594203294,197
1772,healthy,healthy,-1,198,0.8218153119087219,-0.08522577130545035,198
1772,healthy,healthy,-1,199,0.6534868478775024,-0.18476314863692522,199
1772,healthy,healthy,-1,200,0.8331526517868042,-0.07927541905555584,200
1772,healthy,healthy,-1,201,0.6603832840919495,-0.180203928320366,201
1772,healthy,healthy,-1,202,0.8114003539085388,-0.09076480720540227,202
1772,healthy,healthy,-1,203,0.8411527276039124,-0.07512514244987324,203
1772,healthy,healthy,-1,204,1.047817349433899,0.02028558508446699,204
1772,healthy,healthy,-1,205,0.9376568794250488,-0.027956055686929843,205
1772,healthy,healthy,-1,206,0.7907982468605042,-0.10193430215509396,206
1772,healthy,healthy,-1,207,0.9814638495445251,-0.008125692225428941,207
1772,healthy,healthy,-1,208,0.7800158858299255,-0.10789655236333666,208
1772,healthy,healthy,-1,209,0.9770920872688293,-0.010064503724367105,209
1772,healthy,healthy,-1,210,0.8571248650550842,-0.06695590590146962,210
1772,healthy,healthy,-1,211,1.0811764001846313,0.033896557391608476,211
1772,healthy,healthy,-1,212,0.749175488948822,-0.12541644003733518,212
1772,healthy,healthy,-1,213,1.010171890258789,0.004395279366048748,213
1772,healthy,healthy,-1,214,0.8310597538948059,-0.08036774895497158,214
1772,healthy,healthy,-1,215,1.1221097707748413,0.050035344005620055,215
1772,healthy,healthy,-1,216,0.8538068532943726,-0.06864036354474054,216
1772,healthy,healthy,-1,217,0.9234330058097839,-0.03459460673431884,217
1772,healthy,healthy,-1,218,0.8008666038513184,-0.09643981604538439,218
1772,healthy,healthy,-1,219,1.0189505815505981,0.008153121513471029,219
1772,healthy,healthy,-1,220,0.7926514744758606,-0.10091772817272959,220
1772,healthy,healthy,-1,221,0.9183474779129028,-0.03699296238607083,221
1772,healthy,healthy,-1,222,0.8665233254432678,-0.062219742269216394,222
1772,healthy,healthy,-1,223,0.9704408645629883,-0.013030923929875924,223
1772,healthy,healthy,-1,224,0.817348301410675,-0.08759283557735725,224
1772,healthy,healthy,-1,225,0.9736952781677246,-0.011576936053750072,225
1772,healthy,healthy,-1,226,0.8497798442840576,-0.07069357404671973,226
1772,healthy,healthy,-1,227,1.2148455381393433,0.08452106295643617,227
1772,healthy,healthy,-1,228,1.115179181098938,0.04734465313355521,228
1772,healthy,healthy,-1,229,1.1278245449066162,0.05224154192949999,229
1772,healthy,healthy,-1,230,0.9538156390190125,-0.020535561034068308,230
1772,healthy,healthy,-1,231,0.8183572888374329,-0.08705704511489007,231
1772,healthy,healthy,-1,232,1.0695929527282715,0.029218532809175832,232
1772,healthy,healthy,-1,233,0.920810341835022,-0.03582981168858095,233
1772,healthy,healthy,-1,234,1.0658859014511108,0.027710717802874044,234
1772,healthy,healthy,-1,235,0.926322340965271,-0.0332378615440729,235
1772,healthy,healthy,-1,236,1.0202155113220215,0.008691922243933132,236
1772,healthy,healthy,-1,237,0.9064839482307434,-0.04263988186801425,237
1772,healthy,healthy,-1,238,1.0381834506988525,0.016274101669152732,238
1772,healthy,healthy,-1,239,0.958962619304657,-0.018198321448857798,239
1772,healthy,healthy,-1,240,0.9793919920921326,-0.009043451271870846,240
1772,healthy,healthy,-1,241,1.0236181020736694,0.010137957521118074,241
1772,healthy,healthy,-1,242,0.9996685981750488,-0.00014394983780612183,242
1772,healthy,healthy,-1,243,0.7553961277008057,-0.12182524577601134,243
1772,healthy,healthy,-1,244,0.8437749147415161,-0.07377339024979918,244
1772,healthy,healthy,-1,245,0.9340529441833496,-0.029628506302018097,245
1772,healthy,healthy,-1,246,1.1021209955215454,0.04222927582500628,246
1772,healthy,healthy,-1,247,1.0566468238830566,0.023929851953285862,247
1772,healthy,healthy,-1,248,1.2033965587615967,0.08040876524688985,248
1772,healthy,healthy,-1,249,0.8353811502456665,-0.07811532849231373,249
1772,healthy,healthy,-1,250,0.9784631133079529,-0.009455541992457123,250
1772,healthy,healthy,-1,251,0.965218722820282,-0.015374262458785334,251
1772,healthy,healthy,-1,252,1.2789510488510132,0.10685392241397451,252
1772,healthy,healthy,-1,253,1.0802274942398071,0.03351522686544266,253
1772,healthy,healthy,-1,254,0.8975207805633545,-0.046955487285000354,254
1772,healthy,healthy,-1,255,1.00299072265625,0.0012969159537867855,255
1772,healthy,healthy,-1,256,0.8579888939857483,-0.06651833372696142,256
1772,healthy,healthy,-1,257,1.1129565238952637,0.04647819955378708,257
1772,healthy,healthy,-1,258,1.0809859037399292,0.03382003070827834,258
1772,healthy,healthy,-1,259,1.105011224746704,0.04336668962365876,259
1772,healthy,healthy,-1,260,0.7471392750740051,-0.12659843331433598,260
1772,healthy,healthy,-1,261,1.124616026878357,0.05100426833863054,261
1772,healthy,healthy,-1,262,0.9688900709152222,-0.013725494675931068,262
1772,healthy,healthy,-1,263,1.1385654211044312,0.05635798989922673,263
1772,healthy,healthy,-1,264,0.9050338864326477,-0.043335159562537647,264
1772,healthy,healthy,-1,265,1.274144172668457,0.1052185723099955,265
1772,healthy,healthy,-1,266,1.050736904144287,0.0214939858834565,266
1772,healthy,healthy,-1,267,0.7869874835014343,-0.10403217474320521,267
1772,healthy,healthy,-1,268,0.9084643721580505,-0.04169210003295702,268
1772,healthy,healthy,-1,269,1.1015605926513672,0.042008391028660184,269
1772,healthy,healthy,-1,270,0.9940637350082397,-0.002585769651971282,270
1772,healthy,healthy,-1,271,1.142134666442871,0.05771731358145101,271
1772,healthy,healthy,-1,272,1.2194279432296753,0.08615614267163992,272
1772,healthy,healthy,-1,273,0.9104043841362,-0.04076565955887324,273
1772,healthy,healthy,-1,274,0.876222550868988,-0.05738557381028039,274
1772,healthy,healthy,-1,275,1.1101888418197632,0.04539685805217637,275
1772,healthy,healthy,-1,276,1.1886519193649292,0.07505469597203067,276
1772,healthy,healthy,-1,277,1.1066007614135742,0.043990964701195234,277
1772,healthy,healthy,-1,278,1.0171122550964355,0.007368887119959938,278
1772,healthy,healthy,-1,279,1.1025028228759766,0.04237971011982193,279
1772,healthy,healthy,-1,280,0.9394059181213379,-0.02714670815176469,280
1772,healthy,healthy,-1,281,1.0609313249588013,0.02568727253779493,281
1772,healthy,healthy,-1,282,1.1542433500289917,0.06229738111875321,282
1772,healthy,healthy,-1,283,0.9909326434135437,-0.003955864776064138,283
1772,healthy,healthy,-1,284,1.2448663711547852,0.09512273505842045,284
1772,healthy,healthy,-1,285,0.8730939626693726,-0.05893901485928963,285
1772,healthy,healthy,-1,286,1.026728630065918,0.01145567238175651,286
1772,healthy,healthy,-1,287,0.9599078297615051,-0.01777046586428965,287
1772,healthy,healthy,-1,288,1.097903847694397,0.0405643071047351,288
1772,healthy,healthy,-1,289,1.2610739469528198,0.10074055351358209,289
1772,healthy,healthy,-1,290,1.0791407823562622,0.03307810549119584,290
1772,healthy,healthy,-1,291,1.1161694526672363,0.047730132569108026,291
1772,healthy,healthy,-1,292,0.8488509058952332,-0.07116858352888115,292
1772,healthy,healthy,-1,293,0.9179033637046814,-0.037203038645103416,293
1772,healthy,healthy,-1,294,0.9826388359069824,-0.007606075651223544,294
1772,healthy,healthy,-1,295,1.2231063842773438,0.08746423307492202,295
1772,healthy,healthy,-1,296,0.979768693447113,-0.008876441671262638,296
1772,healthy,healthy,-1,297,0.9254618287086487,-0.03364148930769836,297
1772,healthy,healthy,-1,298,0.9502651691436768,-0.022155188998931333,298
1772,healthy,healthy,-1,299,0.956894040107727,-0.01913615035719089,299
1772,healthy,healthy,-1,300,1.0974515676498413,0.0403853632043247,300
1772,healthy,healthy,-1,301,1.0849782228469849,0.03542102132528514,301
1772,healthy,healthy,-1,302,1.096734881401062,0.04010165632581007,302
1772,healthy,healthy,-1,303,0.9054622650146484,-0.043129644121202404,303
1772,healthy,healthy,-1,304,1.0541963577270508,0.02292151138398884,304
1772,healthy,healthy,-1,305,0.9070610404014587,-0.04236348623920803,305
1772,healthy,healthy,-1,306,1.0175153017044067,0.007540948998799852,306
1772,healthy,healthy,-1,307,1.2057290077209473,0.08124970939937846,307
1772,healthy,healthy,-1,308,1.0824170112609863,0.03439460901336756,308
1772,healthy,healthy,-1,309,0.9947424530982971,-0.00228934706993614,309
1772,healthy,healthy,-1,310,0.8506821990013123,-0.07023265495387118,310
1772,healthy,healthy,-1,311,0.9398907423019409,-0.026922628073898853,311
1772,healthy,healthy,-1,312,1.1115062236785889,0.045911898795424205,312
1772,healthy,healthy,-1,313,1.0588805675506592,0.024846978257839082,313
1772,healthy,healthy,-1,314,1.3789061307907104,0.1395347025303176,314
1772,healthy,healthy,-1,315,0.874454140663147,-0.058262961461660434,315
1772,healthy,healthy,-1,316,1.158002495765686,0.06370949539841009,316
1772,healthy,healthy,-1,317,0.8442375659942627,-0.07353532697309034,317
1772,healthy,healthy,-1,318,1.0116896629333496,0.0050473125580559625,318
1772,healthy,healthy,-1,319,0.9595943093299866,-0.017912336187651423,319
1772,healthy,healthy,-1,320,1.0589873790740967,0.024890784251830205,320
1772,healthy,healthy,-1,321,0.9729723930358887,-0.011899482159468096,321
1772,healthy,healthy,-1,322,1.0216033458709717,0.009282306623135528,322
1772,healthy,healthy,-1,323,0.9423608183860779,-0.02578277934015253,323
1772,healthy,healthy,-1,324,1.2557154893875122,0.09889125135516104,324
1772,healthy,healthy,-1,325,1.0243477821350098,0.010447431463089482,325
1772,healthy,healthy,-1,326,1.1211135387420654,0.049649597208911184,326
1772,healthy,healthy,-1,327,1.024004340171814,0.010301797370939662,327
1772,healthy,healthy,-1,328,0.9317113161087036,-0.030718629751250746,328
1772,healthy,healthy,-1,329,1.0074635744094849,0.0032293528588651795,329
1772,healthy,healthy,-1,330,0.9010502099990845,-0.04525100778012431,330
1772,healthy,healthy,-1,331,1.0221034288406372,0.009494845213545405,331
1772,healthy,healthy,-1,332,0.9514793157577515,-0.02160064841733029,332
1772,healthy,healthy,-1,333,1.0553174018859863,0.02338309959199053,333
1772,healthy,healthy,-1,334,1.0060505867004395,0.002619818664747946,334
1772,healthy,healthy,-1,335,0.8172773122787476,-0.08763055698344854,335
1772,healthy,healthy,-1,336,1.11357843875885,0.0467208134853208,336
1772,healthy,healthy,-1,337,0.942655622959137,-0.02564693755378394,337
1772,healthy,healthy,-1,338,1.0845823287963867,0.035262524155550735,338
1772,healthy,healthy,-1,339,0.9319401979446411,-0.030611955173835664,339
1772,healthy,healthy,-1,340,0.8263454437255859,-0.08283836316201967,340
1772,healthy,healthy,-1,341,1.0179932117462158,0.0077448820174495945,341
1772,healthy,healthy,-1,342,0.8263516426086426,-0.08283510528648066,342
1772,healthy,healthy,-1,343,1.1391085386276245,0.056565107293540834,343
1772,healthy,healthy,-1,344,0.9859158396720886,-0.006160155977632212,344
1772,healthy,healthy,-1,345,1.1670116186141968,0.0670751798456399,345
1772,healthy,healthy,-1,346,0.8027860522270203,-0.0954001816422766,346
1772,healthy,healthy,-1,347,0.7678951621055603,-0.11469806854526535,347
1772,healthy,healthy,-1,348,0.8548433184623718,-0.06811347844467981,348
1772,healthy,healthy,-1,349,1.0514953136444092,0.021807341441827544,349
1772,healthy,healthy,-1,350,0.9912804365158081,-0.0038034647861369154,350
1772,healthy,healthy,-1,351,1.1104662418365479,0.04550536053694563,351
1772,healthy,healthy,-1,352,0.9928116798400879,-0.0031331222624871925,352
1772,healthy,healthy,-1,353,0.8637253046035767,-0.06362435666864856,353
1772,healthy,healthy,-1,354,0.9384124875068665,-0.02760622167338726,354
1772,healthy,healthy,-1,355,0.9904561638832092,-0.00416474092797434,355
1772,healthy,healthy,-1,356,1.117964267730713,0.04842792289264752,356
1772,healthy,healthy,-1,357,0.9619773626327515,-0.016835147712036754,357
1772,healthy,healthy,-1,358,0.7122024893760681,-0.1473965126606414,358
1772,healthy,healthy,-1,359,0.933261513710022,-0.02999664344839358,359
1772,healthy,healthy,-1,360,0.8508355617523193,-0.07015436650081062,360
1772,healthy,healthy,-1,361,0.842622697353363,-0.07436684665403591,361
1772,healthy,healthy,-1,362,1.165665864944458,0.06657407889042505,362
1772,healthy,healthy,-1,363,1.138038992881775,0.05615714264189209,363
1772,healthy,healthy,-1,364,1.0306010246276855,0.013090569902591975,364
1772,healthy,healthy,-1,365,0.8006911873817444,-0.09653495142606511,365
1772,healthy,healthy,-1,366,1.014914870262146,0.0064296157212436165,366
1772,healthy,healthy,-1,367,0.9743269681930542,-0.011295276537384364,367
1772,healthy,healthy,-1,368,1.1400574445724487,0.056926734873568946,368
1772,healthy,healthy,-1,369,0.8389027118682861,-0.07628840168458074,369
1772,healthy,healthy,-1,370,0.8734983205795288,-0.05873792567102688,370
1772,healthy,healthy,-1,371,0.8392443656921387,-0.07611156572728664,371
1772,healthy,healthy,-1,372,0.9532136917114258,-0.020809728188763678,372
1772,healthy,healthy,-1,373,0.6827765703201294,-0.16572139024515428,373
1772,healthy,healthy,-1,374,1.1443902254104614,0.058574139706076694,374
1772,healthy,healthy,-1,375,0.8205551505088806,-0.08589222416999073,375
1772,healthy,healthy,-1,376,1.062749981880188,0.02643110623447032,376
1772,healthy,healthy,-1,377,0.7188600301742554,-0.14335566322020837,377
1772,healthy,healthy,-1,378,0.8203097581863403,-0.08602212216684646,378
1772,healthy,healthy,-1,379,0.8010984063148499,-0.09631413223722747,379
1772,healthy,healthy,-1,380,0.7756046056747437,-0.11035962066967599,380
1772,healthy,healthy,-1,381,0.9738409519195557,-0.011511966472471963,381
1772,healthy,healthy,-1,382,0.757465124130249,-0.12063735853056946,382
1772,healthy,healthy,-1,383,0.776550829410553,-0.10983011210535891,383
1772,healthy,healthy,-1,384,0.8447725772857666,-0.07326019249820076,384
1772,healthy,healthy,-1,385,0.9006291627883911,-0.04545399448943083,385
1772,healthy,healthy,-1,386,1.1197971105575562,0.04913934253873983,386
1772,healthy,healthy,-1,387,0.9878035187721252,-0.005329431119808508,387
1772,healthy,healthy,-1,388,0.7976932525634766,-0.09816408149376568,388
1772,healthy,healthy,-1,389,0.7649887204170227,-0.11634496837155867,389
1772,healthy,healthy,-1,390,0.92583829164505,-0.03346486124358679,390
1772,healthy,healthy,-1,391,0.9553332328796387,-0.019845114324583354,391
1772,healthy,healthy,-1,392,0.7147478461265564,-0.14584714470276222,392
1772,healthy,healthy,-1,393,0.9112176299095154,-0.040377886274928165,393
1772,healthy,healthy,-1,394,0.8274685740470886,-0.08224849105931518,394
1772,healthy,healthy,-1,395,0.9970604181289673,-0.0012785242710916366,395
1772,healthy,healthy,-1,396,0.5579618215560913,-0.2533955165727611,396
1772,healthy,healthy,-1,397,0.7260904908180237,-0.13900925090607688,397
1772,healthy,healthy,-1,398,0.7618964314460754,-0.11810406056126786,398
1772,healthy,healthy,-1,399,0.9972522854804993,-0.0011949597105951743,399
1772,healthy,healthy,-1,400,1.2655223608016968,0.10226982320979487,400
1772,healthy,healthy,-1,401,1.0172191858291626,0.0074145428339480865,401
1772,healthy,healthy,-1,402,0.7821401357650757,-0.1067154275833554,402
1772,ball,7,0,0,4.8367414474487305,0.6845528723900113,403
1772,inner_race,7,0,0,23.0380916595459,1.3624465018321825,403
1772,ball,7,0,1,5.0411553382873535,0.7025300800054227,404
1772,inner_race,7,0,1,22.22271728515625,1.3467971612564074,404
1772,ball,7,0,2,5.313209056854248,0.7253569042688557,405
1772,inner_race,7,0,2,22.50005531311035,1.3521835857624325,405
1772,ball,7,0,3,5.145474433898926,0.7114254246815395,406
1772,inner_race,7,0,3,22.528242111206055,1.3527273048535213,406
1772,ball,7,0,4,4.8506999015808105,0.6858044069453797,407
1772,inner_race,7,0,4,22.706741333007812,1.3561548126592728,407
1772,ball,7,0,5,4.662576198577881,0.6686259423720237,408
1772,inner_race,7,0,5,22.40256118774414,1.35029767217877,408
1772,ball,7,0,6,5.481154918670654,0.73887207709008,409
1772,inner_race,7,0,6,23.074689865112305,1.3631358726112535,409
1772,ball,7,0,7,5.509184837341309,0.7410873435279304,410
1772,inner_race,7,0,7,22.160154342651367,1.345572780872655,410
1772,inner_race,7,0,8,22.531007766723633,1.3527806172781573,411
1772,ball,7,0,8,5.069390773773193,0.7049557700855291,411
1772,inner_race,7,0,9,21.848081588745117,1.3394133089494922,412
1772,ball,7,0,9,5.037221431732178,0.7021910424728937,412
1772,inner_race,7,0,10,21.7224178314209,1.3369081631085091,413
1772,ball,7,0,10,4.1980109214782715,0.6230435641014501,413
1772,ball,7,0,11,5.0538787841796875,0.703624821281325,414
1772,inner_race,7,0,11,22.34942626953125,1.3492663788695285,414
1772,ball,7,0,12,5.2291669845581055,0.7184325105070751,415
1772,inner_race,7,0,12,22.210573196411133,1.3465597666901301,415
1772,ball,7,0,13,5.325116157531738,0.7263290855426744,416
1772,inner_race,7,0,13,21.987627029418945,1.3421783615282272,416
1772,inner_race,7,0,14,20.785551071166992,1.3177615431070584,417
1772,ball,7,0,14,4.983051300048828,0.6974953582152964,417
1772,inner_race,7,0,15,22.415189743041992,1.3505424194903382,418
1772,ball,7,0,15,5.293315410614014,0.7237277728894354,418
1772,inner_race,7,0,16,22.10883140563965,1.344565787920426,419
1772,ball,7,0,16,6.089338302612305,0.7845701026267669,419
1772,inner_race,7,0,17,22.00480842590332,1.3425175919430343,420
1772,ball,7,0,17,4.649450778961182,0.6674016544482608,420
1772,ball,7,0,18,5.2391357421875,0.7192596508471223,421
1772,inner_race,7,0,18,21.166574478149414,1.325650579058068,421
1772,inner_race,7,0,19,21.74771499633789,1.3374136329406345,422
1772,ball,7,0,19,5.21743106842041,0.7174567199699015,422
1772,ball,7,0,20,4.797202110290527,0.680988016054986,423
1772,inner_race,7,0,20,23.267982482910156,1.3667587281717866,423
1772,inner_race,7,0,21,22.966773986816406,1.3610999965830257,424
1772,ball,7,0,21,5.442361831665039,0.7357874121720863,424
1772,inner_race,7,0,22,22.572669982910156,1.3535829321510184,425
1772,ball,7,0,22,4.5919904708862305,0.6620009781604264,425
1772,inner_race,7,0,23,22.865474700927734,1.359180222023434,426
1772,ball,7,0,23,4.7419328689575195,0.6759554014246066,426
1772,ball,7,0,24,4.985611915588379,0.6977184696194044,427
1772,inner_race,7,0,24,22.25286293029785,1.3473858928380928,427
1772,ball,7,0,25,4.464146137237549,0.6497384031242004,428
1772,inner_race,7,0,25,22.347187042236328,1.3492228639816357,428
1772,inner_race,7,0,26,22.88430404663086,1.3595377092779,429
1772,ball,7,0,26,4.757927417755127,0.6774178125837892,429
1772,ball,7,0,27,4.926348686218262,0.6925251478890356,430
1772,inner_race,7,0,27,21.416818618774414,1.3307549586094816,430
1772,inner_race,7,0,28,22.996509552001953,1.3616619230897382,431
1772,ball,7,0,28,4.986831188201904,0.6978246669403854,431
1772,ball,7,0,29,4.910894393920898,0.6911605949683892,432
1772,inner_race,7,0,29,22.760082244873047,1.3571738270740878,432
1772,inner_race,7,0,30,21.681032180786133,1.336079954054036,433
1772,ball,7,0,30,5.7399516105651855,0.7589082311866313,433
1772,inner_race,7,0,31,22.333703994750977,1.3489607558112764,434
1772,ball,7,0,31,5.442203998565674,0.7357748170819026,434
1772,inner_race,7,0,32,22.321426391601562,1.3487219435902835,435
1772,ball,7,0,32,5.284536838531494,0.7230069297163798,435
1772,inner_race,7,0,33,23.385286331176758,1.3689426918108591,436
1772,ball,7,0,33,4.881981372833252,0.688596118036687,436
1772,ball,7,0,34,4.973947048187256,0.6967011575317277,437
1772,inner_race,7,0,34,21.862972259521484,1.3397092037326574,437
1772,inner_race,7,0,35,21.131786346435547,1.3249362110896155,438
1772,ball,7,0,35,4.908265590667725,0.6909280547560022,438
1772,inner_race,7,0,36,22.448213577270508,1.351181785677727,439
1772,ball,7,0,36,5.276766777038574,0.7223678996189424,439
1772,inner_race,7,0,37,22.51717185974121,1.3525138425363872,440
1772,ball,7,0,37,5.306048393249512,0.7247712066009622,440
1772,inner_race,7,0,38,21.420381546020508,1.330827202343433,441
1772,ball,7,0,38,4.731101989746094,0.6749623103623491,441
1772,ball,7,0,39,5.071376323699951,0.7051258387557718,442
1772,inner_race,7,0,39,21.858423233032227,1.339618830720214,442
1772,ball,7,0,40,5.712031841278076,0.7567906197157409,443
1772,inner_race,7,0,40,21.710329055786133,1.3366664059523083,443
1772,ball,7,0,41,5.277605056762695,0.7224368871939446,444
1772,inner_race,7,0,41,22.605426788330078,1.3542127108866577,444
1772,inner_race,7,0,42,23.954235076904297,1.3793823072257427,445
1772,ball,7,0,42,5.318342208862305,0.7257762785839263,445
1772,inner_race,7,0,43,23.511096954345703,1.3712728924216373,446
1772,ball,7,0,43,5.783016681671143,0.7621544450698539,446
1772,ball,7,0,44,5.519031047821045,0.7418628372360241,447
1772,inner_race,7,0,44,21.888338088989258,1.3402127882385075,447
1772,ball,7,0,45,4.937341690063477,0.6934931837263457,448
1772,inner_race,7,0,45,22.304861068725586,1.348399522476817,448
1772,inner_race,7,0,46,23.01517677307129,1.362014314936036,449
1772,ball,7,0,46,5.175419330596924,0.7139455436142544,449
1772,ball,7,0,47,4.868424892425537,0.6873884743203953,450
1772,inner_race,7,0,47,22.52315902709961,1.3526293032228476,450
1772,inner_race,7,0,48,22.260400772094727,1.3475329790257524,451
1772,ball,7,0,48,5.037330627441406,0.702200456905156,451
1772,inner_race,7,0,49,21.98348617553711,1.3420965646454335,452
1772,ball,7,0,49,4.642993927001953,0.6667981156129186,452
1772,inner_race,7,0,50,22.70990562438965,1.3562153294248445,453
1772,ball,7,0,50,5.244377613067627,0.7196939548272218,453
1772,ball,7,0,51,4.803035259246826,0.6815157748213745,454
1772,inner_race,7,0,51,22.868616104125977,1.3592398840415283,454
1772,ball,7,0,52,5.280946731567383,0.7227117868213823,455
1772,inner_race,7,0,52,23.648616790771484,1.3738057439024562,455
1772,ball,7,0,53,5.489855766296387,0.7395609344820704,456
1772,inner_race,7,0,53,22.72102165222168,1.356427855557762,456
1772,inner_race,7,0,54,22.519737243652344,1.3525633189369641,457
1772,ball,7,0,54,4.759462833404541,0.6775579397682707,457
1772,ball,7,0,55,6.185531139373779,0.7913769975779515,458
1772,inner_race,7,0,55,22.613910675048828,1.3543756723733562,458
1772,inner_race,7,0,56,22.753780364990234,1.3570535616639787,459
1772,ball,7,0,56,4.426287651062012,0.6460396339946732,459
1772,inner_race,7,0,57,23.021095275878906,1.362125982237068,460
1772,ball,7,0,57,4.726139545440674,0.6745065405972701,460
1772,inner_race,7,0,58,22.589357376098633,1.3539038762508622,461
1772,ball,7,0,58,5.289605140686035,0.723423253959278,461
1772,inner_race,7,0,59,23.4201717376709,1.3695900753840533,462
1772,ball,7,0,59,5.688024044036865,0.7549614235463342,462
1772,ball,7,0,60,5.397278785705566,0.7321748512626495,463
1772,inner_race,7,0,60,22.19264793395996,1.346209123525336,463
1772,inner_race,7,0,61,22.81130599975586,1.3581501503468196,464
1772,ball,7,0,61,5.036250591278076,0.7021073313845286,464
1772,ball,7,0,62,5.812750816345215,0.7643817058213781,465
1772,inner_race,7,0,62,22.272165298461914,1.3477624411678728,465
1772,ball,7,0,63,5.304898738861084,0.7246770984025653,466
1772,inner_race,7,0,63,22.226890563964844,1.3468787112205596,466
1772,ball,7,0,64,4.473352432250977,0.6506331153316796,467
1772,inner_race,7,0,64,23.219253540039062,1.3658482537895957,467
1772,ball,7,0,65,5.3635711669921875,0.7294540474692783,468
1772,inner_race,7,0,65,22.839967727661133,1.358695485926324,468
1772,inner_race,7,0,66,22.477283477783203,1.3517438228268621,469
1772,ball,7,0,66,5.447521209716797,0.7361989298306449,469
1772,ball,7,0,67,4.845472812652588,0.6853361611406157,470
1772,inner_race,7,0,67,22.70171356201172,1.3560586396794236,470
1772,inner_race,7,0,68,22.078697204589844,1.3439734434434698,471
1772,ball,7,0,68,5.156435966491699,0.7123496289756523,471
1772,inner_race,7,0,69,21.571449279785156,1.3338793241970897,472
1772,ball,7,0,69,5.158928871154785,0.7125595400698708,472
1772,inner_race,7,0,70,22.07888412475586,1.3439771202026678,473
1772,ball,7,0,70,5.7223219871521,0.7575722913072555,473
1772,ball,7,0,71,6.091813087463379,0.7847465695936552,474
1772,inner_race,7,0,71,21.97471046447754,1.3419231615838934,474
1772,ball,7,0,72,5.246008396148682,0.7198289813359443,475
1772,inner_race,7,0,72,22.41421127319336,1.3505234612153487,475
1772,ball,7,0,73,5.506202220916748,0.740852157259917,476
1772,inner_race,7,0,73,21.88954734802246,1.3402367809243214,476
1772,inner_race,7,0,74,23.37356185913086,1.368724898866142,477
1772,ball,7,0,74,5.198872089385986,0.7159091323869914,477
1772,ball,7,0,75,4.515168190002441,0.6546739324190729,478
1772,inner_race,7,0,75,21.96774673461914,1.3417855129557077,478
1772,inner_race,7,0,76,21.331214904785156,1.329015591099623,479
1772,ball,7,0,76,5.240795135498047,0.7193971833122714,479
1772,ball,7,0,77,4.975214004516602,0.6968117662841052,480
1772,inner_race,7,0,77,21.99477767944336,1.3423195765388907,480
1772,inner_race,7,0,78,23.13375473022461,1.364246126773135,481
1772,ball,7,0,78,4.520236968994141,0.655161202870873,481
1772,ball,7,0,79,5.116184711456299,0.7089462155795067,482
1772,inner_race,7,0,79,21.812108993530273,1.3386976591583053,482
1772,inner_race,7,0,80,22.714296340942383,1.3562992874865778,483
1772,ball,7,0,80,5.0942535400390625,0.7070805559200498,483
1772,inner_race,7,0,81,22.961278915405273,1.3609960740758824,484
1772,ball,7,0,81,4.925146579742432,0.6924191602805335,484
1772,inner_race,7,0,82,22.555665969848633,1.3532556544335312,485
1772,ball,7,0,82,5.1693034172058105,0.7134320242456302,485
1772,ball,7,0,83,4.979596138000488,0.6971941214444144,486
1772,inner_race,7,0,83,22.91486167907715,1.360117240058011,486
1772,inner_race,7,0,84,22.710710525512695,1.3562307217354685,487
1772,ball,7,0,84,5.354784965515137,0.728742035361098,487
1772,inner_race,7,0,85,22.1516170501709,1.3454054348630509,488
1772,ball,7,0,85,4.629906177520752,0.6655721903704658,488
1772,inner_race,7,0,86,23.56697654724121,1.372303869623437,489
1772,ball,7,0,86,4.99305534362793,0.6983663798542309,489
1772,ball,7,0,87,5.454729080200195,0.7367731853742366,490
1772,inner_race,7,0,87,22.5572452545166,1.353286061454418,490
1772,inner_race,7,0,88,22.373737335205078,1.3497385352135918,491
1772,ball,7,0,88,5.074147701263428,0.70536310476787,491
1772,inner_race,7,0,89,23.161022186279297,1.3647577225883973,492
1772,ball,7,0,89,4.973045349121094,0.6966224195747247,492
1772,inner_race,7,0,90,22.5314998626709,1.3527901025272355,493
1772,ball,7,0,90,5.884464740753174,0.7697069649348629,493
1772,inner_race,7,0,91,23.396150588989258,1.3691444080305135,494
1772,ball,7,0,91,5.442450523376465,0.7357944896153361,494
1772,inner_race,7,0,92,23.49905776977539,1.3710504489274395,495
1772,ball,7,0,92,5.040709495544434,0.7024916690474572,495
1772,inner_race,7,0,93,22.613574981689453,1.3543692254187456,496
1772,ball,7,0,93,4.8592424392700195,0.6865685675977945,496
1772,inner_race,7,0,94,22.507017135620117,1.3523179415851774,497
1772,ball,7,0,94,5.728318691253662,0.7580271716606172,497
1772,ball,7,0,95,5.068115234375,0.7048464809320503,498
1772,inner_race,7,0,95,22.32733917236328,1.3488369697523774,498
1772,inner_race,7,0,96,23.77135467529297,1.3760539318855405,499
1772,ball,7,0,96,5.582564353942871,0.7468337381744986,499
1772,inner_race,7,0,97,22.264131546020508,1.347605759331289,500
1772,ball,7,0,97,5.011842727661133,0.6999974343132165,500
1772,inner_race,7,0,98,22.309709548950195,1.3484939162224612,501
1772,ball,7,0,98,5.011240005493164,0.6999452030947473,501
1772,inner_race,7,0,99,22.40589141845703,1.3503622270000422,502
1772,ball,7,0,99,5.468725204467773,0.7378861012532941,502
1772,ball,7,0,100,5.1987223625183105,0.7158966245799733,503
1772,inner_race,7,0,100,21.852792739868164,1.3395069467531064,503
1772,ball,14,1,101,7.518310546875,0.8761202604584988,504
1772,inner_race,14,1,101,8.285539627075195,0.9183207987456009,504
1772,ball,14,1,102,6.940309047698975,0.8413788097519658,505
1772,inner_race,14,1,102,6.865865707397461,0.8366953046087209,505
1772,ball,14,1,103,10.17794418334961,1.00766006483854,506
1772,inner_race,14,1,103,8.07508659362793,0.9071471882084824,506
1772,ball,14,1,104,3.9994263648986816,0.6019977052218864,507
1772,inner_race,14,1,104,6.792859077453613,0.8320526049456357,507
1772,ball,14,1,105,3.2097489833831787,0.5064710699767805,508
1772,inner_race,14,1,105,7.009243011474609,0.8456711172974154,508
1772,ball,14,1,106,4.90923547744751,0.6910138640622563,509
1772,inner_race,14,1,106,5.472411632537842,0.7381787573919018,509
1772,ball,14,1,107,3.981228828430176,0.6000171401735177,510
1772,inner_race,14,1,107,5.51084566116333,0.7412182481795783,510
1772,ball,14,1,108,3.229952096939087,0.5091960814056258,511
1772,inner_race,14,1,108,7.7369279861450195,0.88856855454593,511
1772,inner_race,14,1,109,8.861783027648926,0.9475211125373498,512
1772,ball,14,1,109,7.9834465980529785,0.9021904246042548,512
1772,inner_race,14,1,110,5.251072406768799,0.7202480067927394,513
1772,ball,14,1,110,5.518749237060547,0.74184066088261,513
1772,inner_race,14,1,111,5.444914817810059,0.735991089887125,514
1772,ball,14,1,111,10.229681968688965,1.0098621321099674,514
1772,ball,14,1,112,3.441861867904663,0.5367934368193884,515
1772,inner_race,14,1,112,4.879523277282715,0.6883773941013066,515
1772,ball,14,1,113,3.1059787273406982,0.4921984769462463,516
1772,inner_race,14,1,113,6.108391284942627,0.7859268488573087,516
1772,ball,14,1,114,7.747820854187012,0.8891795703669618,517
1772,inner_race,14,1,114,8.515475273132324,0.9302088921974493,517
1772,inner_race,14,1,115,9.730439186096191,0.9881324427137349,518
1772,ball,14,1,115,5.794487476348877,0.763015028558953,518
1772,inner_race,14,1,116,6.33443546295166,0.8017079157861773,519
1772,ball,14,1,116,5.483482837677002,0.7390564885437789,519
1772,inner_race,14,1,117,5.790104866027832,0.7626864294139312,520
1772,ball,14,1,117,4.3889079093933105,0.6423564683223233,520
1772,inner_race,14,1,118,6.900225639343262,0.8388632925226824,521
1772,ball,14,1,118,11.436908721923828,1.0583086550138696,521
1772,ball,14,1,119,7.724358558654785,0.887862425183866,522
1772,inner_race,14,1,119,9.820867538452148,0.9921498534204548,522
1772,inner_race,14,1,120,8.372796058654785,0.922870512959215,523
1772,ball,14,1,120,11.360968589782715,1.0554153591272681,523
1772,ball,14,1,121,9.435182571411133,0.9747503082094051,524
1772,inner_race,14,1,121,6.2929368019104,0.798853370279283,524
1772,inner_race,14,1,122,7.324230194091797,0.864761985336486,525
1772,ball,14,1,122,13.352092742919922,1.1255493402678405,525
1772,inner_race,14,1,123,8.052445411682129,0.9059277893767852,526
1772,ball,14,1,123,4.257928848266602,0.6291983999244329,526
1772,inner_race,14,1,124,8.332606315612793,0.9207808635254172,527
1772,ball,14,1,124,2.196833848953247,0.3417972115807536,527
1772,ball,14,1,125,7.518040180206299,0.8761046424731975,528
1772,inner_race,14,1,125,7.278079509735107,0.8620167957474134,528
1772,ball,14,1,126,6.7961530685424805,0.8322631518442599,529
1772,inner_race,14,1,126,7.780773162841797,0.8910227542740433,529
1772,inner_race,14,1,127,6.813620567321777,0.8333779451833471,530
1772,ball,14,1,127,2.2996416091918945,0.36166015807054197,530
1772,ball,14,1,128,6.360875129699707,0.8035168700279289,531
1772,inner_race,14,1,128,5.861404895782471,0.768001722734704,531
1772,inner_race,14,1,129,5.942924976348877,0.7740002477471285,532
1772,ball,14,1,129,3.778952121734619,0.5773713895623758,532
1772,ball,14,1,130,2.8321640491485596,0.45211840564786504,533
1772,inner_race,14,1,130,7.475735664367676,0.873653936696084,533
1772,inner_race,14,1,131,10.019624710083008,1.0008514551248007,534
1772,ball,14,1,131,4.160429954528809,0.6191382145763745,534
1772,inner_race,14,1,132,6.784134864807129,0.8314944728658973,535
1772,ball,14,1,132,6.873354434967041,0.8371687395414644,535
1772,inner_race,14,1,133,5.710075855255127,0.7566418776503849,536
1772,ball,14,1,133,3.6437532901763916,0.5615489642553517,536
1772,inner_race,14,1,134,6.316578388214111,0.800481890067903,537
1772,ball,14,1,134,3.315659999847412,0.5205699899841859,537
1772,ball,14,1,135,4.368561744689941,0.6403384783535199,538
1772,inner_race,14,1,135,6.375880718231201,0.8045401835608046,538
1772,inner_race,14,1,136,7.465292930603027,0.8730468536750411,539
1772,ball,14,1,136,3.2678701877593994,0.5142647963733794,539
1772,inner_race,14,1,137,10.019763946533203,1.0008574902013228,540
1772,ball,14,1,137,3.252847909927368,0.5122637578950008,540
1772,inner_race,14,1,138,6.479752540588379,0.8115584206377136,541
1772,ball,14,1,138,3.4898624420166016,0.542808308950441,541
1772,inner_race,14,1,139,6.186960220336914,0.7914773236903242,542
1772,ball,14,1,139,5.521115303039551,0.7420268170461212,542
1772,ball,14,1,140,2.237891912460327,0.3498391067876657,543
1772,inner_race,14,1,140,6.786900997161865,0.831671514036038,543
1772,ball,14,1,141,4.423468112945557,0.6457629009594172,544
1772,inner_race,14,1,141,10.62559700012207,1.0263533402823408,544
1772,ball,14,1,142,5.134846210479736,0.7105274409342317,545
1772,inner_race,14,1,142,9.352727890014648,0.9709382990856992,545
1772,inner_race,14,1,143,6.783453941345215,0.8314508805509206,546
1772,ball,14,1,143,4.269041061401367,0.6303303320478614,546
1772,inner_race,14,1,144,6.227302074432373,0.7942999330214133,547
1772,ball,14,1,144,4.106255054473877,0.613445921486203,547
1772,ball,14,1,145,6.2606987953186035,0.7966228102093776,548
1772,inner_race,14,1,145,7.973515510559082,0.9016498433801584,548
1772,ball,14,1,146,9.719334602355957,0.9876365336076771,549
1772,inner_race,14,1,146,9.249136924743652,0.966101208813717,549
1772,inner_race,14,1,147,7.177916526794434,0.8559984035425884,550
1772,ball,14,1,147,7.985633373260498,0.902309367513105,550
1772,ball,14,1,148,7.687404155731201,0.8857797141627848,551
1772,inner_race,14,1,148,7.004441738128662,0.8453735272432505,551
1772,inner_race,14,1,149,6.284083843231201,0.7982419708316122,552
1772,ball,14,1,149,8.280933380126953,0.9180792907695112,552
1772,inner_race,14,1,150,5.927060604095459,0.7728393679155285,553
1772,ball,14,1,150,4.364858627319336,0.639970181977582,553
1772,inner_race,14,1,151,5.555565357208252,0.7447282611206804,554
1772,ball,14,1,151,3.3626744747161865,0.5266848272679095,554
1772,ball,14,1,152,8.080875396728516,0.9074584102022576,555
1772,inner_race,14,1,152,6.205012798309326,0.7927426816009672,555
1772,ball,14,1,153,10.105996131896973,1.004579127674612,556
1772,inner_race,14,1,153,8.924386024475098,0.9505783474335782,556
1772,ball,14,1,154,3.8602426052093506,0.586614599695791,557
1772,inner_race,14,1,154,6.716604709625244,0.8271497896445167,557
1772,inner_race,14,1,155,4.888288497924805,0.6891568292638403,558
1772,ball,14,1,155,6.805881977081299,0.8328844135892416,558
1772,ball,14,1,156,9.229226112365723,0.9651652861591857,559
1772,inner_race,14,1,156,6.467091083526611,0.8107089776618893,559
1772,inner_race,14,1,157,5.463973045349121,0.7375085482347842,560
1772,ball,14,1,157,5.4457526206970215,0.7360579091474693,560
1772,inner_race,14,1,158,7.365766525268555,0.8672179487851832,561
1772,ball,14,1,158,1.8775321245193481,0.27358737650557013,561
1772,inner_race,14,1,159,8.746313095092773,0.941825019891675,562
1772,ball,14,1,159,1.8276959657669067,0.2619039532296044,562
1772,inner_race,14,1,160,7.2971720695495605,0.8631545871701413,563
1772,ball,14,1,160,2.169868230819702,0.33643336132988966,563
1772,ball,14,1,161,2.140197277069092,0.3304538071780203,564
1772,inner_race,14,1,161,5.8880839347839355,0.7699739922522832,564
1772,inner_race,14,1,162,7.115030765533447,0.8521767823222739,565
1772,ball,14,1,162,4.225041389465332,0.6258309677539615,565
1772,ball,14,1,163,6.840044975280762,0.8350589573417596,566
1772,inner_race,14,1,163,8.838492393493652,0.9463781924990146,566
1772,ball,14,1,164,9.867944717407227,0.9942267078026763,567
1772,inner_race,14,1,164,9.74523639678955,0.988792378556361,567
1772,ball,14,1,165,7.1959757804870605,0.8570896929699945,568
1772,inner_race,14,1,165,6.852330684661865,0.8358383132920888,568
1772,ball,14,1,166,5.562404632568359,0.7452625780735966,569
1772,inner_race,14,1,166,6.528994560241699,0.814846306763753,569
1772,inner_race,14,1,167,7.887452602386475,0.8969367624792769,570
1772,ball,14,1,167,3.676913261413574,0.5654833849589442,570
1772,ball,14,1,168,3.0677683353424072,0.4868225604656031,571
1772,inner_race,14,1,168,10.369826316833496,1.0157714824958404,571
1772,inner_race,14,1,169,8.886610984802246,0.948736169157628,572
1772,ball,14,1,169,8.11717700958252,0.9094050166393657,572
1772,inner_race,14,1,170,6.138640403747559,0.7880721935297955,573
1772,ball,14,1,170,3.759658098220825,0.5751483521597157,573
1772,inner_race,14,1,171,6.886146545410156,0.837976260771467,574
1772,ball,14,1,171,4.008052349090576,0.6029333852076671,574
1772,ball,14,1,172,5.109577178955078,0.708384963452885,575
1772,inner_race,14,1,172,5.883687973022461,0.7696496329222924,575
1772,ball,14,1,173,2.8811230659484863,0.4595618093810174,576
1772,inner_race,14,1,173,6.067958354949951,0.7830425915152369,576
1772,ball,14,1,174,3.517569065093994,0.5462426332694699,577
1772,inner_race,14,1,174,7.711188316345215,0.8871213092396458,577
1772,inner_race,14,1,175,8.589858055114746,0.9339859873015872,578
1772,ball,14,1,175,3.925640344619751,0.5939105083302303,578
1772,ball,14,1,176,2.740792751312256,0.43787619702640784,579
1772,inner_race,14,1,176,8.72995662689209,0.9410120860024516,579
1772,inner_race,14,1,177,5.293231010437012,0.7237208481512467,580
1772,ball,14,1,177,7.59149169921875,0.8803271214931703,580
1772,ball,14,1,178,1.7254801988601685,0.23690997981115852,581
1772,inner_race,14,1,178,6.026856422424316,0.7800908454099096,581
1772,inner_race,14,1,179,7.21908712387085,0.8584822831470474,582
1772,ball,14,1,179,2.453122138977051,0.38971917191744176,582
1772,ball,14,1,180,4.435567855834961,0.6469492275203118,583
1772,inner_race,14,1,180,7.644244194030762,0.8833345520650981,583
1772,inner_race,14,1,181,8.235552787780762,0.9156927552514409,584
1772,ball,14,1,181,5.191566467285156,0.7152984186291853,584
1772,inner_race,14,1,182,9.46362590789795,0.9760575645291405,585
1772,ball,14,1,182,2.6380109786987305,0.4212765986320127,585
1772,inner_race,14,1,183,7.023299217224121,0.8465411712813242,586
1772,ball,14,1,183,6.080221176147461,0.7839193776005762,586
1772,ball,14,1,184,5.123175144195557,0.7095392032035837,587
1772,inner_race,14,1,184,7.000898361206055,0.8451537726258387,587
1772,inner_race,14,1,185,9.01559066772461,0.9549941853379567,588
1772,ball,14,1,185,3.740813732147217,0.5729660837355994,588
1772,inner_race,14,1,186,11.145332336425781,1.0470930229933724,589
1772,ball,14,1,186,2.660700798034668,0.42499603987706697,589
1772,inner_race,14,1,187,7.019837379455566,0.8463270514427494,590
1772,ball,14,1,187,4.412303924560547,0.6446654195010518,590
1772,ball,14,1,188,3.8271875381469727,0.5828797438515791,591
1772,inner_race,14,1,188,5.652982711791992,0.7522776572830763,591
1772,inner_race,14,1,189,6.656360626220703,0.8232368429904506,592
1772,ball,14,1,189,4.59445333480835,0.662233844819017,592
1772,inner_race,14,1,190,9.357702255249023,0.9711692226300952,593
1772,ball,14,1,190,7.847764492034912,0.8947459615808177,593
1772,inner_race,14,1,191,8.504440307617188,0.9296457371947111,594
1772,ball,14,1,191,4.374373912811279,0.6409159029197573,594
1772,inner_race,14,1,192,5.506242275238037,0.7408553164805095,595
1772,ball,14,1,192,2.555119514465332,0.40741121885776843,595
1772,inner_race,14,1,193,5.965439319610596,0.7756424324249808,596
1772,ball,14,1,193,8.91418743133545,0.9500817614013742,596
1772,inner_race,14,1,194,6.087032794952393,0.7844056415966902,597
1772,ball,14,1,194,7.493628025054932,0.8746921314218468,597
1772,inner_race,14,1,195,5.681891918182373,0.7544929682493897,598
1772,ball,14,1,195,2.9722325801849365,0.47308279039769474,598
1772,ball,14,1,196,4.466986179351807,0.6500146087869199,599
1772,inner_race,14,1,196,6.5685272216796875,0.8174680040804595,599
1772,inner_race,14,1,197,6.415196895599365,0.8072099903072143,600
1772,ball,14,1,197,5.035555839538574,0.7020474162443183,600
1772,inner_race,14,1,198,7.572739124298096,0.8792529959333838,601
1772,ball,14,1,198,2.915729284286499,0.46474719872742687,601
1772,inner_race,14,1,199,6.227444648742676,0.7943098760957454,602
1772,ball,14,1,199,3.3377504348754883,0.5234538611603823,602
1772,inner_race,14,1,200,5.334257125854492,0.7270739460460878,603
1772,ball,14,1,200,4.877057075500488,0.6881578381074307,603
1772,ball,14,1,201,4.5017194747924805,0.6533784283931718,604
1772,inner_race,14,1,201,7.166586875915527,0.855312369910943,604
1772,ball,21,2,202,10.901095390319824,1.0374701399653306,605
1772,inner_race,21,2,202,46.9029541015625,1.6712001968644337,605
1772,ball,21,2,203,3.508087635040283,0.5450704338784482,606
1772,inner_race,21,2,203,48.55409622192383,1.686225874646405,606
1772,ball,21,2,204,3.331266164779663,0.5226093337650418,607
1772,inner_race,21,2,204,56.74614715576172,1.7539363799480627,607
1772,ball,21,2,205,2.7074031829833984,0.4325529351596443,608
1772,inner_race,21,2,205,49.404991149902344,1.6937708258338628,608
1772,ball,21,2,206,3.7402286529541016,0.5728981529172765,609
1772,inner_race,21,2,206,57.23587417602539,1.7576683202805181,609
1772,ball,21,2,207,3.129251003265381,0.4954404001423752,610
1772,inner_race,21,2,207,50.518489837646484,1.7034503595994523,610
1772,ball,21,2,208,2.931204319000244,0.46704609190198654,611
1772,inner_race,21,2,208,51.894901275634766,1.715124690090579,611
1772,ball,21,2,209,11.990942001342773,1.0788533023578253,612
1772,inner_race,21,2,209,56.65066909790039,1.7532050436576674,612
1772,inner_race,21,2,210,49.8973388671875,1.6980773843786219,613
1772,ball,21,2,210,11.919026374816895,1.0762407807973229,613
1772,inner_race,21,2,211,48.2817497253418,1.6837830004951406,614
1772,ball,21,2,211,6.936288833618164,0.8411271692770963,614
1772,inner_race,21,2,212,40.44673156738281,1.6068834327566779,615
1772,ball,21,2,212,4.280953407287598,0.6315405011190539,615
1772,ball,21,2,213,3.070310592651367,0.48718231093376907,616
1772,inner_race,21,2,213,50.205265045166016,1.7007492641601811,616
1772,ball,21,2,214,3.728194236755371,0.5714985307617598,617
1772,inner_race,21,2,214,54.5115966796875,1.7364889029783857,617
1772,ball,21,2,215,3.1166610717773438,0.49368957652769785,618
1772,inner_race,21,2,215,49.3519401550293,1.6933042306036425,618
1772,inner_race,21,2,216,59.90750503540039,1.7774812329283536,619
1772,ball,21,2,216,3.232879400253296,0.5095895039368213,619
1772,inner_race,21,2,217,47.16461944580078,1.6736163346243,620
1772,ball,21,2,217,3.0764780044555664,0.48805381440934825,620
1772,inner_race,21,2,218,46.17962646484375,1.6644504156986706,621
1772,ball,21,2,218,2.971414804458618,0.4729632828076135,621
1772,inner_race,21,2,219,42.60867691040039,1.6294980486469794,622
1772,ball,21,2,219,2.996577501296997,0.47662551445378337,622
1772,ball,21,2,220,2.996340274810791,0.47659113181820467,623
1772,inner_race,21,2,220,56.17649841308594,1.7495546653164606,623
1772,inner_race,21,2,221,51.38129425048828,1.710805039571549,624
1772,ball,21,2,221,2.975367307662964,0.4735405868190108,624
1772,ball,21,2,222,3.022447109222412,0.480358709739979,625
1772,inner_race,21,2,222,51.82149887084961,1.7145099702461977,625
1772,inner_race,21,2,223,49.828025817871094,1.6974736808016164,626
1772,ball,21,2,223,3.0978026390075684,0.49105374540502106,626
1772,inner_race,21,2,224,45.0311279296875,1.6535128252108637,627
1772,ball,21,2,224,3.0268197059631348,0.4809865527579292,627
1772,inner_race,21,2,225,54.431461334228516,1.735849994079563,628
1772,ball,21,2,225,3.040823221206665,0.48299117309182826,628
1772,ball,21,2,226,2.9136271476745605,0.46443397500161737,629
1772,inner_race,21,2,226,48.404937744140625,1.6848896658934551,629
1772,ball,21,2,227,3.053579807281494,0.4848092750471409,630
1772,inner_race,21,2,227,46.698238372802734,1.6693004977095538,630
1772,inner_race,21,2,228,45.27226638793945,1.6558322363803504,631
1772,ball,21,2,228,3.4055051803588867,0.532181545255705,631
1772,ball,21,2,229,2.817345380783081,0.4498400907819194,632
1772,inner_race,21,2,229,51.593116760253906,1.7125917645643989,632
1772,inner_race,21,2,230,47.97506332397461,1.6810155566484595,633
1772,ball,21,2,230,3.045919895172119,0.48371847761388503,633
1772,ball,21,2,231,3.2847256660461426,0.5164991039726751,634
1772,inner_race,21,2,231,52.94639205932617,1.7238363712024913,634
1772,inner_race,21,2,232,48.147369384765625,1.6825725636746776,635
1772,ball,21,2,232,2.930856466293335,0.4669945501262062,635
1772,inner_race,21,2,233,48.98128128051758,1.6900301414620411,636
1772,ball,21,2,233,3.316020965576172,0.5206172677181808,636
1772,inner_race,21,2,234,45.69626235961914,1.6598806792169893,637
1772,ball,21,2,234,2.9954044818878174,0.47645547526991744,637
1772,inner_race,21,2,235,44.92853546142578,1.6525222620965254,638
1772,ball,21,2,235,3.062631130218506,0.4860946926088723,638
1772,ball,21,2,236,3.171761989593506,0.5013005902204664,639
1772,inner_race,21,2,236,61.090599060058594,1.7859743838847049,639
1772,inner_race,21,2,237,52.54184341430664,1.7205053058047706,640
1772,ball,21,2,237,3.5532917976379395,0.5506308733774365,640
1772,inner_race,21,2,238,53.417911529541016,1.727686904484187,641
1772,ball,21,2,238,9.145225524902344,0.9611944198193179,641
1772,inner_race,21,2,239,46.53616714477539,1.6677906106562919,642
1772,ball,21,2,239,8.326554298400879,0.9204653184801365,642
1772,inner_race,21,2,240,45.900577545166016,1.6618181500928308,643
1772,ball,21,2,240,2.802563428878784,0.44755545052671497,643
1772,ball,21,2,241,2.6121764183044434,0.41700250449768184,644
1772,inner_race,21,2,241,47.140350341796875,1.6733928058281813,644
1772,ball,21,2,242,3.199108123779297,0.505028918660901,645
1772,inner_race,21,2,242,47.36673355102539,1.6754734364552544,645
1772,ball,21,2,243,3.2433133125305176,0.5109889046799261,646
1772,inner_race,21,2,243,47.60372543334961,1.6776409416246016,646
1772,inner_race,21,2,244,50.31157684326172,1.7016679290052494,647
1772,ball,21,2,244,2.951800584793091,0.47008701444866896,647
1772,inner_race,21,2,245,54.7526969909668,1.738405516378762,648
1772,ball,21,2,245,3.232895612716675,0.5095916818608505,648
1772,ball,21,2,246,3.230146646499634,0.5092222394579972,649
1772,inner_race,21,2,246,51.41141128540039,1.711059525770345,649
1772,ball,21,2,247,3.213883876800537,0.5070301808978209,650
1772,inner_race,21,2,247,46.256465911865234,1.6651724487198092,650
1772,inner_race,21,2,248,48.59684753417969,1.6866080975973605,651
1772,ball,21,2,248,3.4974007606506348,0.5437454001579228,651
1772,ball,21,2,249,3.0661027431488037,0.4865867036934912,652
1772,inner_race,21,2,249,45.23876190185547,1.6555107106090752,652
1772,inner_race,21,2,250,50.36939239501953,1.7021667120035961,653
1772,ball,21,2,250,2.8706858158111572,0.4579856634383064,653
1772,inner_race,21,2,251,57.518131256103516,1.759804767528751,654
1772,ball,21,2,251,2.8788278102874756,0.45921568944273516,654
1772,inner_race,21,2,252,42.30765151977539,1.626418918493434,655
1772,ball,21,2,252,3.5419514179229736,0.5492426000294739,655
1772,ball,21,2,253,3.14064884185791,0.497019380343436,656
1772,inner_race,21,2,253,53.8591423034668,1.7312594330740538,656
1772,ball,21,2,254,3.423335075378418,0.534449409878699,657
1772,inner_race,21,2,254,48.21360778808594,1.6831696306291035,657
1772,ball,21,2,255,3.377305030822754,0.5285702869370422,658
1772,inner_race,21,2,255,54.65414047241211,1.7376230686865664,658
1772,inner_race,21,2,256,52.7621955871582,1.7223228594965314,659
1772,ball,21,2,256,2.9834494590759277,0.47471868510609233,659
1772,ball,21,2,257,2.9736008644104004,0.4732826743348488,660
1772,inner_race,21,2,257,49.6252555847168,1.695702756521727,660
1772,inner_race,21,2,258,51.74911880493164,1.7139029589325498,661
1772,ball,21,2,258,3.2298648357391357,0.5091843482379461,661
1772,inner_race,21,2,259,49.59491729736328,1.6954371703850388,662
1772,ball,21,2,259,3.1302006244659424,0.49557217374651624,662
1772,inner_race,21,2,260,53.97951126098633,1.7322289480675221,663
1772,ball,21,2,260,3.2554683685302734,0.5126134799195933,663
1772,inner_race,21,2,261,56.393795013427734,1.751231321364963,664
1772,ball,21,2,261,3.0491397380828857,0.48417732796907825,664
1772,ball,21,2,262,14.836856842041016,1.171341906284025,665
1772,inner_race,21,2,262,52.21487045288086,1.7177942048398493,665
1772,inner_race,21,2,263,51.52864074707031,1.712048686535737,666
1772,ball,21,2,263,8.865612030029297,0.9477087221241435,666
1772,ball,21,2,264,2.8303427696228027,0.45183903409013265,667
1772,inner_race,21,2,264,43.48801040649414,1.6383695389772173,667
1772,ball,21,2,265,3.3261613845825195,0.521943317262721,668
1772,inner_race,21,2,265,52.9568977355957,1.7239225358014632,668
1772,ball,21,2,266,3.483501434326172,0.5420159936906866,669
1772,inner_race,21,2,266,59.3550910949707,1.773457975853808,669
1772,ball,21,2,267,2.9817254543304443,0.4744676528130066,670
1772,inner_race,21,2,267,50.158058166503906,1.7003407147465768,670
1772,inner_race,21,2,268,59.86796951293945,1.777194528827497,671
1772,ball,21,2,268,3.436691999435425,0.5361406118755323,671
1772,ball,21,2,269,3.528188467025757,0.5475517760071607,672
1772,inner_race,21,2,269,46.392974853515625,1.6664522216466582,672
1772,inner_race,21,2,270,45.801700592041016,1.6608816034193297,673
1772,ball,21,2,270,5.519087791442871,0.7418673023885018,673
1772,inner_race,21,2,271,50.32329559326172,1.7017690746292182,674
1772,ball,21,2,271,5.178494930267334,0.7142035554098007,674
1772,inner_race,21,2,272,47.791019439697266,1.6793462946411761,675
1772,ball,21,2,272,3.0562362670898438,0.48518692501068084,675
1772,ball,21,2,273,3.308544158935547,0.5196369355200557,676
1772,inner_race,21,2,273,55.363887786865234,1.743226579734425,676
1772,ball,21,2,274,3.3476722240448,0.524742928933726,677
1772,inner_race,21,2,274,47.780670166015625,1.679252236819498,677
1772,ball,21,2,275,2.7863504886627197,0.4450357444348149,678
1772,inner_race,21,2,275,52.04487991333008,1.7163780107963673,678
1772,inner_race,21,2,276,47.502105712890625,1.6767128618189555,679
1772,ball,21,2,276,3.0322351455688477,0.48176287719193117,679
1772,ball,21,2,277,4.536759376525879,0.6567457454951803,680
1772,inner_race,21,2,277,55.41197204589844,1.7436036064568101,680
1772,inner_race,21,2,278,49.984649658203125,1.698836652490253,681
1772,ball,21,2,278,19.379627227783203,1.287345419026729,681
1772,ball,21,2,279,3.669893503189087,0.5646534616230994,682
1772,inner_race,21,2,279,55.56808090209961,1.7448253982606308,682
1772,inner_race,21,2,280,41.62633514404297,1.6193681765177679,683
1772,ball,21,2,280,3.543671131134033,0.5494534105736464,683
1772,ball,21,2,281,2.5681910514831543,0.40962732839938193,684
1772,inner_race,21,2,281,53.7889518737793,1.730693081744777,684
1772,inner_race,21,2,282,52.32778549194336,1.7187323558178345,685
1772,ball,21,2,282,3.0392954349517822,0.48277291776113146,685
1772,inner_race,21,2,283,46.47296905517578,1.6672004194788375,686
1772,ball,21,2,283,3.2681968212127686,0.5143082032436966,686
1772,inner_race,21,2,284,54.6696891784668,1.737746604741009,687
1772,ball,21,2,284,3.070995569229126,0.48727918985214436,687
1772,ball,21,2,285,4.486934185028076,0.6519496992881975,688
1772,inner_race,21,2,285,59.86330795288086,1.7771607116018835,688
1772,inner_race,21,2,286,58.9938850402832,1.7708069975591934,689
1772,ball,21,2,286,17.60845375061035,1.2457212209836823,689
1772,inner_race,21,2,287,44.812408447265625,1.6513982857396197,690
1772,ball,21,2,287,8.724286079406738,0.9407298981573137,690
1772,inner_race,21,2,288,50.351985931396484,1.7020166042250529,691
1772,ball,21,2,288,4.063889980316162,0.6089419419952623,691
1772,ball,21,2,289,2.9107048511505127,0.4639981697069901,692
1772,inner_race,21,2,289,55.58955764770508,1.7449932181665488,692
1772,inner_race,21,2,290,55.27729797363281,1.7425468060046865,693
1772,ball,21,2,290,3.1852402687072754,0.5031421975624476,693
1772,inner_race,21,2,291,64.4198989868164,1.8090200394917038,694
1772,ball,21,2,291,3.2560877799987793,0.5126961044036566,694
1772,inner_race,21,2,292,57.62897872924805,1.760640923308892,695
1772,ball,21,2,292,2.715649366378784,0.4338736948878399,695
1772,inner_race,21,2,293,48.36083984375,1.6844938342966582,696
1772,ball,21,2,293,3.3519487380981445,0.525297368272278,696
1772,inner_race,21,2,294,46.71583938598633,1.6694641566178339,697
1772,ball,21,2,294,3.4647655487060547,0.5396738524115686,697
1772,inner_race,21,2,295,52.00302505493164,1.7160286076050335,698
1772,ball,21,2,295,11.977380752563477,1.0783618556928658,698
1772,inner_race,21,2,296,54.52308654785156,1.736580433236689,699
1772,ball,21,2,296,15.4356050491333,1.1885236577474791,699
1772,ball,21,2,297,10.632234573364258,1.026624549649677,700
1772,inner_race,21,2,297,52.900733947753906,1.7234616975030184,700
1772,inner_race,21,2,298,56.821678161621094,1.7545140559544867,701
1772,ball,21,2,298,2.9626779556274414,0.4716844460479924,701
1772,inner_race,21,2,299,51.54440689086914,1.7121815466667418,702
1772,ball,21,2,299,3.0517749786376953,0.48455250793987215,702
1772,inner_race,21,2,300,54.71402359008789,1.738098653339333,703
1772,ball,21,2,300,2.894627571105957,0.46159269441292367,703
1772,inner_race,21,2,301,53.65797805786133,1.7296343035416974,704
1772,ball,21,2,301,3.008340358734131,0.47832697007052183,704
1772,ball,21,2,302,3.1596879959106445,0.49964420023100237,705
1772,inner_race,21,2,302,54.25480651855469,1.7344382190554564,705
1772,ball,28,3,303,1046.1954345703125,3.0196128205038364,706
1772,inner_race,28,3,303,197.42086791992188,2.2953930568618426,706
1772,ball,28,3,304,1063.6365966796875,3.0267932717420907,707
1772,inner_race,28,3,304,169.55239868164062,2.229303938182708,707
1772,ball,28,3,305,1161.2572021484375,3.064928420516122,708
1772,inner_race,28,3,305,184.08685302734375,2.2650227735037025,708
1772,ball,28,3,306,994.2781372070312,2.9975078899882597,709
1772,inner_race,28,3,306,165.13792419433594,2.217846821154822,709
1772,ball,28,3,307,1334.448974609375,3.1253019723016853,710
1772,inner_race,28,3,307,186.12374877929688,2.26980179121652,710
1772,ball,28,3,308,1139.70556640625,3.0567926694059215,711
1772,inner_race,28,3,308,176.197509765625,2.245999766149297,711
1772,ball,28,3,309,1089.89892578125,3.0373862245362213,712
1772,inner_race,28,3,309,175.25225830078125,2.2436636229938953,712
1772,ball,28,3,310,1356.092529296875,3.132289323448493,713
1772,inner_race,28,3,310,171.4073944091797,2.234029553187149,713
1772,inner_race,28,3,311,167.53451538085938,2.224104293732519,714
1772,ball,28,3,311,1018.4248657226562,3.007928994449903,714
1772,inner_race,28,3,312,191.15684509277344,2.2813898541876028,715
1772,ball,28,3,312,1038.1875,3.016275795575671,715
1772,inner_race,28,3,313,183.14678955078125,2.2627993101553523,716
1772,ball,28,3,313,1117.7908935546875,3.0483605671737326,716
1772,ball,28,3,314,1340.16796875,3.1271592336854317,717
1772,inner_race,28,3,314,179.7109375,2.2545745097820045,717
1772,ball,28,3,315,1336.15380859375,3.12585645393198,718
1772,inner_race,28,3,315,198.6377716064453,2.298061834494289,718
1772,ball,28,3,316,1182.15087890625,3.072672909451058,719
1772,inner_race,28,3,316,170.6370849609375,2.2320734233356943,719
1772,inner_race,28,3,317,163.84010314941406,2.214420212716191,720
1772,ball,28,3,317,843.2102661132812,2.9259358854505484,720
1772,inner_race,28,3,318,177.27114868164062,2.248638058849956,721
1772,ball,28,3,318,1195.6964111328125,3.0776209257172513,721
1772,inner_race,28,3,319,195.4432373046875,2.291020647640769,722
1772,ball,28,3,319,1124.8988037109375,3.051113454921423,722
1772,inner_race,28,3,320,174.8246612548828,2.242602695412047,723
1772,ball,28,3,320,938.1752319335938,2.9722839632769302,723
1772,ball,28,3,321,1155.081298828125,3.0626125525310814,724
1772,inner_race,28,3,321,174.89700317382812,2.2427823679908543,724
1772,inner_race,28,3,322,177.35906982421875,2.248853402415474,725
1772,ball,28,3,322,973.8287353515625,2.9884825853880392,725
1772,ball,28,3,323,1019.1665649414062,3.0082451676407738,726
1772,inner_race,28,3,323,171.81497192382812,2.2350610054823745,726
1772,inner_race,28,3,324,181.8195343017578,2.2596405410625873,727
1772,ball,28,3,324,1026.1634521484375,3.0112165427565967,727
1772,inner_race,28,3,325,182.33041381835938,2.2608591176499977,728
1772,ball,28,3,325,1082.7666015625,3.034534851290553,728
1772,inner_race,28,3,326,175.8773193359375,2.2452098376249356,729
1772,ball,28,3,326,1231.7091064453125,3.090508152323068,729
1772,ball,28,3,327,682.0650024414062,2.8338257659414747,730
1772,inner_race,28,3,327,159.02593994140625,2.201467971204455,730
1772,ball,28,3,328,1002.6201782226562,3.001136440754365,731
1772,inner_race,28,3,328,192.6923065185547,2.2848643752509954,731
1772,inner_race,28,3,329,189.50840759277344,2.2776284823259876,732
1772,ball,28,3,329,989.990234375,2.9956309105794006,732
1772,ball,28,3,330,853.5193481445312,2.9312133704386425,733
1772,inner_race,28,3,330,188.8694610595703,2.2761617410583344,733
1772,inner_race,28,3,331,192.02969360351562,2.283368388969514,734
1772,ball,28,3,331,1137.02978515625,3.0557718414331823,734
1772,ball,28,3,332,719.11328125,2.8567973097800485,735
1772,inner_race,28,3,332,177.2454376220703,2.2485750650620986,735
1772,inner_race,28,3,333,180.1660614013672,2.2556729845660337,736
1772,ball,28,3,333,1116.040771484375,3.0476800606474774,736
1772,inner_race,28,3,334,203.40673828125,2.308365335754338,737
1772,ball,28,3,334,965.0782470703125,2.9845625267046314,737
1772,inner_race,28,3,335,164.75306701660156,2.2168335080975368,738
1772,ball,28,3,335,1118.4044189453125,3.0485988743527628,738
1772,inner_race,28,3,336,184.45791625976562,2.2658972982950507,739
1772,ball,28,3,336,1128.832763671875,3.0526296060576,739
1772,ball,28,3,337,905.5712280273438,2.956922615580657,740
1772,inner_race,28,3,337,184.0227813720703,2.2648715904646712,740
1772,inner_race,28,3,338,178.88429260253906,2.252572207892531,741
1772,ball,28,3,338,529.6867065429688,2.7240190736577445,741
1772,inner_race,28,3,339,212.3897705078125,2.327133595653337,742
1772,ball,28,3,339,1065.2655029296875,3.027457863255335,742
1772,inner_race,28,3,340,185.24790954589844,2.267753315826516,743
1772,ball,28,3,340,1069.3524169921875,3.029120855379167,743
1772,inner_race,28,3,341,193.01646423339844,2.285594355747385,744
1772,ball,28,3,341,861.1605224609375,2.935084112569996,744
1772,ball,28,3,342,1214.639404296875,3.0844473660267138,745
1772,inner_race,28,3,342,173.2478790283203,2.238667926504998,745
1772,ball,28,3,343,1117.8900146484375,3.0483990769126903,746
1772,inner_race,28,3,343,164.86785888671875,2.217135997859909,746
1772,ball,28,3,344,803.9099731445312,2.9052074164652426,747
1772,inner_race,28,3,344,171.08082580566406,2.233201337925535,747
1772,inner_race,28,3,345,176.24481201171875,2.2461163418458816,748
1772,ball,28,3,345,1106.98974609375,3.044143598082402,748
1772,inner_race,28,3,346,185.1577606201172,2.2675419195929116,749
1772,ball,28,3,346,1132.9427490234375,3.0542079642222544,749
1772,ball,28,3,347,1137.73046875,3.056039388773547,750
1772,inner_race,28,3,347,187.661376953125,2.2733748986088815,750
1772,ball,28,3,348,1625.5166015625,3.210991409347474,751
1772,inner_race,28,3,348,185.03512573242188,2.2672541795583157,751
1772,inner_race,28,3,349,180.03921508789062,2.2553671108886313,752
1772,ball,28,3,349,903.475341796875,2.955916304027347,752
1772,ball,28,3,350,1177.3382568359375,3.070901256362716,753
1772,inner_race,28,3,350,180.0419158935547,2.2553736257815022,753
1772,inner_race,28,3,351,192.096923828125,2.2835204102798743,754
1772,ball,28,3,351,1073.0625,3.0306250179721266,754
1772,inner_race,28,3,352,175.0123748779297,2.2430687581216575,755
1772,ball,28,3,352,1204.383544921875,3.0807648132651257,755
1772,inner_race,28,3,353,186.5059051513672,2.2706925869975394,756
1772,ball,28,3,353,1069.0245361328125,3.028987673202043,756
1772,ball,28,3,354,1193.2054443359375,3.07671522628545,757
1772,inner_race,28,3,354,188.38369750976562,2.27504331678015,757
1772,ball,28,3,355,964.4197998046875,2.98426611798253,758
1772,inner_race,28,3,355,188.66453552246094,2.2756902707297604,758
1772,ball,28,3,356,1175.44287109375,3.070201526381708,759
1772,inner_race,28,3,356,193.3828887939453,2.2864180435260284,759
1772,inner_race,28,3,357,203.0781707763672,2.307663242849035,760
1772,ball,28,3,357,1419.96337890625,3.152277143999942,760
1772,ball,28,3,358,1469.3917236328125,3.1671375893461673,761
1772,inner_race,28,3,358,184.5393524169922,2.2660889922575125,761
1772,inner_race,28,3,359,206.9911651611328,2.3159518092073936,762
1772,ball,28,3,359,880.47998046875,2.9447194858333425,762
1772,inner_race,28,3,360,189.53799438476562,2.277696280782633,763
1772,ball,28,3,360,1017.7196655273438,3.007628166526338,763
1772,inner_race,28,3,361,186.82188415527344,2.2714277477570275,764
1772,ball,28,3,361,964.4618530273438,2.984285054844231,764
1772,inner_race,28,3,362,194.9828643798828,2.289996446068884,765
1772,ball,28,3,362,906.1826782226562,2.9572157563377424,765
1772,ball,28,3,363,1113.5556640625,3.046711931285601,766
1772,inner_race,28,3,363,190.7882080078125,2.280551528882769,766
1772,inner_race,28,3,364,184.92889404296875,2.2670047723979723,767
1772,ball,28,3,364,1162.3883056640625,3.06535123204434,767
1772,ball,28,3,365,1364.224365234375,3.1348858018234416,768
1772,inner_race,28,3,365,186.6861572265625,2.271112116219022,768
1772,ball,28,3,366,1049.519775390625,3.020990626112429,769
1772,inner_race,28,3,366,185.3740234375,2.268048876150682,769
1772,ball,28,3,367,1099.1485595703125,3.0410563950998295,770
1772,inner_race,28,3,367,173.8463592529297,2.2401655999780403,770
1772,ball,28,3,368,1130.531005859375,3.053282477772911,771
1772,inner_race,28,3,368,172.1909942626953,2.2360104337361424,771
1772,inner_race,28,3,369,180.31869506835938,2.256040755807946,772
1772,ball,28,3,369,1240.8895263671875,3.0937331189485655,772
1772,ball,28,3,370,717.9613037109375,2.856101037504569,773
1772,inner_race,28,3,370,178.69187927246094,2.2521048162588833,773
1772,inner_race,28,3,371,188.36276245117188,2.2749950510024917,774
1772,ball,28,3,371,1146.7891845703125,3.0594835884394436,774
1772,inner_race,28,3,372,183.70562744140625,2.264122460221522,775
1772,ball,28,3,372,1012.466552734375,3.005380685019715,775
1772,inner_race,28,3,373,183.7657012939453,2.264264456294993,776
1772,ball,28,3,373,739.9885864257812,2.8692250212302612,776
1772,ball,28,3,374,1276.0838623046875,3.105879216500641,777
1772,inner_race,28,3,374,172.5613555908203,2.2369435437965084,777
1772,ball,28,3,375,1242.737548828125,3.0943794205719883,778
1772,inner_race,28,3,375,184.84620666503906,2.2668105425945715,778
1772,ball,28,3,376,873.2460327148438,2.941136621250463,779
1772,inner_race,28,3,376,149.07452392578125,2.173403431086794,779
1772,inner_race,28,3,377,195.72137451171875,2.2916382570611207,780
1772,ball,28,3,377,1083.0616455078125,3.0346531764239835,780
1772,ball,28,3,378,1245.28564453125,3.095268981644477,781
1772,inner_race,28,3,378,180.18975830078125,2.255730102737052,781
1772,inner_race,28,3,379,196.95169067382812,2.2943597132343343,782
1772,ball,28,3,379,1459.7086181640625,3.1642661721180554,782
1772,ball,28,3,380,634.3367919921875,2.802319901521683,783
1772,inner_race,28,3,380,186.86705017089844,2.271532730001077,783
1772,inner_race,28,3,381,186.48851013183594,2.270652079361548,784
1772,ball,28,3,381,934.1270751953125,2.970405960065373,784
1772,ball,28,3,382,896.0691528320312,2.9523415269996973,785
1772,inner_race,28,3,382,200.4518585205078,2.3020100872338802,785
1772,inner_race,28,3,383,170.47080993652344,2.231650024567263,786
1772,ball,28,3,383,840.928955078125,2.924759306474665,786
1772,inner_race,28,3,384,188.12193298339844,2.274439432543267,787
1772,ball,28,3,384,1158.306884765625,3.0638236377188597,787
1772,inner_race,28,3,385,180.5287322998047,2.256546332481045,788
1772,ball,28,3,385,853.1122436523438,2.9310061748860483,788
1772,ball,28,3,386,993.9898071289062,2.9973819309462395,789
1772,inner_race,28,3,386,182.10008239746094,2.260310142306477,789
1772,inner_race,28,3,387,192.4796142578125,2.2843847396410766,790
1772,ball,28,3,387,1071.1068115234375,3.0298327811420807,790
1772,inner_race,28,3,388,189.28692626953125,2.277120619008299,791
1772,ball,28,3,388,1252.790283203125,3.097878376285045,791
1772,inner_race,28,3,389,180.0734100341797,2.255449588844087,792
1772,ball,28,3,389,1142.73681640625,3.0579462195959826,792
1772,ball,28,3,390,1420.73681640625,3.1525136347406413,793
1772,inner_race,28,3,390,187.55538940429688,2.273129548118403,793
1772,inner_race,28,3,391,176.04495239257812,2.245623577378502,794
1772,ball,28,3,391,910.7218627929688,2.959385762376191,794
1772,inner_race,28,3,392,176.1044464111328,2.2457703214836924,795
1772,ball,28,3,392,1259.2183837890625,3.1001010554850223,795
1772,inner_race,28,3,393,182.02809143066406,2.2601384155229907,796
1772,ball,28,3,393,860.7476806640625,2.9348758611459167,796
1772,inner_race,28,3,394,186.23507690429688,2.2700614826134946,797
1772,ball,28,3,394,847.982421875,2.928386849707405,797
1772,inner_race,28,3,395,178.36549377441406,2.2513108404389994,798
1772,ball,28,3,395,904.6659545898438,2.9564882467641627,798
1772,inner_race,28,3,396,181.2224578857422,2.2582120163622617,799
1772,ball,28,3,396,937.9476928710938,2.9721786194762236,799
1772,inner_race,28,3,397,173.82864379882812,2.2401213418409878,800
1772,ball,28,3,397,1190.8458251953125,3.075855538475974,800
1772,ball,28,3,398,1246.103759765625,3.0955542063821344,801
1772,inner_race,28,3,398,212.25843811035156,2.326864964178279,801
1772,inner_race,28,3,399,164.1503448486328,2.215241799436367,802
1772,ball,28,3,399,1250.4315185546875,3.0970599120375715,802
1772,inner_race,28,3,400,180.61868286132812,2.2567626709161637,803
1772,ball,28,3,400,1015.8963623046875,3.0068494052166534,803
1772,inner_race,28,3,401,182.115234375,2.260346277086844,804
1772,ball,28,3,401,1328.439208984375,3.123341685350209,804
1772,inner_race,28,3,402,196.685791015625,2.293772986729704,805
1772,ball,28,3,402,987.6806030273438,2.9946165247811503,805
1772,ball,28,3,403,1225.5565185546875,3.088333344254302,806
1772,inner_race,28,3,403,183.70176696777344,2.2641133336638,806
1797,healthy,healthy,-1,0,1.106286883354187,0.04386776322694158,0
1797,healthy,healthy,-1,1,1.0590406656265259,0.024912636706279457,1
1797,healthy,healthy,-1,2,1.3913556337356567,0.14343815086079717,2
1797,healthy,healthy,-1,3,1.0376324653625488,0.016043551460018644,3
1797,healthy,healthy,-1,4,1.0779447555541992,0.03259650391866213,4
1797,healthy,healthy,-1,5,1.087517261505127,0.03643615897557733,5
1797,healthy,healthy,-1,6,1.005504846572876,0.0023841682542758767,6
1797,healthy,healthy,-1,7,1.1107933521270752,0.04563327192160576,7
1797,healthy,healthy,-1,8,0.9945451021194458,-0.0023755170569445113,8
1797,healthy,healthy,-1,9,1.031968355178833,0.013666380060644676,9
1797,healthy,healthy,-1,10,1.0362579822540283,0.01546788892433806,10
1797,healthy,healthy,-1,11,1.0552514791488647,0.02335596957862737,11
1797,healthy,healthy,-1,12,1.305020809173584,0.11561743676028292,12
1797,healthy,healthy,-1,13,0.8635661005973816,-0.06370441429109144,13
1797,healthy,healthy,-1,14,1.0992683172225952,0.041103711046275096,14
1797,healthy,healthy,-1,15,1.1317050457000732,0.0537332521912339,15
1797,healthy,healthy,-1,16,1.0761992931365967,0.03189270245961433,16
1797,healthy,healthy,-1,17,1.1762900352478027,0.0705144179794686,17
1797,healthy,healthy,-1,18,0.9644527435302734,-0.01571904715625947,18
1797,healthy,healthy,-1,19,1.027272343635559,0.011685596136973496,19
1797,healthy,healthy,-1,20,1.0545005798339844,0.023046822879327487,20
1797,healthy,healthy,-1,21,0.9855335354804993,-0.006328593072684794,21
1797,healthy,healthy,-1,22,1.3581048250198364,0.13293329216150748,22
1797,healthy,healthy,-1,23,1.2509562969207764,0.0972421375609776,23
1797,healthy,healthy,-1,24,0.8383107781410217,-0.07659495009193394,24
1797,healthy,healthy,-1,25,0.946506142616272,-0.023876563215562214,25
1797,healthy,healthy,-1,26,1.174724817276001,0.06993614376922047,26
1797,healthy,healthy,-1,27,1.0498461723327637,0.021125669164048275,27
1797,healthy,healthy,-1,28,0.9715636968612671,-0.012528721272611246,28
1797,healthy,healthy,-1,29,0.9225170612335205,-0.0350255931569187,29
1797,healthy,healthy,-1,30,0.9385471343994141,-0.027543911965861676,30
1797,healthy,healthy,-1,31,0.9868113994598389,-0.005765842265084633,31
1797,healthy,healthy,-1,32,1.0224964618682861,0.009661813898217457,32
1797,healthy,healthy,-1,33,1.0543837547302246,0.022998705970181756,33
1797,healthy,healthy,-1,34,0.9326684474945068,-0.03027271532550568,34
1797,healthy,healthy,-1,35,1.156582236289978,0.06317651777867345,35
1797,healthy,healthy,-1,36,0.8714733719825745,-0.05974587829318052,36
1797,healthy,healthy,-1,37,1.044864535331726,0.019059988656203595,37
1797,healthy,healthy,-1,38,1.0029175281524658,0.001265221613728701,38
1797,healthy,healthy,-1,39,1.0628653764724731,0.026478259859441293,39
1797,healthy,healthy,-1,40,1.1055537462234497,0.04357986054737219,40
1797,healthy,healthy,-1,41,0.9952784180641174,-0.002055413209090449,41
1797,healthy,healthy,-1,42,0.9737992286682129,-0.011530573788144134,42
1797,healthy,healthy,-1,43,0.879523515701294,-0.055752544378457954,43
1797,healthy,healthy,-1,44,1.0064853429794312,0.0028074548237764043,44
1797,healthy,healthy,-1,45,1.0093716382980347,0.004051097600254946,45
1797,healthy,healthy,-1,46,0.949633002281189,-0.022444200898918264,46
1797,healthy,healthy,-1,47,1.0026837587356567,0.0011639803860914605,47
1797,healthy,healthy,-1,48,1.0003334283828735,0.0001447819709237987,48
1797,healthy,healthy,-1,49,0.971218466758728,-0.012683068510202065,49
1797,healthy,healthy,-1,50,1.043948769569397,0.018679186751271917,50
1797,healthy,healthy,-1,51,0.9601528644561768,-0.017659618101332014,51
1797,healthy,healthy,-1,52,0.8434800505638123,-0.07392518460124531,52
1797,healthy,healthy,-1,53,0.894668698310852,-0.04833775701087069,53
1797,healthy,healthy,-1,54,1.0918769836425781,0.038173711322306174,54
1797,healthy,healthy,-1,55,1.2669843435287476,0.10277124822118198,55
1797,healthy,healthy,-1,56,0.9312735795974731,-0.030922717884537966,56
1797,healthy,healthy,-1,57,0.8241026997566223,-0.08401866311073666,57
1797,healthy,healthy,-1,58,1.1705152988433838,0.0683770943759498,58
1797,healthy,healthy,-1,59,1.0373378992080688,0.01592024516274343,59
1797,healthy,healthy,-1,60,0.9926794171333313,-0.0031909829740043587,60
1797,healthy,healthy,-1,61,0.8677241802215576,-0.06161830021965173,61
1797,healthy,healthy,-1,62,0.8866629004478455,-0.052241462808361054,62
1797,healthy,healthy,-1,63,0.9944830536842346,-0.002402612996188067,63
1797,healthy,healthy,-1,64,0.9257068037986755,-0.03352654426319491,64
1797,healthy,healthy,-1,65,0.8867167234420776,-0.052215100681395316,65
1797,healthy,healthy,-1,66,0.973209023475647,-0.011793872996959501,66
1797,healthy,healthy,-1,67,1.075669527053833,0.031678865548243874,67
1797,healthy,healthy,-1,68,0.9348328709602356,-0.029266025178335785,68
1797,healthy,healthy,-1,69,1.0923916101455688,0.03837835598483636,69
1797,healthy,healthy,-1,70,0.9660978317260742,-0.0149788926037015,70
1797,healthy,healthy,-1,71,0.9650021195411682,-0.015471732766028557,71
1797,healthy,healthy,-1,72,1.0358155965805054,0.015282446031029918,72
1797,healthy,healthy,-1,73,1.1985292434692383,0.07864863505084131,73
1797,healthy,healthy,-1,74,0.8527454137802124,-0.06918060762892353,74
1797,healthy,healthy,-1,75,1.1475253105163574,0.05976227337824154,75
1797,healthy,healthy,-1,76,1.126616358757019,0.051776053011815745,76
1797,healthy,healthy,-1,77,1.0875078439712524,0.03643239811508467,77
1797,healthy,healthy,-1,78,1.250006079673767,0.09691212529793466,78
1797,healthy,healthy,-1,79,1.0670197010040283,0.02817243812957713,79
1797,healthy,healthy,-1,80,1.112884283065796,0.04645000904391875,80
1797,healthy,healthy,-1,81,0.9470900297164917,-0.023608735304393405,81
1797,healthy,healthy,-1,82,1.066290020942688,0.02787534480712803,82
1797,healthy,healthy,-1,83,0.9686922430992126,-0.01381417790609582,83
1797,healthy,healthy,-1,84,0.8627036809921265,-0.06413834890641316,84
1797,healthy,healthy,-1,85,0.9133294820785522,-0.03937252319368275,85
1797,healthy,healthy,-1,86,0.8541406393051147,-0.06847061426957199,86
1797,healthy,healthy,-1,87,1.0753839015960693,0.03156353083895704,87
1797,healthy,healthy,-1,88,0.8843192458152771,-0.05339092314677986,88
1797,healthy,healthy,-1,89,0.7928266525268555,-0.10082175855963749,89
1797,healthy,healthy,-1,90,1.026598334312439,0.011400555269081333,90
1797,healthy,healthy,-1,91,1.090604305267334,0.03766720777419855,91
1797,healthy,healthy,-1,92,1.1129834651947021,0.046488712377797926,92
1797,healthy,healthy,-1,93,0.8488419055938721,-0.07117318834453469,93
1797,healthy,healthy,-1,94,0.838276207447052,-0.07661286012196257,94
1797,healthy,healthy,-1,95,1.1403937339782715,0.057054822364065304,95
1797,healthy,healthy,-1,96,0.957754909992218,-0.018745612900551004,96
1797,healthy,healthy,-1,97,1.0908960103988647,0.037783353464219266,97
1797,healthy,healthy,-1,98,1.0315971374511719,0.013510128356472712,98
1797,healthy,healthy,-1,99,1.167365312576294,0.06720678441655932,99
1797,healthy,healthy,-1,100,1.1310569047927856,0.05348445533731143,100
1797,healthy,healthy,-1,101,0.9154984354972839,-0.03834239353101992,101
1797,healthy,healthy,-1,102,1.1404671669006348,0.05708278681640971,102
1797,healthy,healthy,-1,103,0.9463258981704712,-0.023959274377202376,103
1797,healthy,healthy,-1,104,1.0944875478744507,0.039210824907900205,104
1797,healthy,healthy,-1,105,1.2416611909866333,0.09400310714623306,105
1797,healthy,healthy,-1,106,0.989044189453125,-0.004784304149107731,106
1797,healthy,healthy,-1,107,0.968794047832489,-0.013768538115877756,107
1797,healthy,healthy,-1,108,1.2322155237197876,0.09068667582841372,108
1797,healthy,healthy,-1,109,1.0611543655395508,0.025778565075368142,109
1797,healthy,healthy,-1,110,1.0120211839675903,0.005189603397000706,110
1797,healthy,healthy,-1,111,1.149714708328247,0.060590087336281184,111
1797,healthy,healthy,-1,112,1.0088233947753906,0.0038151450400926343,112
1797,healthy,healthy,-1,113,1.0247371196746826,0.010612468204088527,113
1797,healthy,healthy,-1,114,0.931521475315094,-0.030807128418480715,114
1797,healthy,healthy,-1,115,1.0236234664916992,0.0101402334979102,115
1797,healthy,healthy,-1,116,1.0343797206878662,0.014679997487486779,116
1797,healthy,healthy,-1,117,1.1018847227096558,0.04213616174823985,117
1797,healthy,healthy,-1,118,1.083888053894043,0.03498442972389851,118
1797,healthy,healthy,-1,119,1.0275230407714844,0.011791569105501404,119
1797,healthy,healthy,-1,120,1.3452165126800537,0.1287921896876574,120
1797,healthy,healthy,-1,121,0.9362568259239197,-0.028605002990436258,121
1797,healthy,healthy,-1,122,1.1178051233291626,0.048366095822456656,122
1797,healthy,healthy,-1,123,1.0634138584136963,0.026702315742480474,123
1797,healthy,healthy,-1,124,1.0172924995422363,0.007445842473344091,124
1797,healthy,healthy,-1,125,1.1194461584091187,0.04900321031510983,125
1797,healthy,healthy,-1,126,0.9706036448478699,-0.012958082138448998,126
1797,healthy,healthy,-1,127,0.95734041929245,-0.018933604614349925,127
1797,healthy,healthy,-1,128,1.0518848896026611,0.0219682164853641,128
1797,healthy,healthy,-1,129,1.0312491655349731,0.013363610136208771,129
1797,healthy,healthy,-1,130,1.0866379737854004,0.036084877871722536,130
1797,healthy,healthy,-1,131,1.145524263381958,0.059004292426593836,131
1797,healthy,healthy,-1,132,1.0547910928726196,0.023166453760187247,132
1797,healthy,healthy,-1,133,1.0278810262680054,0.011942849459379892,133
1797,healthy,healthy,-1,134,1.0453561544418335,0.019264280453428095,134
1797,healthy,healthy,-1,135,1.036841869354248,0.015712526395310195,135
1797,healthy,healthy,-1,136,0.9504510760307312,-0.022070233303247668,136
1797,healthy,healthy,-1,137,1.1430736780166626,0.05807422420527388,137
1797,healthy,healthy,-1,138,1.2737271785736084,0.10507641581068271,138
1797,healthy,healthy,-1,139,0.9088259935379028,-0.04151926010066492,139
1797,healthy,healthy,-1,140,1.0870873928070068,0.03626445916283389,140
1797,healthy,healthy,-1,141,1.0539581775665283,0.022823377847644974,141
1797,healthy,healthy,-1,142,0.9791670441627502,-0.009143212007255862,142
1797,healthy,healthy,-1,143,1.3277052640914917,0.1231016771516012,143
1797,healthy,healthy,-1,144,0.9667811989784241,-0.014671803919453748,144
1797,healthy,healthy,-1,145,1.0871199369430542,0.03627746044243712,145
1797,healthy,healthy,-1,146,0.9762735962867737,-0.010428456199615748,146
1797,healthy,healthy,-1,147,1.0124808549880981,0.0053868198850917145,147
1797,healthy,healthy,-1,148,1.1570770740509033,0.06336228870123195,148
1797,healthy,healthy,-1,149,1.1039862632751465,0.04296366956988408,149
1797,healthy,healthy,-1,150,0.895389199256897,-0.047988148651949517,150
1797,healthy,healthy,-1,151,1.1035479307174683,0.042791200745565916,151
1797,healthy,healthy,-1,152,1.2221431732177734,0.08712208618162554,152
1797,healthy,healthy,-1,153,1.185219168663025,0.07379866675102525,153
1797,healthy,healthy,-1,154,1.1064238548278809,0.04392153072058899,154
1797,healthy,healthy,-1,155,1.2666940689086914,0.1026717370396053,155
1797,healthy,healthy,-1,156,1.0011265277862549,0.0004889694341361437,156
1797,healthy,healthy,-1,157,0.9798195362091064,-0.00885390557857822,157
1797,healthy,healthy,-1,158,1.0889534950256348,0.037009333121242056,158
1797,healthy,healthy,-1,159,1.1554051637649536,0.06273430416922793,159
1797,healthy,healthy,-1,160,1.001529335975647,0.0006636748135705379,160
1797,healthy,healthy,-1,161,1.1136301755905151,0.04674099032943191,161
1797,healthy,healthy,-1,162,1.0169804096221924,0.007312587067360482,162
1797,healthy,healthy,-1,163,0.9330095648765564,-0.030113904000749852,163
1797,healthy,healthy,-1,164,0.9714585542678833,-0.012575723151398387,164
1797,healthy,healthy,-1,165,1.187836766242981,0.0747567635486229,165
1797,healthy,healthy,-1,166,1.2733995914459229,0.10496470618997962,166
1797,healthy,healthy,-1,167,1.0029339790344238,0.0012723452988383577,167
1797,healthy,healthy,-1,168,1.0014400482177734,0.0006249551198221577,168
1797,healthy,healthy,-1,169,0.9947011470794678,-0.00230738123390837,169
1797,healthy,healthy,-1,170,0.9928475022315979,-0.0031174524364631397,170
1797,healthy,healthy,-1,171,1.122300624847412,0.05010920471391807,171
1797,healthy,healthy,-1,172,1.085208773612976,0.03551329625459635,172
1797,healthy,healthy,-1,173,0.9920753836631775,-0.0034553263689329552,173
1797,healthy,healthy,-1,174,0.98876953125,-0.004904924753105788,174
1797,healthy,healthy,-1,175,1.1225435733795166,0.05020320785887998,175
1797,healthy,healthy,-1,176,1.0329258441925049,0.01406914377129958,176
1797,healthy,healthy,-1,177,0.9364949464797974,-0.02849456182516641,177
1797,healthy,healthy,-1,178,0.9043245315551758,-0.04367568791968135,178
1797,healthy,healthy,-1,179,0.9631620049476624,-0.016300657904184807,179
1797,healthy,healthy,-1,180,0.8977685570716858,-0.04683560914754254,180
1797,healthy,healthy,-1,181,1.04598867893219,0.01952698404952843,181
1797,healthy,healthy,-1,182,0.9620047211647034,-0.01682279659966357,182
1797,healthy,healthy,-1,183,0.8371390700340271,-0.07720238868376217,183
1797,healthy,healthy,-1,184,1.1016433238983154,0.042041006914804536,184
1797,healthy,healthy,-1,185,0.960183322429657,-0.01764584162833332,185
1797,healthy,healthy,-1,186,0.9991597533226013,-0.0003650678904604112,186
1797,healthy,healthy,-1,187,1.04043447971344,0.01721473616239617,187
1797,healthy,healthy,-1,188,0.9673799872398376,-0.014402901360637708,188
1797,healthy,healthy,-1,189,0.8623341917991638,-0.06432439365663177,189
1797,healthy,healthy,-1,190,0.9579820036888123,-0.018642649347399703,190
1797,healthy,healthy,-1,191,1.210477352142334,0.08295666826629004,191
1797,healthy,healthy,-1,192,0.7926533818244934,-0.10091668313589267,192
1797,healthy,healthy,-1,193,0.8856431841850281,-0.05274121530456516,193
1797,healthy,healthy,-1,194,1.1040356159210205,0.0429830838537514,194
1797,healthy,healthy,-1,195,0.9390185475349426,-0.027325829445789287,195
1797,healthy,healthy,-1,196,0.9862284064292908,-0.006022492600032675,196
1797,healthy,healthy,-1,197,0.9398220777511597,-0.02695435700100069,197
1797,healthy,healthy,-1,198,1.0136868953704834,0.005903832106600023,198
1797,healthy,healthy,-1,199,0.9280943870544434,-0.03240785385397357,199
1797,healthy,healthy,-1,200,0.995417058467865,-0.0019949210211857027,200
1797,healthy,healthy,-1,201,1.0630298852920532,0.026545474151693258,201
1797,healthy,healthy,-1,202,1.023571491241455,0.010118181309576934,202
1797,ball,7,0,0,5.009543418884277,0.6997981450897698,203
1797,inner_race,7,0,0,22.342283248901367,1.3491275533690712,203
1797,ball,7,0,1,5.040809154510498,0.7025002553211205,204
1797,inner_race,7,0,1,20.648197174072266,1.3148821387269545,204
1797,ball,7,0,2,5.017548084259033,0.7004915431183278,205
1797,inner_race,7,0,2,22.23232650756836,1.3469849119356514,205
1797,ball,7,0,3,4.11306619644165,0.6141656991804577,206
1797,inner_race,7,0,3,21.64957046508789,1.3354492842232106,206
1797,ball,7,0,4,5.244296073913574,0.7196872023996562,207
1797,inner_race,7,0,4,21.624916076660156,1.3349544307026728,207
1797,ball,7,0,5,5.116730213165283,0.7089925187852012,208
1797,inner_race,7,0,5,22.030561447143555,1.3430255652528675,208
1797,ball,7,0,6,4.7763848304748535,0.6790993103781686,209
1797,inner_race,7,0,6,21.423900604248047,1.330898544772175,209
1797,inner_race,7,0,7,22.469947814941406,1.3516020637983321,210
1797,ball,7,0,7,5.426486492156982,0.7345187262829622,210
1797,inner_race,7,0,8,22.740005493164062,1.3567905652615908,211
1797,ball,7,0,8,5.425620079040527,0.7344493796664586,211
1797,inner_race,7,0,9,21.706514358520508,1.3365900898571446,212
1797,ball,7,0,9,5.078421115875244,0.7057287108578815,212
1797,inner_race,7,0,10,20.986709594726562,1.3219443529763488,213
1797,ball,7,0,10,5.652289390563965,0.7522243891120548,213
1797,inner_race,7,0,11,22.321081161499023,1.3487152266052063,214
1797,ball,7,0,11,4.8265061378479,0.6836328628169737,214
1797,inner_race,7,0,12,21.48099708557129,1.3320544361854076,215
1797,ball,7,0,12,5.1800384521484375,0.7143329835857547,215
1797,inner_race,7,0,13,21.044340133666992,1.3231353125596832,216
1797,ball,7,0,13,4.232736110687256,0.6266211932921485,216
1797,ball,7,0,14,4.652885913848877,0.6677224040068712,217
1797,inner_race,7,0,14,23.327842712402344,1.3678745784243167,217
1797,inner_race,7,0,15,21.96588134765625,1.3417486333579849,218
1797,ball,7,0,15,4.379001617431641,0.6413751056035223,218
1797,inner_race,7,0,16,22.019084930419922,1.3427992665918251,219
1797,ball,7,0,16,5.533750057220459,0.7430195394776258,219
1797,inner_race,7,0,17,22.070430755615234,1.3438108095078778,220
1797,ball,7,0,17,4.597498416900635,0.6625215883654849,220
1797,ball,7,0,18,4.802065372467041,0.6814280679884919,221
1797,inner_race,7,0,18,20.98834228515625,1.3219781382089033,221
1797,ball,7,0,19,5.488165855407715,0.739427227516472,222
1797,inner_race,7,0,19,23.01066017150879,1.361929078674316,222
1797,inner_race,7,0,20,23.776735305786133,1.3761522230321774,223
1797,ball,7,0,20,5.211835861206055,0.7169907298158801,223
1797,ball,7,0,21,4.472635746002197,0.650563530423324,224
1797,inner_race,7,0,21,21.726871490478516,1.3369971956146771,224
1797,inner_race,7,0,22,22.21407699584961,1.3466282728351822,225
1797,ball,7,0,22,6.3087077140808105,0.7999404067684254,225
1797,inner_race,7,0,23,21.915996551513672,1.3407612234263562,226
1797,ball,7,0,23,5.032066345214844,0.7017463584250427,226
1797,inner_race,7,0,24,23.430692672729492,1.3697851276706958,227
1797,ball,7,0,24,5.012272357940674,0.7000346617508874,227
1797,ball,7,0,25,5.474316596984863,0.7383299104192845,228
1797,inner_race,7,0,25,23.962146759033203,1.3795257237271867,228
1797,inner_race,7,0,26,22.709251403808594,1.356202818211211,229
1797,ball,7,0,26,4.562331676483154,0.6591868548183847,229
1797,inner_race,7,0,27,22.678112030029297,1.3556068963818289,230
1797,ball,7,0,27,5.9272003173828125,0.7728496050294492,230
1797,ball,7,0,28,4.583544731140137,0.6612014740176273,231
1797,inner_race,7,0,28,22.419797897338867,1.3506316933407512,231
1797,ball,7,0,29,5.228145122528076,0.7183476341951174,232
1797,inner_race,7,0,29,21.075218200683594,1.3237720797552506,232
1797,ball,7,0,30,4.927916049957275,0.6926633007491328,233
1797,inner_race,7,0,30,22.107837677001953,1.344546267188861,233
1797,inner_race,7,0,31,22.815027236938477,1.3582209915765746,234
1797,ball,7,0,31,5.170045375823975,0.7134943547735334,234
1797,inner_race,7,0,32,22.187637329101562,1.3461110584481357,235
1797,ball,7,0,32,4.875457286834717,0.6880153560007299,235
1797,ball,7,0,33,4.5805511474609375,0.6609177369340221,236
1797,inner_race,7,0,33,22.010986328125,1.3426395040374188,236
1797,ball,7,0,34,5.494996070861816,0.739967386221995,237
1797,inner_race,7,0,34,22.645015716552734,1.3549726264369384,237
1797,ball,7,0,35,5.296380519866943,0.7239791795551018,238
1797,inner_race,7,0,35,22.49232292175293,1.3520343100378207,238
1797,ball,7,0,36,5.171380996704102,0.713606535194393,239
1797,inner_race,7,0,36,21.268217086791992,1.327731084551427,239
1797,inner_race,7,0,37,21.93088150024414,1.3410560882665736,240
1797,ball,7,0,37,5.094265937805176,0.7070816128511226,240
1797,ball,7,0,38,4.744592666625977,0.6761989332585381,241
1797,inner_race,7,0,38,22.301034927368164,1.3483250178829522,241
1797,inner_race,7,0,39,22.521068572998047,1.3525889929442612,242
1797,ball,7,0,39,5.220065116882324,0.7176759205743474,242
1797,inner_race,7,0,40,23.028724670410156,1.3622698874240748,243
1797,ball,7,0,40,4.128432750701904,0.6157852146344993,243
1797,inner_race,7,0,41,21.988834381103516,1.3422022082024543,244
1797,ball,7,0,41,5.560728549957275,0.7451316952687659,244
1797,inner_race,7,0,42,22.03185272216797,1.3430510197645396,245
1797,ball,7,0,42,4.820079326629639,0.683054185714789,245
1797,inner_race,7,0,43,22.784223556518555,1.357634233231608,246
1797,ball,7,0,43,4.6503586769104,0.6674864508244878,246
1797,ball,7,0,44,5.0967278480529785,0.7072914440175089,247
1797,inner_race,7,0,44,22.515878677368164,1.352488899879287,247
1797,inner_race,7,0,45,22.20620346069336,1.346474314648872,248
1797,ball,7,0,45,5.070986270904541,0.7050924347485297,248
1797,inner_race,7,0,46,20.317474365234375,1.3078697204714154,249
1797,ball,7,0,46,5.776390552520752,0.7616565490128535,249
1797,inner_race,7,0,47,21.744590759277344,1.3373512385058346,250
1797,ball,7,0,47,5.319636344909668,0.7258819445512215,250
1797,inner_race,7,0,48,21.54767608642578,1.3334004384288076,251
1797,ball,7,0,48,4.526299476623535,0.6557432850898337,251
1797,inner_race,7,0,49,22.005279541015625,1.342526889933703,252
1797,ball,7,0,49,5.378532409667969,0.7306637899171106,252
1797,inner_race,7,0,50,22.548980712890625,1.3531269151376155,253
1797,ball,7,0,50,4.837592601776123,0.6846292914234471,253
1797,inner_race,7,0,51,21.521757125854492,1.332877726051509,254
1797,ball,7,0,51,5.1054816246032715,0.7080367174398497,254
1797,ball,7,0,52,4.389796257019043,0.6424443638626834,255
1797,inner_race,7,0,52,22.295560836791992,1.3482184013440943,255
1797,ball,7,0,53,4.725160121917725,0.6744165300700502,256
1797,inner_race,7,0,53,21.207317352294922,1.3264857353350463,256
1797,inner_race,7,0,54,22.208301544189453,1.3465153456627492,257
1797,ball,7,0,54,5.404871940612793,0.7327854085309439,257
1797,inner_race,7,0,55,22.71874237060547,1.356384286694642,258
1797,ball,7,0,55,4.1318039894104,0.616139710636402,258
1797,ball,7,0,56,5.099750518798828,0.7075489308118229,259
1797,inner_race,7,0,56,21.343244552612305,1.3292604405892419,259
1797,ball,7,0,57,4.154788494110107,0.618548920255181,260
1797,inner_race,7,0,57,22.49209976196289,1.3520300011211062,260
1797,ball,7,0,58,5.079848766326904,0.7058507829675055,261
1797,inner_race,7,0,58,22.036651611328125,1.3431456057334206,261
1797,inner_race,7,0,59,21.921714782714844,1.3408745229666568,262
1797,ball,7,0,59,5.529653549194336,0.7426979221932137,262
1797,inner_race,7,0,60,22.694150924682617,1.355913938758836,263
1797,ball,7,0,60,4.3106489181518555,0.6345426530746551,263
1797,ball,7,0,61,5.1004743576049805,0.7076105685117042,264
1797,inner_race,7,0,61,21.874492645263672,1.3399379888295453,264
1797,inner_race,7,0,62,22.043872833251953,1.3432878970015798,265
1797,ball,7,0,62,4.327837944030762,0.6362709902383297,265
1797,ball,7,0,63,4.998960971832275,0.6988797461176539,266
1797,inner_race,7,0,63,23.123374938964844,1.3640512212018068,266
1797,ball,7,0,64,6.276383399963379,0.7977094650937828,267
1797,inner_race,7,0,64,23.676841735839844,1.3743237711854535,267
1797,ball,7,0,65,5.031857013702393,0.7017282916100409,268
1797,inner_race,7,0,65,23.519325256347656,1.3714248581503452,268
1797,ball,7,0,66,4.871139049530029,0.6876305269402123,269
1797,inner_race,7,0,66,21.63472557067871,1.335151390688161,269
1797,inner_race,7,0,67,21.71771240234375,1.3368140776681483,270
1797,ball,7,0,67,4.450315475463867,0.6483907984858394,270
1797,ball,7,0,68,5.410972595214844,0.7332753343803529,271
1797,inner_race,7,0,68,22.048215866088867,1.3433734522681835,271
1797,ball,7,0,69,5.014020919799805,0.7001861416155493,272
1797,inner_race,7,0,69,22.700490951538086,1.3560352499348933,272
1797,ball,7,0,70,4.9162726402282715,0.6916359594185287,273
1797,inner_race,7,0,70,21.84762954711914,1.339404323207933,273
1797,ball,7,0,71,5.487715244293213,0.7393915678880841,274
1797,inner_race,7,0,71,22.853120803833008,1.3589455153615344,274
1797,ball,7,0,72,5.199994087219238,0.7160028498098919,275
1797,inner_race,7,0,72,22.238752365112305,1.3471104188746779,275
1797,inner_race,7,0,73,22.20099639892578,1.3463724663805685,276
1797,ball,7,0,73,5.002531051635742,0.6991897930628124,276
1797,inner_race,7,0,74,22.126502990722656,1.3449127807668027,277
1797,ball,7,0,74,5.0347771644592285,0.7019802537600797,277
1797,inner_race,7,0,75,22.7458438873291,1.3569020541055945,278
1797,ball,7,0,75,5.379507541656494,0.7307425206979627,278
1797,ball,7,0,76,4.987490653991699,0.6978820948755293,279
1797,inner_race,7,0,76,21.663545608520508,1.3357295378016831,279
1797,inner_race,7,0,77,21.308164596557617,1.3285460428669043,280
1797,ball,7,0,77,5.644538402557373,0.751628432103515,280
1797,inner_race,7,0,78,22.199113845825195,1.3463356384348966,281
1797,ball,7,0,78,4.787964820861816,0.6801509508066959,281
1797,inner_race,7,0,79,22.670394897460938,1.355459085203469,282
1797,ball,7,0,79,5.451535701751709,0.7365188605973919,282
1797,ball,7,0,80,4.722163200378418,0.6741409924417773,283
1797,inner_race,7,0,80,21.874174118041992,1.3399316647687247,283
1797,ball,7,0,81,4.895202159881592,0.6897706318098642,284
1797,inner_race,7,0,81,22.86011505126953,1.3590784117987973,284
1797,ball,7,0,82,4.973870277404785,0.6966944543271738,285
1797,inner_race,7,0,82,22.53053092956543,1.3527714259476982,285
1797,inner_race,7,0,83,21.30299186706543,1.3284406015659722,286
1797,ball,7,0,83,5.690320014953613,0.755136691143819,286
1797,ball,7,0,84,5.211042404174805,0.7169246071955845,287
1797,inner_race,7,0,84,21.175777435302734,1.3258393637330423,287
1797,inner_race,7,0,85,23.841825485229492,1.3773395047515167,288
1797,ball,7,0,85,4.809357166290283,0.6820870310952335,288
1797,inner_race,7,0,86,21.227699279785156,1.3269029266088002,289
1797,ball,7,0,86,5.8084025382995605,0.7640567065392058,289
1797,inner_race,7,0,87,21.060333251953125,1.323465239040315,290
1797,ball,7,0,87,5.830047607421875,0.7656721011665957,290
1797,ball,7,0,88,6.262824058532715,0.7967702112411978,291
1797,inner_race,7,0,88,20.827316284179688,1.3186333122876115,291
1797,inner_race,7,0,89,21.964365005493164,1.3417186522361368,292
1797,ball,7,0,89,5.821954727172852,0.7650688239445204,292
1797,inner_race,7,0,90,23.407154083251953,1.3693486139925262,293
1797,ball,7,0,90,5.395503520965576,0.7320319802835931,293
1797,inner_race,7,0,91,22.755107879638672,1.357078898793004,294
1797,ball,7,0,91,5.723715782165527,0.7576780602202063,294
1797,ball,7,0,92,4.5490803718566895,0.6579236098889819,295
1797,inner_race,7,0,92,22.520967483520508,1.3525870435385008,295
1797,inner_race,7,0,93,21.95037269592285,1.3414418985375298,296
1797,ball,7,0,93,5.020287036895752,0.7007285488135769,296
1797,inner_race,7,0,94,21.221729278564453,1.326780770024259,297
1797,ball,7,0,94,5.659838676452637,0.7528040525796308,297
1797,inner_race,7,0,95,23.381114959716797,1.3688652172324511,298
1797,ball,7,0,95,4.470808982849121,0.6503861148542203,298
1797,inner_race,7,0,96,22.018115997314453,1.3427801553725722,299
1797,ball,7,0,96,4.993325233459473,0.6983898541577956,299
1797,inner_race,7,0,97,23.234830856323242,1.3661395152726947,300
1797,ball,7,0,97,5.5757598876953125,0.746304063207913,300
1797,inner_race,7,0,98,22.13519859313965,1.3450834227466621,301
1797,ball,7,0,98,5.16196346282959,0.7128149262156666,301
1797,inner_race,7,0,99,21.50696563720703,1.3325791412114645,302
1797,ball,7,0,99,5.960176467895508,0.7752591184480692,302
1797,inner_race,7,0,100,23.535409927368164,1.3717217670209292,303
1797,ball,7,0,100,6.160511493682861,0.7896167721744723,303
1797,ball,7,0,101,5.324051856994629,0.7262422769110025,304
1797,inner_race,14,1,101,10.22346019744873,1.00959791050737,305
1797,ball,14,1,102,5.891605377197266,0.77023364987372,306
1797,inner_race,14,1,102,10.775206565856934,1.0324256045452438,306
1797,ball,14,1,103,2.67930006980896,0.42802135540155956,307
1797,inner_race,14,1,103,13.059706687927246,1.115933423091801,307
1797,ball,14,1,104,2.9942758083343506,0.4762918015250123,308
1797,inner_race,14,1,104,10.418076515197754,1.0177875427689895,308
1797,ball,14,1,105,16.790327072143555,1.2250591561882935,309
1797,inner_race,14,1,105,10.697980880737305,1.0293018173954438,309
1797,ball,14,1,106,11.613213539123535,1.0649524117451872,310
1797,inner_race,14,1,106,10.828171730041504,1.0345551348725717,310
1797,ball,14,1,107,12.36727237701416,1.0922739258026284,311
1797,inner_race,14,1,107,12.196011543273926,1.0862178267443268,311
1797,inner_race,14,1,108,10.427498817443848,1.0181801492656377,312
1797,ball,14,1,108,6.099033832550049,0.7852610424819905,312
1797,inner_race,14,1,109,8.67171859741211,0.9381051763006294,313
1797,ball,14,1,109,7.2391486167907715,0.859687492609885,313
1797,inner_race,14,1,110,10.758888244628906,1.0317673964076668,314
1797,ball,14,1,110,14.005911827087402,1.1463113879601428,314
1797,inner_race,14,1,111,11.252213478088379,1.05123796304847,315
1797,ball,14,1,111,3.0822768211364746,0.4888716403828169,315
1797,inner_race,14,1,112,9.17198657989502,0.962463410615053,316
1797,ball,14,1,112,2.097566843032837,0.32171580935664645,316
1797,inner_race,14,1,113,8.613022804260254,0.9351555970769929,317
1797,ball,14,1,113,8.451394081115723,0.9269283529495128,317
1797,inner_race,14,1,114,9.039137840270996,0.9561270091181705,318
1797,ball,14,1,114,11.062243461608887,1.0438432123386947,318
1797,ball,14,1,115,7.452578067779541,0.8723065340811581,319
1797,inner_race,14,1,115,10.035112380981445,1.0015222404176076,319
1797,inner_race,14,1,116,10.233484268188477,1.010023526264818,320
1797,ball,14,1,116,23.47412872314453,1.370589481758054,320
1797,inner_race,14,1,117,7.693670272827148,0.8861335698366417,321
1797,ball,14,1,117,5.450183868408203,0.7364111539625315,321
1797,inner_race,14,1,118,9.32387924194336,0.9695966401276832,322
1797,ball,14,1,118,10.435103416442871,1.0184967574712305,322
1797,ball,14,1,119,5.86051082611084,0.7679354725526021,323
1797,inner_race,14,1,119,9.773258209228516,0.9900393729708222,323
1797,ball,14,1,120,15.23794937133789,1.1829265262795763,324
1797,inner_race,14,1,120,8.647799491882324,0.9369056114981459,324
1797,inner_race,14,1,121,9.223923683166504,0.9649157010389435,325
1797,ball,14,1,121,16.098718643188477,1.2067913102965449,325
1797,ball,14,1,122,7.353034496307373,0.8664666034422688,326
1797,inner_race,14,1,122,8.56234073638916,0.9325925064916499,326
1797,inner_race,14,1,123,11.3605375289917,1.055398880701767,327
1797,ball,14,1,123,10.336705207824707,1.014382130819282,327
1797,inner_race,14,1,124,10.577859878540039,1.0243978097637076,328
1797,ball,14,1,124,3.133023262023926,0.4959636194368038,328
1797,inner_race,14,1,125,7.827665328979492,0.893632249167295,329
1797,ball,14,1,125,7.5586018562316895,0.878441469802972,329
1797,ball,14,1,126,5.107233047485352,0.7081856755425767,330
1797,inner_race,14,1,126,9.219839096069336,0.9647233418454984,330
1797,inner_race,14,1,127,10.77188491821289,1.0322917049648639,331
1797,ball,14,1,127,5.593583106994629,0.747690095021091,331
1797,inner_race,14,1,128,11.686424255371094,1.0676816485686413,332
1797,ball,14,1,128,5.166238784790039,0.7131744754958452,332
1797,ball,14,1,129,8.133258819580078,0.9102645928002019,333
1797,inner_race,14,1,129,8.4160737991333,0.9251095350815077,333
1797,ball,14,1,130,5.0075812339782715,0.6996280032341808,334
1797,inner_race,14,1,130,10.481544494628906,1.020425282272931,334
1797,ball,14,1,131,5.3231329917907715,0.7261673166103585,335
1797,inner_race,14,1,131,11.411980628967285,1.0573610258013937,335
1797,inner_race,14,1,132,12.23580265045166,1.0876324636942174,336
1797,ball,14,1,132,7.918206214904785,0.8986268079528161,336
1797,inner_race,14,1,133,9.8719482421875,0.9944028697248948,337
1797,ball,14,1,133,1.9370062351226807,0.2871310186927897,337
1797,ball,14,1,134,1.634790062904358,0.21346198918213002,338
1797,inner_race,14,1,134,10.404132843017578,1.017205888758473,338
1797,ball,14,1,135,2.5363759994506836,0.4042136350071783,339
1797,inner_race,14,1,135,12.519417762756348,1.0975841317256978,339
1797,ball,14,1,136,2.6603052616119385,0.4249314734081797,340
1797,inner_race,14,1,136,12.056211471557617,1.0812108571006267,340
1797,ball,14,1,137,2.3472201824188232,0.3705538307678864,341
1797,inner_race,14,1,137,9.120708465576172,0.960028574155189,341
1797,inner_race,14,1,138,10.523656845092773,1.0221666781905177,342
1797,ball,14,1,138,13.00578784942627,1.1141366655126486,342
1797,ball,14,1,139,3.7991788387298584,0.5796897375782663,343
1797,inner_race,14,1,139,10.579964637756348,1.024484216125164,343
1797,inner_race,14,1,140,12.863001823425293,1.1093423312024207,344
1797,ball,14,1,140,3.532113552093506,0.548034657038857,344
1797,inner_race,14,1,141,10.144353866577148,1.006224390342596,345
1797,ball,14,1,141,5.386265754699707,0.7312877773993511,345
1797,inner_race,14,1,142,9.420498847961426,0.9740739007950805,346
1797,ball,14,1,142,14.498238563537598,1.1613152416415955,346
1797,inner_race,14,1,143,10.921804428100586,1.0382943955508175,347
1797,ball,14,1,143,3.3439109325408936,0.5242547011769197,347
1797,inner_race,14,1,144,11.153733253479004,1.047420253932897,348
1797,ball,14,1,144,2.031546115875244,0.3078266852116944,348
1797,ball,14,1,145,1.6016418933868408,0.20456541991845043,349
1797,inner_race,14,1,145,10.200407028198242,1.0086175018181518,349
1797,inner_race,14,1,146,9.840225219726562,0.9930050385294221,350
1797,ball,14,1,146,1.8919799327850342,0.27691652576189196,350
1797,inner_race,14,1,147,10.346076011657715,1.0147756648059305,351
1797,ball,14,1,147,2.8674075603485107,0.4574894259882455,351
1797,inner_race,14,1,148,11.721251487731934,1.068973984139357,352
1797,ball,14,1,148,2.7795209884643555,0.44396995779168197,352
1797,inner_race,14,1,149,10.553043365478516,1.0233777227836758,353
1797,ball,14,1,149,2.2522435188293457,0.35261534584456,353
1797,inner_race,14,1,150,8.299449920654297,0.9190493087205097,354
1797,ball,14,1,150,2.3603515625,0.37297669376783843,354
1797,inner_race,14,1,151,10.518050193786621,1.0219352390038259,355
1797,ball,14,1,151,1.6033083200454712,0.20501704625855782,355
1797,inner_race,14,1,152,11.126375198364258,1.0463537009249406,356
1797,ball,14,1,152,2.753877878189087,0.43994467738620924,356
1797,ball,14,1,153,2.3954436779022217,0.3793859641051095,357
1797,inner_race,14,1,153,8.649848937988281,0.9370085229594984,357
1797,ball,14,1,154,2.9941468238830566,0.4762730930139745,358
1797,inner_race,14,1,154,8.926605224609375,0.9506863287063346,358
1797,ball,14,1,155,2.0026285648345947,0.3016004065070589,359
1797,inner_race,14,1,155,8.834550857543945,0.9461844751728872,359
1797,inner_race,14,1,156,9.96297550201416,0.9983890624315528,360
1797,ball,14,1,156,2.179619073867798,0.3383805997639522,360
1797,ball,14,1,157,1.8653639554977417,0.27076358061828315,361
1797,inner_race,14,1,157,9.991933822631836,0.9996495490088938,361
1797,ball,14,1,158,1.6629539728164673,0.22088022899795848,362
1797,inner_race,14,1,158,7.3531575202941895,0.8664738695841167,362
1797,ball,14,1,159,3.23221492767334,0.5095002316814669,363
1797,inner_race,14,1,159,9.293020248413086,0.9681568834282972,363
1797,inner_race,14,1,160,10.203474998474121,1.008748104668115,364
1797,ball,14,1,160,4.83328914642334,0.6842427771251948,364
1797,inner_race,14,1,161,9.05459976196289,0.9568692580722093,365
1797,ball,14,1,161,2.1328365802764893,0.3289575807175659,365
1797,ball,14,1,162,2.521406650543213,0.4016428940083646,366
1797,inner_race,14,1,162,7.646036624908447,0.8834363739808831,366
1797,ball,14,1,163,1.9319233894348145,0.2859899004410689,367
1797,inner_race,14,1,163,8.291720390319824,0.9186446485847974,367
1797,inner_race,14,1,164,9.627571105957031,0.9835167348575556,368
1797,ball,14,1,164,2.563871383666992,0.40889623505710593,368
1797,ball,14,1,165,1.9303560256958008,0.2856374156064974,369
1797,inner_race,14,1,165,9.58748722076416,0.9817047980829506,369
1797,ball,14,1,166,2.1713502407073975,0.3367298811874258,370
1797,inner_race,14,1,166,7.650597095489502,0.8836953312525441,370
1797,inner_race,14,1,167,9.26329231262207,0.9667653688722481,371
1797,ball,14,1,167,2.0994255542755127,0.3221004791451539,371
1797,ball,14,1,168,4.207287788391113,0.6240022197981915,372
1797,inner_race,14,1,168,10.132415771484375,1.0057130022354335,372
1797,inner_race,14,1,169,10.811603546142578,1.0338901120470922,373
1797,ball,14,1,169,1.9239856004714966,0.28420181735918876,373
1797,inner_race,14,1,170,8.501106262207031,0.9294754448096175,374
1797,ball,14,1,170,2.022195339202881,0.3058231050830549,374
1797,inner_race,14,1,171,9.783425331115723,0.9904909347421363,375
1797,ball,14,1,171,2.1069929599761963,0.323663084517166,375
1797,ball,14,1,172,2.3863790035247803,0.3777394192454569,376
1797,inner_race,14,1,172,11.161538124084473,1.0477240470005937,376
1797,ball,14,1,173,8.690566062927246,0.9390480652863153,377
1797,inner_race,14,1,173,11.814600944519043,1.0724190572828034,377
1797,inner_race,14,1,174,10.348210334777832,1.014865247480243,378
1797,ball,14,1,174,8.77540397644043,0.9432671183800873,378
1797,ball,14,1,175,15.720576286315918,1.196468462401836,379
1797,inner_race,14,1,175,9.929652214050293,0.9969340376027402,379
1797,inner_race,14,1,176,11.250812530517578,1.051183888205381,380
1797,ball,14,1,176,7.097083568572998,0.8510799191018522,380
1797,ball,14,1,177,10.951915740966797,1.0394900938755742,381
1797,inner_race,14,1,177,11.616064071655273,1.0650589988354944,381
1797,ball,14,1,178,7.780914783477783,0.8910306589513439,382
1797,inner_race,14,1,178,9.845808982849121,0.993251405832502,382
1797,ball,14,1,179,3.7440905570983887,0.5733463443322299,383
1797,inner_race,14,1,179,9.366171836853027,0.971562121320551,383
1797,inner_race,14,1,180,10.402125358581543,1.0171220832604027,384
1797,ball,14,1,180,2.883695125579834,0.45994934332988746,384
1797,ball,14,1,181,3.788748025894165,0.5784957230890422,385
1797,inner_race,14,1,181,10.834453582763672,1.0348070133047047,385
1797,ball,14,1,182,7.174931526184082,0.855817760745081,386
1797,inner_race,14,1,182,9.774247169494629,0.9900833171957696,386
1797,ball,14,1,183,7.765873908996582,0.8901903348230135,387
1797,inner_race,14,1,183,8.512487411499023,0.930056482674668,387
1797,inner_race,14,1,184,8.973468780517578,0.9529603562023461,388
1797,ball,14,1,184,9.40114688873291,0.9731808383938312,388
1797,ball,14,1,185,9.38768482208252,0.9725585003632691,389
1797,inner_race,14,1,185,11.560710906982422,1.0629845411335237,389
1797,inner_race,14,1,186,9.530797004699707,0.9791292196593254,390
1797,ball,14,1,186,11.075332641601562,1.0443567788899184,390
1797,inner_race,14,1,187,8.627636909484863,0.9358918597122379,391
1797,ball,14,1,187,13.439871788024902,1.1283951257104485,391
1797,inner_race,14,1,188,9.407197952270508,0.9734602828230895,392
1797,ball,14,1,188,16.913150787353516,1.228224520790829,392
1797,ball,14,1,189,4.881293773651123,0.6885349458323655,393
1797,inner_race,14,1,189,11.030255317687988,1.0425855651854044,393
1797,ball,14,1,190,4.018328666687012,0.6040454556304944,394
1797,inner_race,14,1,190,11.998473167419434,1.0791259846182164,394
1797,ball,14,1,191,4.2112908363342285,0.6244152353061561,395
1797,inner_race,14,1,191,9.099390983581543,0.9590123262418757,395
1797,inner_race,14,1,192,8.5423002243042,0.9315748309010812,396
1797,ball,14,1,192,6.740839004516602,0.8287139547481952,396
1797,ball,14,1,193,4.498133182525635,0.6530323100546332,397
1797,inner_race,14,1,193,10.401811599731445,1.0171089834574634,397
1797,inner_race,14,1,194,12.296982765197754,1.0897985643523587,398
1797,ball,14,1,194,18.67609405517578,1.2712860524263083,398
1797,inner_race,14,1,195,9.475597381591797,0.9766065992575934,399
1797,ball,14,1,195,6.833636283874512,0.8346518600188072,399
1797,ball,14,1,196,12.003639221191406,1.0793129338870728,400
1797,inner_race,14,1,196,9.065213203430176,0.9573780226603634,400
1797,inner_race,14,1,197,8.915563583374023,0.9501488016238997,401
1797,ball,14,1,197,14.398909568786621,1.1583296041653812,401
1797,inner_race,14,1,198,11.375579833984375,1.0559735426726133,402
1797,ball,14,1,198,5.067699432373047,0.7048108487661019,402
1797,ball,14,1,199,6.478780269622803,0.8114932509271852,403
1797,inner_race,14,1,199,10.730571746826172,1.0306228626813654,403
1797,ball,14,1,200,4.803359508514404,0.6815450927228616,404
1797,inner_race,14,1,200,10.050792694091797,1.0022003153976773,404
1797,inner_race,14,1,201,7.272813320159912,0.8617024401680333,405
1797,ball,14,1,201,3.0794360637664795,0.4884711915593581,405
1797,ball,14,1,202,2.5209527015686035,0.40156469746523704,406
1797,inner_race,21,2,202,67.4058609008789,1.8286976598327802,407
1797,ball,21,2,203,3.5326504707336426,0.5481006693790677,408
1797,inner_race,21,2,203,76.1469955444336,1.881652772488677,408
1797,ball,21,2,204,3.6503496170043945,0.5623344615700021,409
1797,inner_race,21,2,204,64.77759552001953,1.8114248233937023,409
1797,ball,21,2,205,3.191457748413086,0.5039890991958685,410
1797,inner_race,21,2,205,74.24109649658203,1.8706443775278634,410
1797,ball,21,2,206,3.4207563400268555,0.5341221405544031,411
1797,inner_race,21,2,206,68.93925476074219,1.8384665843366994,411
1797,ball,21,2,207,3.9404067993164062,0.5955410597896573,412
1797,inner_race,21,2,207,70.02136993408203,1.8452306032726635,412
1797,ball,21,2,208,3.6786367893218994,0.5656869098261609,413
1797,inner_race,21,2,208,69.08189392089844,1.8393642354982052,413
1797,inner_race,21,2,209,69.18248748779297,1.8399961732146346,414
1797,ball,21,2,209,3.450852870941162,0.537926443295975,414
1797,inner_race,21,2,210,68.93452453613281,1.838436784465291,415
1797,ball,21,2,210,3.2586679458618164,0.5130401086618216,415
1797,inner_race,21,2,211,75.10482788085938,1.875667855174933,416
1797,ball,21,2,211,3.6770052909851074,0.5654942547924368,416
1797,inner_race,21,2,212,65.93462371826172,1.8191135320597507,417
1797,ball,21,2,212,3.3939502239227295,0.5307054686138871,417
1797,inner_race,21,2,213,62.1589469909668,1.7935036486518332,418
1797,ball,21,2,213,3.6476175785064697,0.5620092999824979,418
1797,inner_race,21,2,214,65.92442321777344,1.8190463387774316,419
1797,ball,21,2,214,3.87276291847229,0.5880209113029521,419
1797,inner_race,21,2,215,65.25237274169922,1.8145963083458205,420
1797,ball,21,2,215,3.613520622253418,0.5579305375666322,420
1797,ball,21,2,216,3.6498396396636963,0.5622737835964499,421
1797,inner_race,21,2,216,70.7046890258789,1.8494482164919088,421
1797,inner_race,21,2,217,66.586669921875,1.8233872958548911,422
1797,ball,21,2,217,4.247871398925781,0.6281713603374638,422
1797,inner_race,21,2,218,69.07530975341797,1.839322841093414,423
1797,ball,21,2,218,3.474285364151001,0.5408654868187155,423
1797,inner_race,21,2,219,65.93606567382812,1.8191230297479566,424
1797,ball,21,2,219,3.927875518798828,0.5941577157861412,424
1797,ball,21,2,220,3.932131052017212,0.5946279837835615,425
1797,inner_race,21,2,220,67.50397491455078,1.8293293466477518,425
1797,ball,21,2,221,3.785433769226074,0.5781156520758655,426
1797,inner_race,21,2,221,64.12572479248047,1.807032286838717,426
1797,inner_race,21,2,222,71.08586120605469,1.851783229269772,427
1797,ball,21,2,222,3.276315212249756,0.5153856783005901,427
1797,ball,21,2,223,3.7176871299743652,0.5702728379794333,428
1797,inner_race,21,2,223,72.65234375,1.8612496291126848,428
1797,inner_race,21,2,224,66.00142669677734,1.8195533234182466,429
1797,ball,21,2,224,3.8400464057922363,0.5843364727158954,429
1797,inner_race,21,2,225,73.9642562866211,1.869021894761423,430
1797,ball,21,2,225,3.98785400390625,0.6007392503270502,430
1797,inner_race,21,2,226,64.49617767333984,1.8095339772001442,431
1797,ball,21,2,226,3.90140700340271,0.5912212592355622,431
1797,ball,21,2,227,3.8259992599487305,0.5827448816870393,432
1797,inner_race,21,2,227,74.09986877441406,1.8698174388754372,432
1797,inner_race,21,2,228,73.77023315429688,1.8678811560687165,433
1797,ball,21,2,228,5.652277946472168,0.7522235098026979,433
1797,inner_race,21,2,229,62.172462463378906,1.7935980688009778,434
1797,ball,21,2,229,4.197242259979248,0.6229640369112166,434
1797,ball,21,2,230,3.7667593955993652,0.57596788022431,435
1797,inner_race,21,2,230,73.34840393066406,1.8653906679864325,435
1797,ball,21,2,231,3.7658588886260986,0.5758640424360373,436
1797,inner_race,21,2,231,68.91638946533203,1.8383225166524122,436
1797,ball,21,2,232,3.8384037017822266,0.5841506494604631,437
1797,inner_race,21,2,232,77.61592102050781,1.8899508153579638,437
1797,inner_race,21,2,233,80.38605499267578,1.905180715850378,438
1797,ball,21,2,233,3.7970921993255615,0.5794511426157481,438
1797,inner_race,21,2,234,65.75335693359375,1.8179179299453683,439
1797,ball,21,2,234,4.336810111999512,0.6371704069040793,439
1797,ball,21,2,235,6.0145649909973145,0.779204222059694,440
1797,inner_race,21,2,235,76.34355163574219,1.8827723602230502,440
1797,ball,21,2,236,5.3500895500183105,0.7283610513209153,441
1797,inner_race,21,2,236,83.29481506347656,1.9206179682806843,441
1797,ball,21,2,237,5.294257640838623,0.7238050720752491,442
1797,inner_race,21,2,237,74.37097930908203,1.871403500268312,442
1797,ball,21,2,238,3.3558175563812256,0.5257983417839891,443
1797,inner_race,21,2,238,84.58985137939453,1.9273182619242435,443
1797,inner_race,21,2,239,70.7925033569336,1.8499872700754194,444
1797,ball,21,2,239,3.704892158508301,0.5687755711152414,444
1797,ball,21,2,240,3.517078161239624,0.5461820199000756,445
1797,inner_race,21,2,240,79.84575653076172,1.902251840145822,445
1797,inner_race,21,2,241,82.14978790283203,1.9146064464959913,446
1797,ball,21,2,241,3.505587577819824,0.5447608212806814,446
1797,inner_race,21,2,242,73.07390594482422,1.863762321864813,447
1797,ball,21,2,242,3.4400794506073,0.536568472967424,447
1797,inner_race,21,2,243,84.2132568359375,1.9253804634415643,448
1797,ball,21,2,243,10.784379959106445,1.0327951806782927,448
1797,inner_race,21,2,244,70.17217254638672,1.8461649225926804,449
1797,ball,21,2,244,16.167232513427734,1.208635684284173,449
1797,inner_race,21,2,245,72.45764923095703,1.860084239958185,450
1797,ball,21,2,245,12.6375093460083,1.1016614897795387,450
1797,ball,21,2,246,3.5227832794189453,0.5468859263355026,451
1797,inner_race,21,2,246,95.36988067626953,1.9794112392594734,451
1797,inner_race,21,2,247,68.58584594726562,1.8362344996537474,452
1797,ball,21,2,247,3.5789718627929688,0.5537582840614811,452
1797,inner_race,21,2,248,77.81657409667969,1.8910721069141558,453
1797,ball,21,2,248,3.2235958576202393,0.5083405890241048,453
1797,inner_race,21,2,249,75.84053039550781,1.879901361606339,454
1797,ball,21,2,249,3.414907693862915,0.5333789690460217,454
1797,inner_race,21,2,250,74.77523803710938,1.8737578042247673,455
1797,ball,21,2,250,3.3835270404815674,0.529369651629302,455
1797,inner_race,21,2,251,82.95003509521484,1.918816574105466,456
1797,ball,21,2,251,3.807161808013916,0.5806013351369913,456
1797,inner_race,21,2,252,70.40219116210938,1.8475861761137626,457
1797,ball,21,2,252,5.7593488693237305,0.7603733864710821,457
1797,inner_race,21,2,253,76.4101791381836,1.8831512178567291,458
1797,ball,21,2,253,16.785207748413086,1.2249267208256804,458
1797,ball,21,2,254,5.639017581939697,0.751203448680832,459
1797,inner_race,21,2,254,72.98784637451172,1.8632505492722866,459
1797,ball,21,2,255,3.421123743057251,0.5341687830289719,460
1797,inner_race,21,2,255,64.30467224121094,1.808242528987335,460
1797,ball,21,2,256,3.9937069416046143,0.6013761931552271,461
1797,inner_race,21,2,256,73.68392181396484,1.8673727330524776,461
1797,inner_race,21,2,257,66.3130111694336,1.821598748988431,462
1797,ball,21,2,257,3.837709665298462,0.5840721159105934,462
1797,ball,21,2,258,3.2043135166168213,0.5057350017553454,463
1797,inner_race,21,2,258,64.3169937133789,1.8083257365456904,463
1797,ball,21,2,259,3.975295305252075,0.5993693958045201,464
1797,inner_race,21,2,259,69.32928466796875,1.8409167192185814,464
1797,ball,21,2,260,3.5577616691589355,0.5511768517760295,465
1797,inner_race,21,2,260,68.8780746459961,1.8380809987489335,465
1797,inner_race,21,2,261,72.6506118774414,1.8612392763611891,466
1797,ball,21,2,261,4.45846700668335,0.6491855571462396,466
1797,inner_race,21,2,262,64.63078308105469,1.81043941796384,467
1797,ball,21,2,262,4.4369049072265625,0.6470801209163911,467
1797,ball,21,2,263,3.344573736190796,0.524340775073456,468
1797,inner_race,21,2,263,83.03651428222656,1.9192691100158485,468
1797,ball,21,2,264,3.555769920349121,0.5509336517482627,469
1797,inner_race,21,2,264,59.07997512817383,1.771440303808173,469
1797,inner_race,21,2,265,69.4582290649414,1.841723706168403,470
1797,ball,21,2,265,3.5873982906341553,0.5547795968660865,470
1797,ball,21,2,266,3.9484472274780273,0.5964263378744086,471
1797,inner_race,21,2,266,77.9703369140625,1.8919294108347842,471
1797,ball,21,2,267,3.5323567390441895,0.5480645572992989,472
1797,inner_race,21,2,267,57.51543045043945,1.7597843744368669,472
1797,inner_race,21,2,268,86.94100952148438,1.9392246787242062,473
1797,ball,21,2,268,4.568303108215332,0.6597549117566456,473
1797,ball,21,2,269,12.801576614379883,1.1072634597072073,474
1797,inner_race,21,2,269,76.94316864013672,1.8861700672657107,474
1797,inner_race,21,2,270,70.38735961914062,1.8474946741911056,475
1797,ball,21,2,270,32.297576904296875,1.5091699410132295,475
1797,inner_race,21,2,271,77.33495330810547,1.8883758276548865,476
1797,ball,21,2,271,6.907137870788574,0.83929812488194,476
1797,inner_race,21,2,272,65.94158172607422,1.819159360257349,477
1797,ball,21,2,272,3.689338445663452,0.566948497553161,477
1797,ball,21,2,273,3.763700008392334,0.5756150000124026,478
1797,inner_race,21,2,273,82.3910903930664,1.915880250503744,478
1797,ball,21,2,274,3.4774014949798584,0.5412548364951112,479
1797,inner_race,21,2,274,77.53874969482422,1.8895187937692512,479
1797,inner_race,21,2,275,83.29851531982422,1.92063726078069,480
1797,ball,21,2,275,4.145978927612305,0.6176270904146308,480
1797,ball,21,2,276,3.2788634300231934,0.5157233279769238,481
1797,inner_race,21,2,276,72.5254135131836,1.8604902136688672,481
1797,inner_race,21,2,277,71.44361877441406,1.8539634443961084,482
1797,ball,21,2,277,4.454128265380859,0.6487627192415875,482
1797,ball,21,2,278,9.647297859191895,0.9844056875225488,483
1797,inner_race,21,2,278,81.80899810791016,1.9128010740098995,483
1797,ball,21,2,279,11.316534996032715,1.0537134708044493,484
1797,inner_race,21,2,279,69.22900390625,1.8402880828589985,484
1797,ball,21,2,280,6.251072406768799,0.795954529406406,485
1797,inner_race,21,2,280,67.05590057373047,1.826436999545719,485
1797,inner_race,21,2,281,73.61241912841797,1.8669510902062971,486
1797,ball,21,2,281,3.2007148265838623,0.5052469816236278,486
1797,ball,21,2,282,3.8478548526763916,0.5852186813827676,487
1797,inner_race,21,2,282,72.26798248291016,1.8589459306171394,487
1797,ball,21,2,283,3.322355031967163,0.5214460399713475,488
1797,inner_race,21,2,283,77.6915054321289,1.8903735368752326,488
1797,ball,21,2,284,3.6648616790771484,0.5640575879410908,489
1797,inner_race,21,2,284,73.07695770263672,1.863780458761786,489
1797,inner_race,21,2,285,71.64934539794922,1.8552122269544777,490
1797,ball,21,2,285,3.907181739807129,0.5918636125966031,490
1797,ball,21,2,286,3.2183680534362793,0.5076357086369063,491
1797,inner_race,21,2,286,71.67214965820312,1.8553504304315185,491
1797,inner_race,21,2,287,69.55720520019531,1.8423421237832718,492
1797,ball,21,2,287,4.145143985748291,0.6175396208042376,492
1797,inner_race,21,2,288,70.6998062133789,1.8494182234068635,493
1797,ball,21,2,288,3.167733907699585,0.500748693349501,493
1797,inner_race,21,2,289,74.38138580322266,1.8714642654599805,494
1797,ball,21,2,289,4.105536460876465,0.6133699134106692,494
1797,ball,21,2,290,3.9345405101776123,0.5948940211814336,495
1797,inner_race,21,2,290,69.19510650634766,1.84007538213831,495
1797,ball,21,2,291,3.6055123805999756,0.5569669911788789,496
1797,inner_race,21,2,291,72.50438690185547,1.8603642844969208,496
1797,ball,21,2,292,4.109616756439209,0.6138013235003592,497
1797,inner_race,21,2,292,64.30013275146484,1.8082118695520468,497
1797,inner_race,21,2,293,73.75247192382812,1.8677765809198594,498
1797,ball,21,2,293,3.084364652633667,0.48916571738952375,498
1797,ball,21,2,294,3.827261209487915,0.5828881037107673,499
1797,inner_race,21,2,294,68.67533111572266,1.8368007620334013,499
1797,inner_race,21,2,295,73.11927032470703,1.8640318488152923,500
1797,ball,21,2,295,3.699831247329712,0.5681819159521676,500
1797,inner_race,21,2,296,65.96841430664062,1.8193360449997709,501
1797,ball,21,2,296,3.7889888286590576,0.5785233248160649,501
1797,ball,21,2,297,3.4176807403564453,0.533731491042018,502
1797,inner_race,21,2,297,64.99872589111328,1.812904843660054,502
1797,inner_race,21,2,298,64.50155639648438,1.809570194112008,503
1797,ball,21,2,298,3.0575013160705566,0.48536665264603607,503
1797,inner_race,21,2,299,69.9317855834961,1.8446746173173039,504
1797,ball,21,2,299,4.313815116882324,0.6348615280084343,504
1797,ball,21,2,300,3.2332935333251953,0.5096451336609235,505
1797,inner_race,21,2,300,78.5655746459961,1.8952322913789426,505
1797,ball,21,2,301,3.692981481552124,0.5673771298876724,506
1797,inner_race,21,2,301,70.3881607055664,1.847499616917134,506
1797,inner_race,21,2,302,68.92372131347656,1.8383687177353385,507
1797,ball,21,2,302,3.545861005783081,0.5497217076877637,507
1797,ball,21,2,303,3.720712184906006,0.5706260765408708,508
1797,inner_race,28,3,303,185.83837890625,2.269135408398179,509
1797,ball,28,3,304,858.1934204101562,2.9335851805642643,510
1797,inner_race,28,3,304,183.62351989746094,2.263928308169553,510
1797,ball,28,3,305,1118.4893798828125,3.0486318648026187,511
1797,inner_race,28,3,305,188.65150451660156,2.2756602730973245,511
1797,ball,28,3,306,1285.5364990234375,3.1090844116668963,512
1797,inner_race,28,3,306,189.97225952148438,2.278690188235378,512
1797,ball,28,3,307,1126.262939453125,3.0516397935549864,513
1797,inner_race,28,3,307,201.91912841796875,2.3051774629400126,513
1797,ball,28,3,308,1132.1187744140625,3.05389199254717,514
1797,inner_race,28,3,308,194.26791381835938,2.288401076449805,514
1797,inner_race,28,3,309,175.75450134277344,2.2449064567831467,515
1797,ball,28,3,309,971.8512573242188,2.987599800866128,515
1797,inner_race,28,3,310,200.3981170654297,2.301893636596728,516
1797,ball,28,3,310,1216.196533203125,3.085003761111763,516
1797,inner_race,28,3,311,191.76824951171875,2.2827767039644575,517
1797,ball,28,3,311,1119.8553466796875,3.04916192785229,517
1797,inner_race,28,3,312,179.1328582763672,2.2531752556382285,518
1797,ball,28,3,312,1392.10546875,3.143672139556852,518
1797,inner_race,28,3,313,178.83099365234375,2.252442789659529,519
1797,ball,28,3,313,1336.150634765625,3.1258554223309254,519
1797,inner_race,28,3,314,173.5594024658203,2.239448146261025,520
1797,ball,28,3,314,724.761962890625,2.860195392532738,520
1797,ball,28,3,315,1107.6116943359375,3.0443875324461946,521
1797,inner_race,28,3,315,198.0282745361328,2.2967272033844885,521
1797,inner_race,28,3,316,185.11634826660156,2.267444774498195,522
1797,ball,28,3,316,1057.34814453125,3.02421800751021,522
1797,inner_race,28,3,317,201.05612182617188,2.30331730118849,523
1797,ball,28,3,317,1044.3631591796875,3.0188515433048995,523
1797,inner_race,28,3,318,181.66180419921875,2.259263623129221,524
1797,ball,28,3,318,1442.3077392578125,3.1590579338940907,524
1797,ball,28,3,319,1033.5675048828125,3.014338846750151,525
1797,inner_race,28,3,319,190.73934936523438,2.2804402968704496,525
1797,inner_race,28,3,320,181.0452117919922,2.2577870432661786,526
1797,ball,28,3,320,1058.82470703125,3.0248240667454276,526
1797,ball,28,3,321,931.4989624023438,2.969182375471459,527
1797,inner_race,28,3,321,162.66781616210938,2.2113016362447113,527
1797,inner_race,28,3,322,183.6130828857422,2.2639036225224043,528
1797,ball,28,3,322,928.0670776367188,2.9675793667303902,528
1797,inner_race,28,3,323,168.57127380371094,2.226783568560024,529
1797,ball,28,3,323,1132.589111328125,3.054072382018709,529
1797,ball,28,3,324,1200.9962158203125,3.0795416390007864,530
1797,inner_race,28,3,324,197.42962646484375,2.2954123238390087,530
1797,ball,28,3,325,1076.4058837890625,3.0319760630141794,531
1797,inner_race,28,3,325,186.72821044921875,2.271209935072307,531
1797,ball,28,3,326,1164.431884765625,3.0661140888899094,532
1797,inner_race,28,3,326,167.20054626464844,2.2232376919985413,532
1797,inner_race,28,3,327,220.04400634765625,2.3425095435620404,533
1797,ball,28,3,327,1211.7862548828125,3.083426022048609,533
1797,ball,28,3,328,1037.06103515625,3.015804317094459,534
1797,inner_race,28,3,328,188.51779174804688,2.2753523438965586,534
1797,inner_race,28,3,329,194.96368408203125,2.2899537227902305,535
1797,ball,28,3,329,1145.7493896484375,3.059089634564098,535
1797,ball,28,3,330,1216.23974609375,3.0850191918304275,536
1797,inner_race,28,3,330,176.82113647460938,2.2475341775641056,536
1797,ball,28,3,331,1160.4244384765625,3.0646168664454807,537
1797,inner_race,28,3,331,196.48643493652344,2.2933325728510394,537
1797,ball,28,3,332,963.596435546875,2.983895184824452,538
1797,inner_race,28,3,332,188.43861389160156,2.275169901013857,538
1797,ball,28,3,333,1261.296630859375,3.100817235657695,539
1797,inner_race,28,3,333,164.82598876953125,2.2170256896993035,539
1797,ball,28,3,334,848.0799560546875,2.9284367989977533,540
1797,inner_race,28,3,334,196.5342254638672,2.2934381915347686,540
1797,ball,28,3,335,1150.6954345703125,3.060960390016702,541
1797,inner_race,28,3,335,170.9121551513672,2.2327729505349243,541
1797,ball,28,3,336,1067.1771240234375,3.0282365071488693,542
1797,inner_race,28,3,336,173.34547424316406,2.238912507446825,542
1797,inner_race,28,3,337,174.73171997070312,2.2423717519077693,543
1797,ball,28,3,337,1068.5328369140625,3.028787872940381,543
1797,ball,28,3,338,1071.885009765625,3.030148197387637,544
1797,inner_race,28,3,338,176.74752807617188,2.2473533486336597,544
1797,ball,28,3,339,1205.3658447265625,3.081118881128126,545
1797,inner_race,28,3,339,183.2909393310547,2.263140996900113,545
1797,inner_race,28,3,340,170.0614776611328,2.2306059483338987,546
1797,ball,28,3,340,1145.535888671875,3.059008699817868,546
1797,ball,28,3,341,896.2501220703125,2.9524292278272757,547
1797,inner_race,28,3,341,175.7500457763672,2.244895446809478,547
1797,ball,28,3,342,661.1873168945312,2.8203245142043882,548
1797,inner_race,28,3,342,165.42117309570312,2.2185910963297277,548
1797,inner_race,28,3,343,179.8667755126953,2.254950949092743,549
1797,ball,28,3,343,1373.3116455078125,3.1377691028348402,549
1797,inner_race,28,3,344,173.05111694335938,2.2381744067550935,550
1797,ball,28,3,344,1008.3681030273438,3.0036190995011283,550
1797,inner_race,28,3,345,179.9580535888672,2.255171287226437,551
1797,ball,28,3,345,751.4867553710938,2.8759213307380467,551
1797,inner_race,28,3,346,177.1826629638672,2.248421224619419,552
1797,ball,28,3,346,1106.5382080078125,3.0439664144137266,552
1797,ball,28,3,347,1007.6412353515625,3.0033059316716595,553
1797,inner_race,28,3,347,189.00128173828125,2.2764647494112085,553
1797,inner_race,28,3,348,195.5899658203125,2.2913465707959144,554
1797,ball,28,3,348,993.2062377929688,2.9970394384606163,554
1797,inner_race,28,3,349,192.5863800048828,2.2846255699230955,555
1797,ball,28,3,349,1160.9779052734375,3.0648239547005613,555
1797,inner_race,28,3,350,169.5960693359375,2.2294157825581102,556
1797,ball,28,3,350,1359.59326171875,3.133409003509127,556
1797,inner_race,28,3,351,181.20718383789062,2.2581754109970347,557
1797,ball,28,3,351,932.5776977539062,2.969685025252907,557
1797,inner_race,28,3,352,172.40455627441406,2.236548739091296,558
1797,ball,28,3,352,1053.120361328125,3.0224780096217847,558
1797,inner_race,28,3,353,189.51898193359375,2.2776527147587675,559
1797,ball,28,3,353,1119.9105224609375,3.0491833252114215,559
1797,inner_race,28,3,354,186.4326934814453,2.2705220740778094,560
1797,ball,28,3,354,794.3712158203125,2.9000234990360583,560
1797,ball,28,3,355,1363.2205810546875,3.134566134179528,561
1797,inner_race,28,3,355,174.29087829589844,2.241274658427148,561
1797,ball,28,3,356,1066.0457763671875,3.027775853843301,562
1797,inner_race,28,3,356,185.90582275390625,2.269292992516861,562
1797,inner_race,28,3,357,175.90597534179688,2.2452805922368455,563
1797,ball,28,3,357,1014.8564453125,3.006404614251325,563
1797,ball,28,3,358,1163.08056640625,3.0656097992802738,564
1797,inner_race,28,3,358,184.9711151123047,2.2671039147448684,564
1797,ball,28,3,359,1314.8917236328125,3.1188899917878645,565
1797,inner_race,28,3,359,185.20103454589844,2.2676434083519634,565
1797,ball,28,3,360,1487.1959228515625,3.172368186146914,566
1797,inner_race,28,3,360,178.90289306640625,2.2526173636675235,566
1797,inner_race,28,3,361,170.3578338623047,2.231362109286021,567
1797,ball,28,3,361,1137.2164306640625,3.055843125811921,567
1797,inner_race,28,3,362,174.8931121826172,2.2427727059910554,568
1797,ball,28,3,362,1124.0369873046875,3.050780602263322,568
1797,ball,28,3,363,1190.58349609375,3.0757598580535537,569
1797,inner_race,28,3,363,166.6645050048828,2.2218431167931207,569
1797,ball,28,3,364,1164.1273193359375,3.0660004812255535,570
1797,inner_race,28,3,364,174.64508056640625,2.2421563568619907,570
1797,inner_race,28,3,365,187.36988830566406,2.272699797899431,571
1797,ball,28,3,365,860.161865234375,2.9345801844568533,571
1797,ball,28,3,366,1174.239990234375,3.069756866743722,572
1797,inner_race,28,3,366,174.0233917236328,2.2406076288211083,572
1797,ball,28,3,367,1128.602783203125,3.0525411169319567,573
1797,inner_race,28,3,367,168.1058349609375,2.2255827880816934,573
1797,inner_race,28,3,368,173.06707763671875,2.238214460362022,574
1797,ball,28,3,368,1348.7890625,3.129944035546418,574
1797,ball,28,3,369,1093.2264404296875,3.0387101268569294,575
1797,inner_race,28,3,369,164.65072631835938,2.216563650841184,575
1797,inner_race,28,3,370,169.06849670410156,2.2280626910857464,576
1797,ball,28,3,370,1336.53173828125,3.1259792762962606,576
1797,inner_race,28,3,371,181.21424865722656,2.2581923427332873,577
1797,ball,28,3,371,704.7078247070312,2.848009093702774,577
1797,inner_race,28,3,372,163.41567993164062,2.2132937252752085,578
1797,ball,28,3,372,1074.9632568359375,3.0313936199482616,578
1797,ball,28,3,373,1172.526611328125,3.0691227081221406,579
1797,inner_race,28,3,373,168.39488220214844,2.2263288884395167,579
1797,ball,28,3,374,950.5992431640625,2.977997464187856,580
1797,inner_race,28,3,374,162.69003295898438,2.211360947137806,580
1797,inner_race,28,3,375,212.3421173095703,2.3270361434877613,581
1797,ball,28,3,375,1130.08203125,3.053109969524282,581
1797,ball,28,3,376,1186.227294921875,3.0741679128667423,582
1797,inner_race,28,3,376,190.76065063476562,2.280488795029425,582
1797,inner_race,28,3,377,225.76979064941406,2.3536658302728592,583
1797,ball,28,3,377,1173.9423828125,3.069646782226208,583
1797,ball,28,3,378,1239.325439453125,3.0931853644874385,584
1797,inner_race,28,3,378,199.27561950683594,2.2994541679361244,584
1797,ball,28,3,379,1467.4832763671875,3.166573160670703,585
1797,inner_race,28,3,379,195.26351928710938,2.2906211124521874,585
1797,ball,28,3,380,1462.0333251953125,3.164957271926551,586
1797,inner_race,28,3,380,183.71588134765625,2.2641467005819638,586
1797,inner_race,28,3,381,189.53070068359375,2.2776795681697837,587
1797,ball,28,3,381,702.3485717773438,2.846552703622685,587
1797,ball,28,3,382,1268.6492919921875,3.103341581430297,588
1797,inner_race,28,3,382,193.24485778808594,2.286107946243807,588
1797,ball,28,3,383,1096.7364501953125,3.040102277549964,589
1797,inner_race,28,3,383,175.10598754882812,2.243300996540085,589
1797,ball,28,3,384,860.966552734375,2.9349862800889066,590
1797,inner_race,28,3,384,205.4322967529297,2.312668721632049,590
1797,inner_race,28,3,385,178.89939880371094,2.2526088811114224,591
1797,ball,28,3,385,1369.8868408203125,3.1366846938446984,591
1797,ball,28,3,386,1456.299560546875,3.163250718459897,592
1797,inner_race,28,3,386,187.7488555908203,2.2735772984745735,592
1797,inner_race,28,3,387,187.1398468017578,2.2721662696145586,593
1797,ball,28,3,387,1056.8140869140625,3.0239985936188383,593
1797,inner_race,28,3,388,183.67860412597656,2.264058570289475,594
1797,ball,28,3,388,1222.1759033203125,3.0871337168259734,594
1797,inner_race,28,3,389,156.96841430664062,2.1958122710564973,595
1797,ball,28,3,389,1238.6602783203125,3.0929522107493654,595
1797,ball,28,3,390,1516.2860107421875,3.1807811281901506,596
1797,inner_race,28,3,390,179.60357666015625,2.254314981041212,596
1797,ball,28,3,391,933.5635375976562,2.9701438810307,597
1797,inner_race,28,3,391,182.15623474121094,2.260444040619738,597
1797,ball,28,3,392,1252.181640625,3.0976673319090033,598
1797,inner_race,28,3,392,172.1373748779297,2.235875175620913,598
1797,inner_race,28,3,393,205.14999389648438,2.312071508382029,599
1797,ball,28,3,393,1037.0960693359375,3.015818988259806,599
1797,ball,28,3,394,1007.639404296875,3.0033051424843564,600
1797,inner_race,28,3,394,182.07823181152344,2.260258027237896,600
1797,inner_race,28,3,395,197.80393981933594,2.2962349375379913,601
1797,ball,28,3,395,1235.7325439453125,3.0919244842982834,601
1797,inner_race,28,3,396,198.59844970703125,2.2979758539966757,602
1797,ball,28,3,396,1415.5980224609375,3.1509399472722714,602
1797,ball,28,3,397,1071.71484375,3.0300792459351285,603
1797,inner_race,28,3,397,182.45840454101562,2.261163872971805,603
1797,inner_race,28,3,398,201.42201232910156,2.3041069305208377,604
1797,ball,28,3,398,1202.8262939453125,3.0802029132683053,604
1797,inner_race,28,3,399,179.8048095703125,2.2548013044267465,605
1797,ball,28,3,399,1396.1204833984375,3.1449228989585145,605
1797,ball,28,3,400,1236.125244140625,3.092062475674748,606
1797,inner_race,28,3,400,176.83177185058594,2.247560298571411,606
1797,ball,28,3,401,908.779052734375,2.95845830803825,607
1797,inner_race,28,3,401,185.89283752441406,2.2692626566705036,607
1797,inner_race,28,3,402,181.0538787841797,2.2578078333039358,608
1797,ball,28,3,402,1234.8505859375,3.0916144121475417,608
1797,ball,28,3,403,941.5151977539062,2.9738273347057245,609
