load,fault_type,window_idx,recon_error,global_window_id
1730,healthy,0,0.5540416240692139,0
1730,healthy,1,0.42999449372291565,1
1730,healthy,2,0.5293777585029602,2
1730,healthy,3,0.4773157835006714,3
1730,healthy,4,0.4432840049266815,4
1730,healthy,5,0.37460729479789734,5
1730,healthy,6,0.46065306663513184,6
1730,healthy,7,0.4688446521759033,7
1730,healthy,8,0.46331462264060974,8
1730,healthy,9,0.4696018099784851,9
1730,healthy,10,0.47031915187835693,10
1730,healthy,11,0.4768897593021393,11
1730,healthy,12,0.44817739725112915,12
1730,healthy,13,0.4039876163005829,13
1730,healthy,14,0.5499248504638672,14
1730,healthy,15,0.48614197969436646,15
1730,healthy,16,0.5230783820152283,16
1730,healthy,17,0.4228303134441376,17
1730,healthy,18,0.5527434349060059,18
1730,healthy,19,0.49118632078170776,19
1730,healthy,20,0.4753737449645996,20
1730,healthy,21,0.4646284878253937,21
1730,healthy,22,0.46298059821128845,22
1730,healthy,23,0.4008138179779053,23
1730,healthy,24,0.3698054552078247,24
1730,healthy,25,0.4332532286643982,25
1730,healthy,26,0.46986258029937744,26
1730,healthy,27,0.5065196752548218,27
1730,healthy,28,0.5153082013130188,28
1730,healthy,29,0.37612980604171753,29
1730,healthy,30,0.49564749002456665,30
1730,healthy,31,0.43365275859832764,31
1730,healthy,32,0.4711025059223175,32
1730,healthy,33,0.4032857120037079,33
1730,healthy,34,0.4303286671638489,34
1730,healthy,35,0.4632081985473633,35
1730,healthy,36,0.4750787317752838,36
1730,healthy,37,0.40361642837524414,37
1730,healthy,38,0.4080183804035187,38
1730,healthy,39,0.44742730259895325,39
1730,healthy,40,0.35733047127723694,40
1730,healthy,41,0.4128633737564087,41
1730,healthy,42,0.3922699987888336,42
1730,healthy,43,0.43940144777297974,43
1730,healthy,44,0.3948945999145508,44
1730,healthy,45,0.3982958495616913,45
1730,healthy,46,0.4115815758705139,46
1730,healthy,47,0.39510947465896606,47
1730,healthy,48,0.43431147933006287,48
1730,healthy,49,0.358934223651886,49
1730,healthy,50,0.42978373169898987,50
1730,healthy,51,0.428008109331131,51
1730,healthy,52,0.4312919080257416,52
1730,healthy,53,0.47734272480010986,53
1730,healthy,54,0.37977102398872375,54
1730,healthy,55,0.4374488890171051,55
1730,healthy,56,0.4448474049568176,56
1730,healthy,57,0.39661335945129395,57
1730,healthy,58,0.40598568320274353,58
1730,healthy,59,0.36344218254089355,59
1730,healthy,60,0.4117359519004822,60
1730,healthy,61,0.44758641719818115,61
1730,healthy,62,0.4466140866279602,62
1730,healthy,63,0.49747130274772644,63
1730,healthy,64,0.40435460209846497,64
1730,healthy,65,0.424258828163147,65
1730,healthy,66,0.5214155316352844,66
1730,healthy,67,0.4966842532157898,67
1730,healthy,68,0.4193405210971832,68
1730,healthy,69,0.44261831045150757,69
1730,healthy,70,0.45774179697036743,70
1730,healthy,71,0.4890497922897339,71
1730,healthy,72,0.4372672140598297,72
1730,healthy,73,0.38878652453422546,73
1730,healthy,74,0.3807404637336731,74
1730,healthy,75,0.4400131106376648,75
1730,healthy,76,0.4236912727355957,76
1730,healthy,77,0.38764673471450806,77
1730,healthy,78,0.5294034481048584,78
1730,healthy,79,0.4759950637817383,79
1730,healthy,80,0.37749743461608887,80
1730,healthy,81,0.40798914432525635,81
1730,healthy,82,0.4291185438632965,82
1730,healthy,83,0.4161207377910614,83
1730,healthy,84,0.3808496594429016,84
1730,healthy,85,0.3979160189628601,85
1730,healthy,86,0.36072272062301636,86
1730,healthy,87,0.45267120003700256,87
1730,healthy,88,0.44228947162628174,88
1730,healthy,89,0.540221631526947,89
1730,healthy,90,0.4239928722381592,90
1730,healthy,91,0.41646862030029297,91
1730,healthy,92,0.4261157810688019,92
1730,healthy,93,0.44053885340690613,93
1730,healthy,94,0.3731914758682251,94
1730,healthy,95,0.386129230260849,95
1730,healthy,96,0.4272215664386749,96
1730,healthy,97,0.3517991602420807,97
1730,healthy,98,0.41699540615081787,98
1730,healthy,99,0.4532334506511688,99
1730,healthy,100,0.45933669805526733,100
1730,healthy,101,0.3524388372898102,101
1730,healthy,102,0.3921969532966614,102
1730,healthy,103,0.4574539065361023,103
1730,healthy,104,0.4342581033706665,104
1730,healthy,105,0.09528744220733643,105
1730,healthy,106,0.4245375692844391,106
1730,healthy,107,0.45834970474243164,107
1730,healthy,108,0.5213376879692078,108
1730,healthy,109,0.34791645407676697,109
1730,healthy,110,0.4270816147327423,110
1730,healthy,111,0.49414142966270447,111
1730,healthy,112,0.5462713837623596,112
1730,healthy,113,0.3964465260505676,113
1730,healthy,114,0.43364202976226807,114
1730,healthy,115,0.4657273292541504,115
1730,healthy,116,0.3863809108734131,116
1730,healthy,117,0.34255704283714294,117
1730,healthy,118,0.3642885386943817,118
1730,healthy,119,0.4078279435634613,119
1730,healthy,120,0.42106103897094727,120
1730,healthy,121,0.43341055512428284,121
1730,healthy,122,0.432073712348938,122
1730,healthy,123,0.40607279539108276,123
1730,healthy,124,0.40202751755714417,124
1730,healthy,125,0.38033735752105713,125
1730,healthy,126,0.36423370242118835,126
1730,healthy,127,0.3942861557006836,127
1730,healthy,128,0.4634496569633484,128
1730,healthy,129,0.4457354247570038,129
1730,healthy,130,0.33369919657707214,130
1730,healthy,131,0.4370245337486267,131
1730,healthy,132,0.4682825207710266,132
1730,healthy,133,0.446127325296402,133
1730,healthy,134,0.4114430248737335,134
1730,healthy,135,0.47848978638648987,135
1730,healthy,136,0.4529367983341217,136
1730,healthy,137,0.38150399923324585,137
1730,healthy,138,0.3932773768901825,138
1730,healthy,139,0.3762168884277344,139
1730,healthy,140,0.3618820607662201,140
1730,healthy,141,0.36980077624320984,141
1730,healthy,142,0.3856547176837921,142
1730,healthy,143,0.3556954562664032,143
1730,healthy,144,0.343598872423172,144
1730,healthy,145,0.37951743602752686,145
1730,healthy,146,0.35428643226623535,146
1730,healthy,147,0.38322824239730835,147
1730,healthy,148,0.40267980098724365,148
1730,healthy,149,0.4674086570739746,149
1730,healthy,150,0.488176167011261,150
1730,healthy,151,0.35814520716667175,151
1730,healthy,152,0.4721807837486267,152
1730,healthy,153,0.5098264813423157,153
1730,healthy,154,0.37482544779777527,154
1730,healthy,155,0.36951032280921936,155
1730,healthy,156,0.465550035238266,156
1730,healthy,157,0.37931081652641296,157
1730,healthy,158,0.37849536538124084,158
1730,healthy,159,0.42395704984664917,159
1730,healthy,160,0.3905503451824188,160
1730,healthy,161,0.4683401584625244,161
1730,healthy,162,0.35194122791290283,162
1730,healthy,163,0.39775529503822327,163
1730,healthy,164,0.4317043125629425,164
1730,healthy,165,0.3749706745147705,165
1730,healthy,166,0.3356746435165405,166
1730,healthy,167,0.37285271286964417,167
1730,healthy,168,0.2949158847332001,168
1730,healthy,169,0.3874983787536621,169
1730,healthy,170,0.3527720272541046,170
1730,healthy,171,0.39248937368392944,171
1730,healthy,172,0.4171866774559021,172
1730,healthy,173,0.4318212866783142,173
1730,healthy,174,0.405859112739563,174
1730,healthy,175,0.3574901223182678,175
1730,healthy,176,0.3651890456676483,176
1730,healthy,177,0.33359867334365845,177
1730,healthy,178,0.3484276235103607,178
1730,healthy,179,0.36989733576774597,179
1730,healthy,180,0.45077210664749146,180
1730,healthy,181,0.3617343008518219,181
1730,healthy,182,0.41539549827575684,182
1730,healthy,183,0.32000982761383057,183
1730,healthy,184,0.47907236218452454,184
1730,healthy,185,0.43265751004219055,185
1730,healthy,186,0.4478045701980591,186
1730,healthy,187,0.3525475859642029,187
1730,healthy,188,0.3862740099430084,188
1730,healthy,189,0.4097001552581787,189
1730,healthy,190,0.3973860442638397,190
1730,healthy,191,0.3513182997703552,191
1730,healthy,192,0.34497424960136414,192
1730,healthy,193,0.4313482642173767,193
1730,healthy,194,0.41943418979644775,194
1730,healthy,195,0.4279254078865051,195
1730,healthy,196,0.10612405836582184,196
1730,healthy,197,0.4288780689239502,197
1730,healthy,198,0.42476725578308105,198
1730,healthy,199,0.4890412986278534,199
1730,healthy,200,0.3444620370864868,200
1730,healthy,201,0.3439818322658539,201
1730,healthy,202,0.40789440274238586,202
1730,healthy,203,0.3933391869068146,203
1730,healthy,204,0.337277889251709,204
1730,healthy,205,0.5263971090316772,205
1730,healthy,206,0.4375752806663513,206
1730,healthy,207,0.4521435499191284,207
1730,healthy,208,0.33728137612342834,208
1730,healthy,209,0.47587743401527405,209
1730,healthy,210,0.5166000723838806,210
1730,healthy,211,0.4769606590270996,211
1730,healthy,212,0.4300335645675659,212
1730,healthy,213,0.41686922311782837,213
1730,healthy,214,0.44905588030815125,214
1730,healthy,215,0.43529051542282104,215
1730,healthy,216,0.3815593421459198,216
1730,healthy,217,0.4324624538421631,217
1730,healthy,218,0.40625759959220886,218
1730,healthy,219,0.3924598693847656,219
1730,healthy,220,0.35302072763442993,220
1730,healthy,221,0.47234126925468445,221
1730,healthy,222,0.4607487916946411,222
1730,healthy,223,0.31318044662475586,223
1730,healthy,224,0.3314543068408966,224
1730,healthy,225,0.09450606256723404,225
1730,healthy,226,0.4799906313419342,226
1730,healthy,227,0.3122953176498413,227
1730,healthy,228,0.33177459239959717,228
1730,healthy,229,0.5003583431243896,229
1730,healthy,230,0.38645389676094055,230
1730,healthy,231,0.4885600805282593,231
1730,healthy,232,0.42356449365615845,232
1730,healthy,233,0.42591702938079834,233
1730,healthy,234,0.41293254494667053,234
1730,healthy,235,0.4111962914466858,235
1730,healthy,236,0.4136658310890198,236
1730,healthy,237,0.437527060508728,237
1730,healthy,238,0.5551182627677917,238
1730,healthy,239,0.33629053831100464,239
1730,healthy,240,0.397587388753891,240
1730,healthy,241,0.39510878920555115,241
1730,healthy,242,0.4222109615802765,242
1730,healthy,243,0.4199443459510803,243
1730,healthy,244,0.38729414343833923,244
1730,healthy,245,0.44255387783050537,245
1730,healthy,246,0.45319294929504395,246
1730,healthy,247,0.4357001781463623,247
1730,healthy,248,0.38404443860054016,248
1730,healthy,249,0.43682363629341125,249
1730,healthy,250,0.38740986585617065,250
1730,healthy,251,0.46216878294944763,251
1730,healthy,252,0.3976842164993286,252
1730,healthy,253,0.4242410659790039,253
1730,healthy,254,0.4370259642601013,254
1730,healthy,255,0.439625084400177,255
1730,healthy,256,0.4877375364303589,256
1730,healthy,257,0.36355605721473694,257
1730,healthy,258,0.41079697012901306,258
1730,healthy,259,0.4866043031215668,259
1730,healthy,260,0.4129889905452728,260
1730,healthy,261,0.43593811988830566,261
1730,healthy,262,0.38850006461143494,262
1730,healthy,263,0.45472148060798645,263
1730,healthy,264,0.4958341419696808,264
1730,healthy,265,0.4070221483707428,265
1730,healthy,266,0.44338470697402954,266
1730,healthy,267,0.4339183568954468,267
1730,healthy,268,0.4437468349933624,268
1730,healthy,269,0.3887500464916229,269
1730,healthy,270,0.5305115580558777,270
1730,healthy,271,0.34696370363235474,271
1730,healthy,272,0.42829275131225586,272
1730,healthy,273,0.4189010560512543,273
1730,healthy,274,0.4018498361110687,274
1730,healthy,275,0.3970906138420105,275
1730,healthy,276,0.349578857421875,276
1730,healthy,277,0.38774099946022034,277
1730,healthy,278,0.41474589705467224,278
1730,healthy,279,0.384501188993454,279
1730,healthy,280,0.42885875701904297,280
1730,healthy,281,0.4655427038669586,281
1730,healthy,282,0.42661774158477783,282
1730,healthy,283,0.34624183177948,283
1730,healthy,284,0.3983415365219116,284
1730,healthy,285,0.3854835629463196,285
1730,healthy,286,0.4862232506275177,286
1730,healthy,287,0.36814525723457336,287
1730,healthy,288,0.41105157136917114,288
1730,healthy,289,0.32801005244255066,289
1730,healthy,290,0.41525042057037354,290
1730,healthy,291,0.5585852861404419,291
1730,healthy,292,0.33859503269195557,292
1730,healthy,293,0.3376632034778595,293
1730,healthy,294,0.46235769987106323,294
1730,healthy,295,0.43762579560279846,295
1730,healthy,296,0.3866402804851532,296
1730,healthy,297,0.3975023329257965,297
1730,healthy,298,0.43911072611808777,298
1730,healthy,299,0.4332956075668335,299
1730,healthy,300,0.4017607867717743,300
1730,healthy,301,0.451228529214859,301
1730,healthy,302,0.4518573582172394,302
1730,healthy,303,0.4186049699783325,303
1730,healthy,304,0.3765803277492523,304
1730,healthy,305,0.4155089259147644,305
1730,healthy,306,0.3698682487010956,306
1730,healthy,307,0.4590439796447754,307
1730,healthy,308,0.502329409122467,308
1730,healthy,309,0.41874679923057556,309
1730,healthy,310,0.3876113295555115,310
1730,healthy,311,0.43489643931388855,311
1730,healthy,312,0.4709567725658417,312
1730,healthy,313,0.515554666519165,313
1730,healthy,314,0.3241541087627411,314
1730,healthy,315,0.48872920870780945,315
1730,healthy,316,0.41488200426101685,316
1730,healthy,317,0.3639768362045288,317
1730,healthy,318,0.44630131125450134,318
1730,healthy,319,0.37769967317581177,319
1730,healthy,320,0.4808795750141144,320
1730,healthy,321,0.34285685420036316,321
1730,healthy,322,0.43813425302505493,322
1730,healthy,323,0.44728338718414307,323
1730,healthy,324,0.4147166311740875,324
1730,healthy,325,0.4656203091144562,325
1730,healthy,326,0.4970187246799469,326
1730,healthy,327,0.5034365057945251,327
1730,healthy,328,0.4733920693397522,328
1730,healthy,329,0.556311845779419,329
1730,healthy,330,0.7893821001052856,330
1730,healthy,331,0.4395643174648285,331
1730,healthy,332,0.5993797779083252,332
1730,healthy,333,0.40822190046310425,333
1730,healthy,334,0.5949695706367493,334
1730,healthy,335,0.46904245018959045,335
1730,healthy,336,0.47361814975738525,336
1730,healthy,337,0.4985560178756714,337
1730,healthy,338,0.528649091720581,338
1730,healthy,339,0.48256292939186096,339
1730,healthy,340,0.4352632761001587,340
1730,healthy,341,0.5002599358558655,341
1730,healthy,342,0.532403826713562,342
1730,healthy,343,0.6481461524963379,343
1730,healthy,344,0.5387583374977112,344
1730,healthy,345,0.5793898701667786,345
1730,healthy,346,0.41274702548980713,346
1730,healthy,347,0.49526727199554443,347
1730,healthy,348,0.5746124386787415,348
1730,healthy,349,0.4695531725883484,349
1730,healthy,350,0.6221169233322144,350
1730,healthy,351,0.4688219130039215,351
1730,healthy,352,0.5758123993873596,352
1730,healthy,353,0.5240653157234192,353
1730,healthy,354,0.5295489430427551,354
1730,healthy,355,0.5728578567504883,355
1730,healthy,356,0.4981636703014374,356
1730,healthy,357,0.5339312553405762,357
1730,healthy,358,0.4800739586353302,358
1730,healthy,359,0.540801465511322,359
1730,healthy,360,0.4748152792453766,360
1730,healthy,361,0.5707830786705017,361
1730,healthy,362,0.428828626871109,362
1730,healthy,363,0.5265684723854065,363
1730,healthy,364,0.49630364775657654,364
1730,healthy,365,0.6776384711265564,365
1730,healthy,366,0.5733474493026733,366
1730,healthy,367,0.41016146540641785,367
1730,healthy,368,0.43038976192474365,368
1730,healthy,369,0.4521637558937073,369
1730,healthy,370,0.5835963487625122,370
1730,healthy,371,0.6452907919883728,371
1730,healthy,372,0.5258716940879822,372
1730,healthy,373,0.7039178013801575,373
1730,healthy,374,0.4722346067428589,374
1730,healthy,375,0.507131040096283,375
1730,healthy,376,0.5852221846580505,376
1730,healthy,377,0.5977016091346741,377
1730,healthy,378,0.5490727424621582,378
1730,healthy,379,0.47360971570014954,379
1730,healthy,380,0.5674862861633301,380
1730,healthy,381,0.5236433744430542,381
1730,healthy,382,0.6499095559120178,382
1730,healthy,383,0.7169917821884155,383
1730,healthy,384,0.6345715522766113,384
1730,healthy,385,0.5486465096473694,385
1730,healthy,386,0.5915144681930542,386
1730,healthy,387,0.7547369599342346,387
1730,healthy,388,0.5214099287986755,388
1730,healthy,389,0.5847309231758118,389
1730,healthy,390,0.45232075452804565,390
1730,healthy,391,0.5400571227073669,391
1730,healthy,392,0.5313522219657898,392
1730,healthy,393,0.5449610352516174,393
1730,healthy,394,0.7140859961509705,394
1730,healthy,395,0.5742537975311279,395
1730,healthy,396,0.4789491295814514,396
1730,healthy,397,0.4797622561454773,397
1730,healthy,398,0.6165378093719482,398
1730,healthy,399,0.6221370697021484,399
1730,healthy,400,0.550560474395752,400
1730,healthy,401,0.7478198409080505,401
1730,healthy,402,0.5550776124000549,402
1730,healthy,403,0.58929842710495,403
1730,ball,0,3.009943962097168,0
1730,ball,1,2.9402072429656982,1
1730,ball,2,7.878715991973877,2
1730,ball,3,5.760284423828125,3
1730,ball,4,2.4182612895965576,4
1730,ball,5,5.320439338684082,5
1730,ball,6,4.666335582733154,6
1730,ball,7,3.5288171768188477,7
1730,ball,8,2.4116950035095215,8
1730,ball,9,3.685739755630493,9
1730,ball,10,2.6489157676696777,10
1730,ball,11,2.4532008171081543,11
1730,ball,12,4.632772445678711,12
1730,ball,13,3.4272940158843994,13
1730,ball,14,3.984671115875244,14
1730,ball,15,3.2701497077941895,15
1730,ball,16,5.24840784072876,16
1730,ball,17,5.144077301025391,17
1730,ball,18,3.8821682929992676,18
1730,ball,19,5.172702312469482,19
1730,ball,20,4.1157989501953125,20
1730,ball,21,4.516786098480225,21
1730,ball,22,3.003882646560669,22
1730,ball,23,2.703453779220581,23
1730,ball,24,14.634783744812012,24
1730,ball,25,4.437778472900391,25
1730,ball,26,4.890602111816406,26
1730,ball,27,4.194846153259277,27
1730,ball,28,3.4157767295837402,28
1730,ball,29,2.3373656272888184,29
1730,ball,30,3.461855411529541,30
1730,ball,31,3.755887746810913,31
1730,ball,32,3.1397671699523926,32
1730,ball,33,4.4087138175964355,33
1730,ball,34,2.922011375427246,34
1730,ball,35,3.87168288230896,35
1730,ball,36,4.514759063720703,36
1730,ball,37,3.8221914768218994,37
1730,ball,38,2.807906150817871,38
1730,ball,39,8.161858558654785,39
1730,ball,40,15.411008834838867,40
1730,ball,41,9.909024238586426,41
1730,ball,42,13.668371200561523,42
1730,ball,43,10.440117835998535,43
1730,ball,44,5.6274566650390625,44
1730,ball,45,6.0602803230285645,45
1730,ball,46,1.8228979110717773,46
1730,ball,47,2.847503900527954,47
1730,ball,48,7.921371936798096,48
1730,ball,49,1.945336103439331,49
1730,ball,50,1.7763004302978516,50
1730,ball,51,10.655016899108887,51
1730,ball,52,4.587101459503174,52
1730,ball,53,8.477547645568848,53
1730,ball,54,3.975264549255371,54
1730,ball,55,11.843961715698242,55
1730,ball,56,4.822137832641602,56
1730,ball,57,5.259228706359863,57
1730,ball,58,5.429419994354248,58
1730,ball,59,3.8025879859924316,59
1730,ball,60,2.933600664138794,60
1730,ball,61,8.4336576461792,61
1730,ball,62,9.683313369750977,62
1730,ball,63,11.49165153503418,63
1730,ball,64,3.011845350265503,64
1730,ball,65,4.774667739868164,65
1730,ball,66,6.0988874435424805,66
1730,ball,67,5.917233943939209,67
1730,ball,68,2.862894296646118,68
1730,ball,69,4.362618923187256,69
1730,ball,70,8.42490291595459,70
1730,ball,71,4.488441467285156,71
1730,ball,72,2.483670949935913,72
1730,ball,73,5.021493911743164,73
1730,ball,74,4.328466415405273,74
1730,ball,75,2.912083864212036,75
1730,ball,76,2.7123522758483887,76
1730,ball,77,3.0216598510742188,77
1730,ball,78,3.9821553230285645,78
1730,ball,79,3.2271385192871094,79
1730,ball,80,3.690760850906372,80
1730,ball,81,2.3399784564971924,81
1730,ball,82,3.103928327560425,82
1730,ball,83,3.4776525497436523,83
1730,ball,84,3.289177656173706,84
1730,ball,85,5.141183376312256,85
1730,ball,86,8.059914588928223,86
1730,ball,87,5.328940391540527,87
1730,ball,88,5.577628135681152,88
1730,ball,89,4.418863773345947,89
1730,ball,90,2.3173367977142334,90
1730,ball,91,2.1101784706115723,91
1730,ball,92,1.7158931493759155,92
1730,ball,93,5.000914096832275,93
1730,ball,94,7.122451305389404,94
1730,ball,95,2.285259246826172,95
1730,ball,96,1.9486098289489746,96
1730,ball,97,1.6460456848144531,97
1730,ball,98,1.9671757221221924,98
1730,ball,99,1.6993035078048706,99
1730,ball,100,2.2721855640411377,100
1730,ball,101,4.973101615905762,101
1730,ball,102,3.660849094390869,102
1730,ball,103,3.9428865909576416,103
1730,ball,104,3.7738306522369385,104
1730,ball,105,3.702761650085449,105
1730,ball,106,3.3924338817596436,106
1730,ball,107,3.497990608215332,107
1730,ball,108,3.6642203330993652,108
1730,ball,109,3.413982629776001,109
1730,ball,110,3.4282779693603516,110
1730,ball,111,3.3522238731384277,111
1730,ball,112,3.8276729583740234,112
1730,ball,113,3.4119200706481934,113
1730,ball,114,3.923949718475342,114
1730,ball,115,3.663951873779297,115
1730,ball,116,3.812828779220581,116
1730,ball,117,3.0707144737243652,117
1730,ball,118,3.5585384368896484,118
1730,ball,119,3.448593854904175,119
1730,ball,120,3.7103254795074463,120
1730,ball,121,3.4920825958251953,121
1730,ball,122,3.893648624420166,122
1730,ball,123,3.2724642753601074,123
1730,ball,124,3.765087127685547,124
1730,ball,125,3.9711101055145264,125
1730,ball,126,4.039819240570068,126
1730,ball,127,3.417343854904175,127
1730,ball,128,3.7790770530700684,128
1730,ball,129,3.7300755977630615,129
1730,ball,130,3.3897440433502197,130
1730,ball,131,3.8332974910736084,131
1730,ball,132,3.719895362854004,132
1730,ball,133,3.7829980850219727,133
1730,ball,134,3.7555065155029297,134
1730,ball,135,3.516122341156006,135
1730,ball,136,3.684072971343994,136
1730,ball,137,3.8548104763031006,137
1730,ball,138,3.7044730186462402,138
1730,ball,139,3.8106014728546143,139
1730,ball,140,3.653526544570923,140
1730,ball,141,3.7922306060791016,141
1730,ball,142,3.683363437652588,142
1730,ball,143,3.662025213241577,143
1730,ball,144,3.640022039413452,144
1730,ball,145,3.9206900596618652,145
1730,ball,146,3.805011034011841,146
1730,ball,147,3.684051036834717,147
1730,ball,148,3.434819221496582,148
1730,ball,149,3.8215396404266357,149
1730,ball,150,3.6728055477142334,150
1730,ball,151,3.569887638092041,151
1730,ball,152,3.832326650619507,152
1730,ball,153,3.863147020339966,153
1730,ball,154,3.21895432472229,154
1730,ball,155,4.007684230804443,155
1730,ball,156,3.3606531620025635,156
1730,ball,157,3.779587507247925,157
1730,ball,158,3.986262321472168,158
1730,ball,159,3.5419857501983643,159
1730,ball,160,3.408191680908203,160
1730,ball,161,3.8882877826690674,161
1730,ball,162,3.7109265327453613,162
1730,ball,163,3.5443801879882812,163
1730,ball,164,3.6680777072906494,164
1730,ball,165,3.23036527633667,165
1730,ball,166,3.768038034439087,166
1730,ball,167,3.8556604385375977,167
1730,ball,168,4.1602911949157715,168
1730,ball,169,3.671935558319092,169
1730,ball,170,3.4620039463043213,170
1730,ball,171,3.918574571609497,171
1730,ball,172,4.193767070770264,172
1730,ball,173,3.3383736610412598,173
1730,ball,174,3.7315967082977295,174
1730,ball,175,3.663724660873413,175
1730,ball,176,3.9160730838775635,176
1730,ball,177,3.5160694122314453,177
1730,ball,178,4.241981506347656,178
1730,ball,179,3.8799569606781006,179
1730,ball,180,4.87363862991333,180
1730,ball,181,3.6545541286468506,181
1730,ball,182,3.597015380859375,182
1730,ball,183,3.775038957595825,183
1730,ball,184,3.7523491382598877,184
1730,ball,185,3.7266812324523926,185
1730,ball,186,3.9167847633361816,186
1730,ball,187,3.5341105461120605,187
1730,ball,188,4.003398418426514,188
1730,ball,189,3.669879674911499,189
1730,ball,190,3.714796543121338,190
1730,ball,191,3.621323585510254,191
1730,ball,192,3.6407523155212402,192
1730,ball,193,3.650829315185547,193
1730,ball,194,3.93904709815979,194
1730,ball,195,4.008367538452148,195
1730,ball,196,3.9546918869018555,196
1730,ball,197,3.6659774780273438,197
1730,ball,198,4.020642280578613,198
1730,ball,199,3.859834909439087,199
1730,ball,200,3.4112484455108643,200
1730,ball,201,3.8119425773620605,201
1730,ball,202,3.731921911239624,202
1730,ball,203,581.8851318359375,203
1730,ball,204,1091.997314453125,204
1730,ball,205,1291.6541748046875,205
1730,ball,206,1462.8758544921875,206
1730,ball,207,1195.894775390625,207
1730,ball,208,1281.416015625,208
1730,ball,209,1215.2833251953125,209
1730,ball,210,1333.407470703125,210
1730,ball,211,1392.4833984375,211
1730,ball,212,1488.9605712890625,212
1730,ball,213,941.3861694335938,213
1730,ball,214,1147.84765625,214
1730,ball,215,948.2575073242188,215
1730,ball,216,1774.646240234375,216
1730,ball,217,1082.8685302734375,217
1730,ball,218,856.4515380859375,218
1730,ball,219,1501.417236328125,219
1730,ball,220,853.9302978515625,220
1730,ball,221,1077.5908203125,221
1730,ball,222,1002.26708984375,222
1730,ball,223,1216.6573486328125,223
1730,ball,224,1267.0140380859375,224
1730,ball,225,971.9918823242188,225
1730,ball,226,763.7933349609375,226
1730,ball,227,1533.07421875,227
1730,ball,228,1570.7152099609375,228
1730,ball,229,943.9689331054688,229
1730,ball,230,1366.8519287109375,230
1730,ball,231,897.1412353515625,231
1730,ball,232,1029.277099609375,232
1730,ball,233,1471.04248046875,233
1730,ball,234,1357.2252197265625,234
1730,ball,235,1091.70166015625,235
1730,ball,236,1331.3560791015625,236
1730,ball,237,652.7141723632812,237
1730,ball,238,773.2838745117188,238
1730,ball,239,1853.1005859375,239
1730,ball,240,1705.4454345703125,240
1730,ball,241,730.8683471679688,241
1730,ball,242,1225.81591796875,242
1730,ball,243,1143.7108154296875,243
1730,ball,244,1299.8585205078125,244
1730,ball,245,1315.343994140625,245
1730,ball,246,1324.6328125,246
1730,ball,247,714.0951538085938,247
1730,ball,248,1241.4649658203125,248
1730,ball,249,1297.4510498046875,249
1730,ball,250,1187.8016357421875,250
1730,ball,251,1533.7891845703125,251
1730,ball,252,1631.5196533203125,252
1730,ball,253,943.9329223632812,253
1730,ball,254,1115.3809814453125,254
1730,ball,255,990.97509765625,255
1730,ball,256,1277.153076171875,256
1730,ball,257,849.1940307617188,257
1730,ball,258,1100.8214111328125,258
1730,ball,259,1013.74560546875,259
1730,ball,260,1329.447265625,260
1730,ball,261,1711.6226806640625,261
1730,ball,262,901.9703979492188,262
1730,ball,263,1557.189208984375,263
1730,ball,264,1038.7137451171875,264
1730,ball,265,1341.6435546875,265
1730,ball,266,1331.3819580078125,266
1730,ball,267,1594.6864013671875,267
1730,ball,268,939.751220703125,268
1730,ball,269,1218.8172607421875,269
1730,ball,270,1686.0762939453125,270
1730,ball,271,1152.809326171875,271
1730,ball,272,1364.8077392578125,272
1730,ball,273,1049.1798095703125,273
1730,ball,274,1235.1265869140625,274
1730,ball,275,1272.0869140625,275
1730,ball,276,1053.6573486328125,276
1730,ball,277,1077.4560546875,277
1730,ball,278,1448.089111328125,278
1730,ball,279,591.3109130859375,279
1730,ball,280,973.8014526367188,280
1730,ball,281,965.8710327148438,281
1730,ball,282,1575.400390625,282
1730,ball,283,1537.0557861328125,283
1730,ball,284,1069.047607421875,284
1730,ball,285,1141.5955810546875,285
1730,ball,286,990.8342895507812,286
1730,ball,287,1542.0386962890625,287
1730,ball,288,1349.0635986328125,288
1730,ball,289,877.4456176757812,289
1730,ball,290,1105.205322265625,290
1730,ball,291,1090.3179931640625,291
1730,ball,292,1269.40771484375,292
1730,ball,293,1742.2545166015625,293
1730,ball,294,1030.1307373046875,294
1730,ball,295,1062.1434326171875,295
1730,ball,296,1348.7589111328125,296
1730,ball,297,1313.2652587890625,297
1730,ball,298,746.57958984375,298
1730,ball,299,1300.8033447265625,299
1730,ball,300,662.2513427734375,300
1730,ball,301,1185.2119140625,301
1730,ball,302,1246.549560546875,302
1730,ball,303,1321.2034912109375,303
1730,ball,304,481.0249938964844,304
1730,ball,305,6.671083927154541,305
1730,ball,306,6.752315998077393,306
1730,ball,307,5.629199504852295,307
1730,ball,308,6.4875593185424805,308
1730,ball,309,6.9164910316467285,309
1730,ball,310,6.370302200317383,310
1730,ball,311,5.571895599365234,311
1730,ball,312,6.893024921417236,312
1730,ball,313,6.266749382019043,313
1730,ball,314,6.426939487457275,314
1730,ball,315,6.297664642333984,315
1730,ball,316,6.6839070320129395,316
1730,ball,317,6.018184185028076,317
1730,ball,318,5.856050491333008,318
1730,ball,319,5.714730262756348,319
1730,ball,320,6.643161773681641,320
1730,ball,321,6.227781772613525,321
1730,ball,322,6.0867438316345215,322
1730,ball,323,6.965356349945068,323
1730,ball,324,7.013952732086182,324
1730,ball,325,5.809161186218262,325
1730,ball,326,6.682043552398682,326
1730,ball,327,6.46588134765625,327
1730,ball,328,6.362604141235352,328
1730,ball,329,5.849501132965088,329
1730,ball,330,6.480660915374756,330
1730,ball,331,6.113646507263184,331
1730,ball,332,5.892307758331299,332
1730,ball,333,6.690109729766846,333
1730,ball,334,6.066593647003174,334
1730,ball,335,6.895975589752197,335
1730,ball,336,6.08659029006958,336
1730,ball,337,5.838702201843262,337
1730,ball,338,6.864657402038574,338
1730,ball,339,5.612319469451904,339
1730,ball,340,7.053171157836914,340
1730,ball,341,6.038217544555664,341
1730,ball,342,6.158724784851074,342
1730,ball,343,5.937680244445801,343
1730,ball,344,7.033022403717041,344
1730,ball,345,7.208520412445068,345
1730,ball,346,5.741451740264893,346
1730,ball,347,6.724380016326904,347
1730,ball,348,5.911359786987305,348
1730,ball,349,7.71484375,349
1730,ball,350,5.970418930053711,350
1730,ball,351,6.291665554046631,351
1730,ball,352,6.821841239929199,352
1730,ball,353,7.123896598815918,353
1730,ball,354,6.125282287597656,354
1730,ball,355,6.023070812225342,355
1730,ball,356,7.3575439453125,356
1730,ball,357,6.387521743774414,357
1730,ball,358,7.3693742752075195,358
1730,ball,359,6.597879886627197,359
1730,ball,360,5.917503356933594,360
1730,ball,361,6.069890975952148,361
1730,ball,362,6.976378440856934,362
1730,ball,363,6.871943473815918,363
1730,ball,364,6.114678382873535,364
1730,ball,365,6.063991069793701,365
1730,ball,366,5.05712366104126,366
1730,ball,367,6.373172283172607,367
1730,ball,368,6.437127590179443,368
1730,ball,369,5.834179878234863,369
1730,ball,370,7.087236404418945,370
1730,ball,371,5.843395709991455,371
1730,ball,372,6.165347576141357,372
1730,ball,373,5.764718532562256,373
1730,ball,374,6.301885604858398,374
1730,ball,375,6.472768306732178,375
1730,ball,376,5.6042985916137695,376
1730,ball,377,7.791598320007324,377
1730,ball,378,4.7095794677734375,378
1730,ball,379,6.446591854095459,379
1730,ball,380,5.630956172943115,380
1730,ball,381,5.716144561767578,381
1730,ball,382,5.591833114624023,382
1730,ball,383,6.361923694610596,383
1730,ball,384,5.236118793487549,384
1730,ball,385,6.062061309814453,385
1730,ball,386,6.174047946929932,386
1730,ball,387,5.693628787994385,387
1730,ball,388,5.832740783691406,388
1730,ball,389,5.951642990112305,389
1730,ball,390,6.345634937286377,390
1730,ball,391,6.085697650909424,391
1730,ball,392,6.349210739135742,392
1730,ball,393,6.681070327758789,393
1730,ball,394,5.872073650360107,394
1730,ball,395,7.158820152282715,395
1730,ball,396,6.144786834716797,396
1730,ball,397,5.047778129577637,397
1730,ball,398,5.487752914428711,398
1730,ball,399,5.19533109664917,399
1730,ball,400,5.000118732452393,400
1730,ball,401,6.969776153564453,401
1730,ball,402,6.196659088134766,402
1730,ball,403,5.415528297424316,403
1730,ball,404,5.9266815185546875,404
1730,inner_race,0,8.265397071838379,0
1730,inner_race,1,6.741051197052002,1
1730,inner_race,2,8.98721981048584,2
1730,inner_race,3,9.216806411743164,3
1730,inner_race,4,8.384499549865723,4
1730,inner_race,5,6.203393936157227,5
1730,inner_race,6,8.564702987670898,6
1730,inner_race,7,9.475645065307617,7
1730,inner_race,8,8.733489990234375,8
1730,inner_race,9,8.17989444732666,9
1730,inner_race,10,8.6850004196167,10
1730,inner_race,11,7.387155532836914,11
1730,inner_race,12,10.41591739654541,12
1730,inner_race,13,10.691640853881836,13
1730,inner_race,14,8.594735145568848,14
1730,inner_race,15,8.397480010986328,15
1730,inner_race,16,9.201213836669922,16
1730,inner_race,17,10.810304641723633,17
1730,inner_race,18,6.369197368621826,18
1730,inner_race,19,9.725946426391602,19
1730,inner_race,20,8.258819580078125,20
1730,inner_race,21,8.275655746459961,21
1730,inner_race,22,9.071575164794922,22
1730,inner_race,23,10.436814308166504,23
1730,inner_race,24,8.086838722229004,24
1730,inner_race,25,8.460824966430664,25
1730,inner_race,26,7.147631645202637,26
1730,inner_race,27,7.555238246917725,27
1730,inner_race,28,9.49035358428955,28
1730,inner_race,29,10.406189918518066,29
1730,inner_race,30,7.5630412101745605,30
1730,inner_race,31,7.8626203536987305,31
1730,inner_race,32,9.519015312194824,32
1730,inner_race,33,11.744704246520996,33
1730,inner_race,34,7.817580699920654,34
1730,inner_race,35,8.819540977478027,35
1730,inner_race,36,8.170126914978027,36
1730,inner_race,37,8.864243507385254,37
1730,inner_race,38,8.315054893493652,38
1730,inner_race,39,9.400402069091797,39
1730,inner_race,40,7.8964080810546875,40
1730,inner_race,41,7.574744701385498,41
1730,inner_race,42,7.806878089904785,42
1730,inner_race,43,6.914851188659668,43
1730,inner_race,44,9.191330909729004,44
1730,inner_race,45,8.518202781677246,45
1730,inner_race,46,6.891419410705566,46
1730,inner_race,47,8.45685863494873,47
1730,inner_race,48,9.455069541931152,48
1730,inner_race,49,8.89428424835205,49
1730,inner_race,50,8.17265510559082,50
1730,inner_race,51,7.67903470993042,51
1730,inner_race,52,6.669305324554443,52
1730,inner_race,53,9.358111381530762,53
1730,inner_race,54,10.129327774047852,54
1730,inner_race,55,10.386834144592285,55
1730,inner_race,56,8.910202980041504,56
1730,inner_race,57,7.953413009643555,57
1730,inner_race,58,10.454466819763184,58
1730,inner_race,59,9.181739807128906,59
1730,inner_race,60,7.634852886199951,60
1730,inner_race,61,10.179673194885254,61
1730,inner_race,62,9.195907592773438,62
1730,inner_race,63,8.41757869720459,63
1730,inner_race,64,9.959663391113281,64
1730,inner_race,65,9.663793563842773,65
1730,inner_race,66,8.14156436920166,66
1730,inner_race,67,8.267873764038086,67
1730,inner_race,68,6.461127758026123,68
1730,inner_race,69,8.316204071044922,69
1730,inner_race,70,9.758708953857422,70
1730,inner_race,71,8.517857551574707,71
1730,inner_race,72,7.4521965980529785,72
1730,inner_race,73,9.682377815246582,73
1730,inner_race,74,11.181018829345703,74
1730,inner_race,75,8.220797538757324,75
1730,inner_race,76,8.292993545532227,76
1730,inner_race,77,9.023447036743164,77
1730,inner_race,78,9.211621284484863,78
1730,inner_race,79,7.482922554016113,79
1730,inner_race,80,10.491303443908691,80
1730,inner_race,81,10.439796447753906,81
1730,inner_race,82,7.142372131347656,82
1730,inner_race,83,9.725772857666016,83
1730,inner_race,84,6.228082180023193,84
1730,inner_race,85,8.289544105529785,85
1730,inner_race,86,8.317605972290039,86
1730,inner_race,87,8.446910858154297,87
1730,inner_race,88,7.013563632965088,88
1730,inner_race,89,7.325191974639893,89
1730,inner_race,90,9.506402969360352,90
1730,inner_race,91,9.010857582092285,91
1730,inner_race,92,7.614801406860352,92
1730,inner_race,93,7.762547016143799,93
1730,inner_race,94,6.374476432800293,94
1730,inner_race,95,8.631150245666504,95
1730,inner_race,96,8.801202774047852,96
1730,inner_race,97,10.240102767944336,97
1730,inner_race,98,6.510169982910156,98
1730,inner_race,99,10.210467338562012,99
1730,inner_race,100,9.726881980895996,100
1730,inner_race,101,41.92300033569336,101
1730,inner_race,102,52.07200622558594,102
1730,inner_race,103,57.91303253173828,103
1730,inner_race,104,38.1732177734375,104
1730,inner_race,105,53.039737701416016,105
1730,inner_race,106,59.57208251953125,106
1730,inner_race,107,56.34832763671875,107
1730,inner_race,108,48.23533248901367,108
1730,inner_race,109,50.42938995361328,109
1730,inner_race,110,52.7291145324707,110
1730,inner_race,111,51.766326904296875,111
1730,inner_race,112,57.79970169067383,112
1730,inner_race,113,49.02653503417969,113
1730,inner_race,114,48.946502685546875,114
1730,inner_race,115,52.17521667480469,115
1730,inner_race,116,43.76399230957031,116
1730,inner_race,117,54.26824188232422,117
1730,inner_race,118,50.3577766418457,118
1730,inner_race,119,51.75115966796875,119
1730,inner_race,120,49.12718200683594,120
1730,inner_race,121,42.22028350830078,121
1730,inner_race,122,47.87763595581055,122
1730,inner_race,123,58.324073791503906,123
1730,inner_race,124,56.58997344970703,124
1730,inner_race,125,50.31100082397461,125
1730,inner_race,126,47.4156494140625,126
1730,inner_race,127,47.89064407348633,127
1730,inner_race,128,57.85511779785156,128
1730,inner_race,129,43.34166717529297,129
1730,inner_race,130,61.484375,130
1730,inner_race,131,53.184104919433594,131
1730,inner_race,132,56.70394515991211,132
1730,inner_race,133,47.70535659790039,133
1730,inner_race,134,55.06643295288086,134
1730,inner_race,135,50.064598083496094,135
1730,inner_race,136,53.790733337402344,136
1730,inner_race,137,54.80908966064453,137
1730,inner_race,138,56.54841232299805,138
1730,inner_race,139,46.291297912597656,139
1730,inner_race,140,63.084327697753906,140
1730,inner_race,141,57.07076644897461,141
1730,inner_race,142,63.252071380615234,142
1730,inner_race,143,48.956565856933594,143
1730,inner_race,144,55.108741760253906,144
1730,inner_race,145,44.534263610839844,145
1730,inner_race,146,52.45892333984375,146
1730,inner_race,147,56.11099624633789,147
1730,inner_race,148,54.189884185791016,148
1730,inner_race,149,60.82529830932617,149
1730,inner_race,150,54.038169860839844,150
1730,inner_race,151,50.15895462036133,151
1730,inner_race,152,66.03185272216797,152
1730,inner_race,153,52.84811782836914,153
1730,inner_race,154,55.00711441040039,154
1730,inner_race,155,50.31419372558594,155
1730,inner_race,156,46.99708557128906,156
1730,inner_race,157,52.85710144042969,157
1730,inner_race,158,62.65851593017578,158
1730,inner_race,159,56.975887298583984,159
1730,inner_race,160,56.06846237182617,160
1730,inner_race,161,46.68440628051758,161
1730,inner_race,162,48.41964340209961,162
1730,inner_race,163,56.51667404174805,163
1730,inner_race,164,48.115352630615234,164
1730,inner_race,165,59.657135009765625,165
1730,inner_race,166,55.183841705322266,166
1730,inner_race,167,50.25349044799805,167
1730,inner_race,168,46.23589324951172,168
1730,inner_race,169,53.89338302612305,169
1730,inner_race,170,43.1949462890625,170
1730,inner_race,171,53.00629425048828,171
1730,inner_race,172,49.7569465637207,172
1730,inner_race,173,50.78994369506836,173
1730,inner_race,174,45.09562683105469,174
1730,inner_race,175,45.456787109375,175
1730,inner_race,176,51.69942092895508,176
1730,inner_race,177,49.1984977722168,177
1730,inner_race,178,52.6485481262207,178
1730,inner_race,179,43.87600326538086,179
1730,inner_race,180,47.669368743896484,180
1730,inner_race,181,50.70913314819336,181
1730,inner_race,182,49.5029411315918,182
1730,inner_race,183,60.6415901184082,183
1730,inner_race,184,49.28556442260742,184
1730,inner_race,185,55.29826736450195,185
1730,inner_race,186,43.155818939208984,186
1730,inner_race,187,45.60739517211914,187
1730,inner_race,188,52.86973190307617,188
1730,inner_race,189,59.09242248535156,189
1730,inner_race,190,54.55915451049805,190
1730,inner_race,191,53.01335144042969,191
1730,inner_race,192,62.58234405517578,192
1730,inner_race,193,49.040626525878906,193
1730,inner_race,194,52.14389419555664,194
1730,inner_race,195,52.91912841796875,195
1730,inner_race,196,61.9478759765625,196
1730,inner_race,197,61.87223815917969,197
1730,inner_race,198,52.404296875,198
1730,inner_race,199,52.295902252197266,199
1730,inner_race,200,53.279850006103516,200
1730,inner_race,201,58.630157470703125,201
1730,inner_race,202,67.12194061279297,202
1730,inner_race,203,153.8708038330078,203
1730,inner_race,204,175.8304443359375,204
1730,inner_race,205,168.53619384765625,205
1730,inner_race,206,162.26776123046875,206
1730,inner_race,207,176.24151611328125,207
1730,inner_race,208,185.74169921875,208
1730,inner_race,209,183.39564514160156,209
1730,inner_race,210,179.20489501953125,210
1730,inner_race,211,176.76539611816406,211
1730,inner_race,212,175.0474853515625,212
1730,inner_race,213,175.6167449951172,213
1730,inner_race,214,187.5230712890625,214
1730,inner_race,215,169.43960571289062,215
1730,inner_race,216,170.8566436767578,216
1730,inner_race,217,157.12486267089844,217
1730,inner_race,218,183.48370361328125,218
1730,inner_race,219,183.3134307861328,219
1730,inner_race,220,181.7920379638672,220
1730,inner_race,221,184.0915985107422,221
1730,inner_race,222,164.68460083007812,222
1730,inner_race,223,198.15687561035156,223
1730,inner_race,224,184.16458129882812,224
1730,inner_race,225,181.9785919189453,225
1730,inner_race,226,176.23504638671875,226
1730,inner_race,227,166.8523406982422,227
1730,inner_race,228,167.43116760253906,228
1730,inner_race,229,177.01979064941406,229
1730,inner_race,230,180.47703552246094,230
1730,inner_race,231,181.20188903808594,231
1730,inner_race,232,176.1481475830078,232
1730,inner_race,233,167.9492950439453,233
1730,inner_race,234,173.15940856933594,234
1730,inner_race,235,180.11676025390625,235
1730,inner_race,236,183.26988220214844,236
1730,inner_race,237,181.02886962890625,237
1730,inner_race,238,182.41900634765625,238
1730,inner_race,239,170.12692260742188,239
1730,inner_race,240,177.6815948486328,240
1730,inner_race,241,179.32354736328125,241
1730,inner_race,242,170.8432159423828,242
1730,inner_race,243,184.83450317382812,243
1730,inner_race,244,170.58428955078125,244
1730,inner_race,245,167.6101837158203,245
1730,inner_race,246,181.2488250732422,246
1730,inner_race,247,188.4545135498047,247
1730,inner_race,248,186.45803833007812,248
1730,inner_race,249,174.5796356201172,249
1730,inner_race,250,156.0616455078125,250
1730,inner_race,251,190.86036682128906,251
1730,inner_race,252,180.40065002441406,252
1730,inner_race,253,180.5758056640625,253
1730,inner_race,254,173.2886962890625,254
1730,inner_race,255,176.39999389648438,255
1730,inner_race,256,178.208984375,256
1730,inner_race,257,175.31893920898438,257
1730,inner_race,258,184.16629028320312,258
1730,inner_race,259,176.41213989257812,259
1730,inner_race,260,170.36181640625,260
1730,inner_race,261,181.49049377441406,261
1730,inner_race,262,172.15504455566406,262
1730,inner_race,263,195.8132781982422,263
1730,inner_race,264,168.3329620361328,264
1730,inner_race,265,185.41661071777344,265
1730,inner_race,266,173.49497985839844,266
1730,inner_race,267,177.68922424316406,267
1730,inner_race,268,193.30726623535156,268
1730,inner_race,269,184.92019653320312,269
1730,inner_race,270,173.57498168945312,270
1730,inner_race,271,170.14105224609375,271
1730,inner_race,272,153.5158233642578,272
1730,inner_race,273,172.039794921875,273
1730,inner_race,274,183.38681030273438,274
1730,inner_race,275,173.9251708984375,275
1730,inner_race,276,175.236328125,276
1730,inner_race,277,157.84954833984375,277
1730,inner_race,278,178.0435028076172,278
1730,inner_race,279,195.02268981933594,279
1730,inner_race,280,191.9029998779297,280
1730,inner_race,281,169.93614196777344,281
1730,inner_race,282,166.58128356933594,282
1730,inner_race,283,167.7015838623047,283
1730,inner_race,284,188.2262420654297,284
1730,inner_race,285,186.432861328125,285
1730,inner_race,286,184.0066680908203,286
1730,inner_race,287,169.92953491210938,287
1730,inner_race,288,172.00332641601562,288
1730,inner_race,289,168.06361389160156,289
1730,inner_race,290,163.40789794921875,290
1730,inner_race,291,172.74685668945312,291
1730,inner_race,292,170.02627563476562,292
1730,inner_race,293,164.64610290527344,293
1730,inner_race,294,182.87661743164062,294
1730,inner_race,295,174.70065307617188,295
1730,inner_race,296,191.28895568847656,296
1730,inner_race,297,184.20005798339844,297
1730,inner_race,298,173.04244995117188,298
1730,inner_race,299,169.82049560546875,299
1730,inner_race,300,171.639892578125,300
1730,inner_race,301,187.43222045898438,301
1730,inner_race,302,180.96925354003906,302
1730,inner_race,303,166.32716369628906,303
1730,inner_race,304,90.39300537109375,304
1730,inner_race,305,27.58908462524414,305
1730,inner_race,306,26.86919593811035,306
1730,inner_race,307,27.166324615478516,307
1730,inner_race,308,26.362424850463867,308
1730,inner_race,309,25.1386775970459,309
1730,inner_race,310,23.749162673950195,310
1730,inner_race,311,24.003421783447266,311
1730,inner_race,312,23.936159133911133,312
1730,inner_race,313,23.56314468383789,313
1730,inner_race,314,24.478750228881836,314
1730,inner_race,315,24.783180236816406,315
1730,inner_race,316,24.003402709960938,316
1730,inner_race,317,23.918039321899414,317
1730,inner_race,318,24.427799224853516,318
1730,inner_race,319,25.228235244750977,319
1730,inner_race,320,24.423112869262695,320
1730,inner_race,321,24.28406524658203,321
1730,inner_race,322,26.65500831604004,322
1730,inner_race,323,24.4674015045166,323
1730,inner_race,324,24.94573974609375,324
1730,inner_race,325,24.485315322875977,325
1730,inner_race,326,25.621604919433594,326
1730,inner_race,327,25.984420776367188,327
1730,inner_race,328,25.21327781677246,328
1730,inner_race,329,26.481948852539062,329
1730,inner_race,330,27.013525009155273,330
1730,inner_race,331,26.26657485961914,331
1730,inner_race,332,25.606367111206055,332
1730,inner_race,333,25.793981552124023,333
1730,inner_race,334,27.99933624267578,334
1730,inner_race,335,25.15123176574707,335
1730,inner_race,336,25.9871768951416,336
1730,inner_race,337,27.350847244262695,337
1730,inner_race,338,26.77692413330078,338
1730,inner_race,339,24.585615158081055,339
1730,inner_race,340,24.855764389038086,340
1730,inner_race,341,26.526308059692383,341
1730,inner_race,342,25.640029907226562,342
1730,inner_race,343,23.718233108520508,343
1730,inner_race,344,24.701948165893555,344
1730,inner_race,345,26.541858673095703,345
1730,inner_race,346,25.577953338623047,346
1730,inner_race,347,23.817920684814453,347
1730,inner_race,348,27.118202209472656,348
1730,inner_race,349,24.902191162109375,349
1730,inner_race,350,24.662059783935547,350
1730,inner_race,351,24.295442581176758,351
1730,inner_race,352,26.04745864868164,352
1730,inner_race,353,26.719343185424805,353
1730,inner_race,354,26.913978576660156,354
1730,inner_race,355,24.942344665527344,355
1730,inner_race,356,27.0355167388916,356
1730,inner_race,357,25.44095230102539,357
1730,inner_race,358,26.792577743530273,358
1730,inner_race,359,26.63641929626465,359
1730,inner_race,360,26.2054500579834,360
1730,inner_race,361,24.675495147705078,361
1730,inner_race,362,23.82513427734375,362
1730,inner_race,363,24.820594787597656,363
1730,inner_race,364,24.151063919067383,364
1730,inner_race,365,25.89027976989746,365
1730,inner_race,366,25.35125160217285,366
1730,inner_race,367,25.88376235961914,367
1730,inner_race,368,25.7509822845459,368
1730,inner_race,369,25.953296661376953,369
1730,inner_race,370,26.72479248046875,370
1730,inner_race,371,25.857345581054688,371
1730,inner_race,372,24.538288116455078,372
1730,inner_race,373,27.054433822631836,373
1730,inner_race,374,25.403194427490234,374
1730,inner_race,375,26.074764251708984,375
1730,inner_race,376,26.226293563842773,376
1730,inner_race,377,26.351463317871094,377
1730,inner_race,378,26.454492568969727,378
1730,inner_race,379,28.614479064941406,379
1730,inner_race,380,24.894983291625977,380
1730,inner_race,381,29.708053588867188,381
1730,inner_race,382,28.753154754638672,382
1730,inner_race,383,28.736064910888672,383
1730,inner_race,384,25.94921875,384
1730,inner_race,385,25.551204681396484,385
1730,inner_race,386,25.548738479614258,386
1730,inner_race,387,24.758440017700195,387
1730,inner_race,388,23.972665786743164,388
1730,inner_race,389,26.260011672973633,389
1730,inner_race,390,24.329483032226562,390
1730,inner_race,391,25.8217830657959,391
1730,inner_race,392,25.482616424560547,392
1730,inner_race,393,30.370126724243164,393
1730,inner_race,394,28.33872413635254,394
1730,inner_race,395,26.901844024658203,395
1730,inner_race,396,27.578594207763672,396
1730,inner_race,397,29.174753189086914,397
1730,inner_race,398,26.79102897644043,398
1730,inner_race,399,25.64837074279785,399
1730,inner_race,400,23.693788528442383,400
1730,inner_race,401,25.613386154174805,401
1730,inner_race,402,24.693269729614258,402
1730,inner_race,403,24.232755661010742,403
1730,inner_race,404,23.725282669067383,404
1730,inner_race,405,24.44116973876953,405
1730,outer_race,0,27.316946029663086,0
1730,outer_race,1,23.434486389160156,1
1730,outer_race,2,20.698444366455078,2
1730,outer_race,3,37.09776306152344,3
1730,outer_race,4,33.4283447265625,4
1730,outer_race,5,18.92136573791504,5
1730,outer_race,6,23.841901779174805,6
1730,outer_race,7,23.75819206237793,7
1730,outer_race,8,22.259050369262695,8
1730,outer_race,9,16.41819190979004,9
1730,outer_race,10,39.78717041015625,10
1730,outer_race,11,25.884418487548828,11
1730,outer_race,12,24.65868377685547,12
1730,outer_race,13,23.887121200561523,13
1730,outer_race,14,24.04676055908203,14
1730,outer_race,15,17.0157413482666,15
1730,outer_race,16,26.74655532836914,16
1730,outer_race,17,36.21476745605469,17
1730,outer_race,18,17.923959732055664,18
1730,outer_race,19,25.492198944091797,19
1730,outer_race,20,20.89427947998047,20
1730,outer_race,21,40.87037658691406,21
1730,outer_race,22,12.544474601745605,22
1730,outer_race,23,29.74822235107422,23
1730,outer_race,24,24.13080406188965,24
1730,outer_race,25,18.81778335571289,25
1730,outer_race,26,14.124253273010254,26
1730,outer_race,27,31.867822647094727,27
1730,outer_race,28,37.83397674560547,28
1730,outer_race,29,16.519668579101562,29
1730,outer_race,30,31.079153060913086,30
1730,outer_race,31,19.161819458007812,31
1730,outer_race,32,25.62017250061035,32
1730,outer_race,33,20.466205596923828,33
1730,outer_race,34,28.807355880737305,34
1730,outer_race,35,28.424800872802734,35
1730,outer_race,36,18.507339477539062,36
1730,outer_race,37,24.731016159057617,37
1730,outer_race,38,24.22572898864746,38
1730,outer_race,39,22.499460220336914,39
1730,outer_race,40,25.707990646362305,40
1730,outer_race,41,42.44983673095703,41
1730,outer_race,42,20.09571647644043,42
1730,outer_race,43,22.58228874206543,43
1730,outer_race,44,20.6927490234375,44
1730,outer_race,45,20.938295364379883,45
1730,outer_race,46,20.582590103149414,46
1730,outer_race,47,40.06577682495117,47
1730,outer_race,48,28.624284744262695,48
1730,outer_race,49,21.8587703704834,49
1730,outer_race,50,24.054244995117188,50
1730,outer_race,51,29.292089462280273,51
1730,outer_race,52,20.07183837890625,52
1730,outer_race,53,31.73688507080078,53
1730,outer_race,54,38.59016036987305,54
1730,outer_race,55,20.6367244720459,55
1730,outer_race,56,27.33010482788086,56
1730,outer_race,57,21.56289291381836,57
1730,outer_race,58,28.367366790771484,58
1730,outer_race,59,9.122485160827637,59
1730,outer_race,60,35.48225402832031,60
1730,outer_race,61,27.846960067749023,61
1730,outer_race,62,13.92199420928955,62
1730,outer_race,63,29.012733459472656,63
1730,outer_race,64,26.81647491455078,64
1730,outer_race,65,32.20171356201172,65
1730,outer_race,66,12.453845977783203,66
1730,outer_race,67,33.93541717529297,67
1730,outer_race,68,20.723445892333984,68
1730,outer_race,69,19.62367057800293,69
1730,outer_race,70,22.799835205078125,70
1730,outer_race,71,38.9050407409668,71
1730,outer_race,72,22.272266387939453,72
1730,outer_race,73,18.2626895904541,73
1730,outer_race,74,28.080028533935547,74
1730,outer_race,75,23.553043365478516,75
1730,outer_race,76,30.67613983154297,76
1730,outer_race,77,15.3944730758667,77
1730,outer_race,78,39.024784088134766,78
1730,outer_race,79,27.728870391845703,79
1730,outer_race,80,26.240461349487305,80
1730,outer_race,81,26.02838897705078,81
1730,outer_race,82,26.816679000854492,82
1730,outer_race,83,24.056262969970703,83
1730,outer_race,84,32.524662017822266,84
1730,outer_race,85,33.16001892089844,85
1730,outer_race,86,21.858081817626953,86
1730,outer_race,87,27.239587783813477,87
1730,outer_race,88,17.00783920288086,88
1730,outer_race,89,28.59922218322754,89
1730,outer_race,90,19.532222747802734,90
1730,outer_race,91,38.61458206176758,91
1730,outer_race,92,25.114707946777344,92
1730,outer_race,93,20.0238094329834,93
1730,outer_race,94,23.811532974243164,94
1730,outer_race,95,31.937564849853516,95
1730,outer_race,96,14.009687423706055,96
1730,outer_race,97,32.216209411621094,97
1730,outer_race,98,31.934837341308594,98
1730,outer_race,99,11.714022636413574,99
1730,outer_race,100,26.58527183532715,100
1730,outer_race,101,14.820204734802246,101
1730,outer_race,102,15.166437149047852,102
1730,outer_race,103,20.94986915588379,103
1730,outer_race,104,16.72041130065918,104
1730,outer_race,105,17.087121963500977,105
1730,outer_race,106,20.5108585357666,106
1730,outer_race,107,13.695927619934082,107
1730,outer_race,108,19.982810974121094,108
1730,outer_race,109,17.580427169799805,109
1730,outer_race,110,21.666179656982422,110
1730,outer_race,111,17.780864715576172,111
1730,outer_race,112,15.244476318359375,112
1730,outer_race,113,17.62372589111328,113
1730,outer_race,114,17.685611724853516,114
1730,outer_race,115,19.00822639465332,115
1730,outer_race,116,16.520408630371094,116
1730,outer_race,117,15.953977584838867,117
1730,outer_race,118,17.329195022583008,118
1730,outer_race,119,16.734024047851562,119
1730,outer_race,120,17.479572296142578,120
1730,outer_race,121,16.7095890045166,121
1730,outer_race,122,18.0290470123291,122
1730,outer_race,123,13.07218074798584,123
1730,outer_race,124,23.047374725341797,124
1730,outer_race,125,18.260221481323242,125
1730,outer_race,126,15.076946258544922,126
1730,outer_race,127,17.364652633666992,127
1730,outer_race,128,21.108116149902344,128
1730,outer_race,129,17.055879592895508,129
1730,outer_race,130,15.644197463989258,130
1730,outer_race,131,16.034313201904297,131
1730,outer_race,132,18.75011444091797,132
1730,outer_race,133,18.408693313598633,133
1730,outer_race,134,15.8811616897583,134
1730,outer_race,135,15.278987884521484,135
1730,outer_race,136,19.6249942779541,136
1730,outer_race,137,17.773752212524414,137
1730,outer_race,138,16.429914474487305,138
1730,outer_race,139,16.30799674987793,139
1730,outer_race,140,15.29542350769043,140
1730,outer_race,141,18.29851531982422,141
1730,outer_race,142,20.309242248535156,142
1730,outer_race,143,13.47613525390625,143
1730,outer_race,144,18.088769912719727,144
1730,outer_race,145,17.572072982788086,145
1730,outer_race,146,19.135360717773438,146
1730,outer_race,147,14.395358085632324,147
1730,outer_race,148,13.883056640625,148
1730,outer_race,149,19.1874942779541,149
1730,outer_race,150,14.580859184265137,150
1730,outer_race,151,20.316450119018555,151
1730,outer_race,152,19.1796875,152
1730,outer_race,153,13.890807151794434,153
1730,outer_race,154,17.563899993896484,154
1730,outer_race,155,13.947484970092773,155
1730,outer_race,156,19.00518798828125,156
1730,outer_race,157,16.819019317626953,157
1730,outer_race,158,17.916166305541992,158
1730,outer_race,159,15.745213508605957,159
1730,outer_race,160,17.028759002685547,160
1730,outer_race,161,19.635377883911133,161
1730,outer_race,162,15.163678169250488,162
1730,outer_race,163,17.51061248779297,163
1730,outer_race,164,16.715492248535156,164
1730,outer_race,165,14.981907844543457,165
1730,outer_race,166,15.793647766113281,166
1730,outer_race,167,21.072477340698242,167
1730,outer_race,168,13.811403274536133,168
1730,outer_race,169,16.5878849029541,169
1730,outer_race,170,15.308009147644043,170
1730,outer_race,171,14.978909492492676,171
1730,outer_race,172,16.22740364074707,172
1730,outer_race,173,17.69496726989746,173
1730,outer_race,174,18.62355613708496,174
1730,outer_race,175,14.565587997436523,175
1730,outer_race,176,17.795602798461914,176
1730,outer_race,177,18.58730125427246,177
1730,outer_race,178,15.795836448669434,178
1730,outer_race,179,21.656709671020508,179
1730,outer_race,180,12.063523292541504,180
1730,outer_race,181,20.436595916748047,181
1730,outer_race,182,15.144943237304688,182
1730,outer_race,183,16.940887451171875,183
1730,outer_race,184,17.58560562133789,184
1730,outer_race,185,14.471951484680176,185
1730,outer_race,186,17.49130630493164,186
1730,outer_race,187,13.161945343017578,187
1730,outer_race,188,22.793899536132812,188
1730,outer_race,189,18.364463806152344,189
1730,outer_race,190,15.79101276397705,190
1730,outer_race,191,19.098848342895508,191
1730,outer_race,192,12.781533241271973,192
1730,outer_race,193,19.318931579589844,193
1730,outer_race,194,15.749279022216797,194
1730,outer_race,195,21.852943420410156,195
1730,outer_race,196,17.55219078063965,196
1730,outer_race,197,17.0151309967041,197
1730,outer_race,198,21.010892868041992,198
1730,outer_race,199,14.609495162963867,199
1730,outer_race,200,18.877288818359375,200
1730,outer_race,201,16.066543579101562,201
1730,outer_race,202,19.12062644958496,202
1730,outer_race,203,19.240304946899414,203
1730,outer_race,204,21.373859405517578,204
1730,outer_race,205,20.479631423950195,205
1730,outer_race,206,20.815162658691406,206
1730,outer_race,207,17.29466438293457,207
1730,outer_race,208,20.1688289642334,208
1730,outer_race,209,22.033519744873047,209
1730,outer_race,210,20.573205947875977,210
1730,outer_race,211,18.451066970825195,211
1730,outer_race,212,19.23687744140625,212
1730,outer_race,213,18.233776092529297,213
1730,outer_race,214,16.277496337890625,214
1730,outer_race,215,20.382692337036133,215
1730,outer_race,216,21.92144775390625,216
1730,outer_race,217,22.778209686279297,217
1730,outer_race,218,21.280277252197266,218
1730,outer_race,219,22.83470916748047,219
1730,outer_race,220,23.128307342529297,220
1730,outer_race,221,20.623991012573242,221
1730,outer_race,222,23.028789520263672,222
1730,outer_race,223,22.945018768310547,223
1730,outer_race,224,21.2327938079834,224
1730,outer_race,225,19.077898025512695,225
1730,outer_race,226,20.776031494140625,226
1730,outer_race,227,22.06496810913086,227
1730,outer_race,228,20.117033004760742,228
1730,outer_race,229,19.895282745361328,229
1730,outer_race,230,20.185657501220703,230
1730,outer_race,231,21.22996711730957,231
1730,outer_race,232,21.069883346557617,232
1730,outer_race,233,24.273487091064453,233
1730,outer_race,234,21.404857635498047,234
1730,outer_race,235,21.216175079345703,235
1730,outer_race,236,21.501474380493164,236
1730,outer_race,237,17.891639709472656,237
1730,outer_race,238,21.102632522583008,238
1730,outer_race,239,19.723249435424805,239
1730,outer_race,240,22.505577087402344,240
1730,outer_race,241,18.599180221557617,241
1730,outer_race,242,17.55561637878418,242
1730,outer_race,243,20.453641891479492,243
1730,outer_race,244,15.863343238830566,244
1730,outer_race,245,22.178651809692383,245
1730,outer_race,246,20.892839431762695,246
1730,outer_race,247,21.033830642700195,247
1730,outer_race,248,21.208219528198242,248
1730,outer_race,249,18.260784149169922,249
1730,outer_race,250,21.289636611938477,250
1730,outer_race,251,16.69875717163086,251
1730,outer_race,252,22.188636779785156,252
1730,outer_race,253,19.29529571533203,253
1730,outer_race,254,19.43166160583496,254
1730,outer_race,255,19.60607147216797,255
1730,outer_race,256,21.567222595214844,256
1730,outer_race,257,22.373788833618164,257
1730,outer_race,258,18.55364990234375,258
1730,outer_race,259,23.106555938720703,259
1730,outer_race,260,20.01359748840332,260
1730,outer_race,261,20.838232040405273,261
1730,outer_race,262,19.733095169067383,262
1730,outer_race,263,19.827913284301758,263
1730,outer_race,264,21.27897834777832,264
1730,outer_race,265,18.203378677368164,265
1730,outer_race,266,17.766414642333984,266
1730,outer_race,267,18.989952087402344,267
1730,outer_race,268,21.233293533325195,268
1730,outer_race,269,21.2994441986084,269
1730,outer_race,270,23.209688186645508,270
1730,outer_race,271,21.055498123168945,271
1730,outer_race,272,21.238121032714844,272
1730,outer_race,273,19.37116241455078,273
1730,outer_race,274,17.218584060668945,274
1730,outer_race,275,19.21961212158203,275
1730,outer_race,276,20.374406814575195,276
1730,outer_race,277,21.27142906188965,277
1730,outer_race,278,18.329299926757812,278
1730,outer_race,279,20.068710327148438,279
1730,outer_race,280,20.77742576599121,280
1730,outer_race,281,18.91501235961914,281
1730,outer_race,282,22.26258087158203,282
1730,outer_race,283,25.013160705566406,283
1730,outer_race,284,19.93518829345703,284
1730,outer_race,285,19.41269302368164,285
1730,outer_race,286,18.48860740661621,286
1730,outer_race,287,19.737316131591797,287
1730,outer_race,288,17.95333480834961,288
1730,outer_race,289,22.689611434936523,289
1730,outer_race,290,19.497955322265625,290
1730,outer_race,291,19.177656173706055,291
1730,outer_race,292,17.93911361694336,292
1730,outer_race,293,20.540103912353516,293
1730,outer_race,294,22.556718826293945,294
1730,outer_race,295,17.136943817138672,295
1730,outer_race,296,21.858613967895508,296
1730,outer_race,297,19.042701721191406,297
1730,outer_race,298,20.097917556762695,298
1730,outer_race,299,18.193204879760742,299
1730,outer_race,300,19.865331649780273,300
1730,outer_race,301,19.808319091796875,301
1730,outer_race,302,19.18701171875,302
1730,outer_race,303,19.224367141723633,303
1730,outer_race,304,22.90309715270996,304
1730,outer_race,305,155.72695922851562,305
1730,outer_race,306,161.7138671875,306
1730,outer_race,307,170.0630645751953,307
1730,outer_race,308,157.11859130859375,308
1730,outer_race,309,155.32275390625,309
1730,outer_race,310,161.3777618408203,310
1730,outer_race,311,150.77491760253906,311
1730,outer_race,312,158.00088500976562,312
1730,outer_race,313,173.68443298339844,313
1730,outer_race,314,186.96116638183594,314
1730,outer_race,315,158.40611267089844,315
1730,outer_race,316,169.52890014648438,316
1730,outer_race,317,147.60406494140625,317
1730,outer_race,318,153.13864135742188,318
1730,outer_race,319,161.87991333007812,319
1730,outer_race,320,161.94390869140625,320
1730,outer_race,321,183.69076538085938,321
1730,outer_race,322,153.60267639160156,322
1730,outer_race,323,156.49896240234375,323
1730,outer_race,324,154.43382263183594,324
1730,outer_race,325,161.53810119628906,325
1730,outer_race,326,158.62176513671875,326
1730,outer_race,327,163.55906677246094,327
1730,outer_race,328,178.15859985351562,328
1730,outer_race,329,154.6296844482422,329
1730,outer_race,330,162.6782989501953,330
1730,outer_race,331,157.16920471191406,331
1730,outer_race,332,157.5418243408203,332
1730,outer_race,333,175.13360595703125,333
1730,outer_race,334,161.26065063476562,334
1730,outer_race,335,164.90025329589844,335
1730,outer_race,336,172.45323181152344,336
1730,outer_race,337,143.56201171875,337
1730,outer_race,338,159.89666748046875,338
1730,outer_race,339,169.18017578125,339
1730,outer_race,340,173.08206176757812,340
1730,outer_race,341,167.26747131347656,341
1730,outer_race,342,167.53945922851562,342
1730,outer_race,343,157.31903076171875,343
1730,outer_race,344,155.07164001464844,344
1730,outer_race,345,154.55799865722656,345
1730,outer_race,346,164.81625366210938,346
1730,outer_race,347,186.5613555908203,347
1730,outer_race,348,164.18505859375,348
1730,outer_race,349,162.1138916015625,349
1730,outer_race,350,166.86036682128906,350
1730,outer_race,351,159.2849884033203,351
1730,outer_race,352,162.2405242919922,352
1730,outer_race,353,172.735595703125,353
1730,outer_race,354,186.1691131591797,354
1730,outer_race,355,165.73721313476562,355
1730,outer_race,356,173.6710662841797,356
1730,outer_race,357,153.53346252441406,357
1730,outer_race,358,156.04156494140625,358
1730,outer_race,359,170.0166015625,359
1730,outer_race,360,170.50445556640625,360
1730,outer_race,361,189.03330993652344,361
1730,outer_race,362,160.81094360351562,362
1730,outer_race,363,161.0201416015625,363
1730,outer_race,364,161.86585998535156,364
1730,outer_race,365,161.97145080566406,365
1730,outer_race,366,162.1269073486328,366
1730,outer_race,367,170.14651489257812,367
1730,outer_race,368,182.619873046875,368
1730,outer_race,369,158.88356018066406,369
1730,outer_race,370,163.17919921875,370
1730,outer_race,371,155.90042114257812,371
1730,outer_race,372,157.391845703125,372
1730,outer_race,373,180.47348022460938,373
1730,outer_race,374,166.26104736328125,374
1730,outer_race,375,171.9419403076172,375
1730,outer_race,376,179.95672607421875,376
1730,outer_race,377,154.62379455566406,377
1730,outer_race,378,161.6605987548828,378
1730,outer_race,379,175.45254516601562,379
1730,outer_race,380,176.92007446289062,380
1730,outer_race,381,175.2776641845703,381
1730,outer_race,382,170.48849487304688,382
1730,outer_race,383,164.77880859375,383
1730,outer_race,384,159.48391723632812,384
1730,outer_race,385,165.6239776611328,385
1730,outer_race,386,166.55606079101562,386
1730,outer_race,387,192.84625244140625,387
1730,outer_race,388,171.99974060058594,388
1730,outer_race,389,163.82398986816406,389
1730,outer_race,390,174.3238067626953,390
1730,outer_race,391,157.84849548339844,391
1730,outer_race,392,162.74525451660156,392
1730,outer_race,393,175.98565673828125,393
1730,outer_race,394,195.81626892089844,394
1730,outer_race,395,164.08482360839844,395
1730,outer_race,396,173.80911254882812,396
1730,outer_race,397,152.0181427001953,397
1730,outer_race,398,156.43125915527344,398
1730,outer_race,399,171.89903259277344,399
1730,outer_race,400,167.02842712402344,400
1730,outer_race,401,192.76806640625,401
1730,outer_race,402,177.2920379638672,402
1730,outer_race,403,167.42575073242188,403
1730,outer_race,404,170.15887451171875,404
1730,outer_race,405,166.4425506591797,405
1730,outer_race,406,150.37838745117188,406
1730,outer_race,407,2.6984481811523438,407
1730,outer_race,408,2.0916833877563477,408
1730,outer_race,409,2.7408273220062256,409
1730,outer_race,410,2.1326940059661865,410
1730,outer_race,411,2.171776056289673,411
1730,outer_race,412,2.1778125762939453,412
1730,outer_race,413,2.4413623809814453,413
1730,outer_race,414,2.5469653606414795,414
1730,outer_race,415,2.431227922439575,415
1730,outer_race,416,2.490582227706909,416
1730,outer_race,417,2.417079210281372,417
1730,outer_race,418,2.313235282897949,418
1730,outer_race,419,2.817873954772949,419
1730,outer_race,420,2.302257776260376,420
1730,outer_race,421,3.3745498657226562,421
1730,outer_race,422,2.298133134841919,422
1730,outer_race,423,2.4204206466674805,423
1730,outer_race,424,2.1555514335632324,424
1730,outer_race,425,2.428170680999756,425
1730,outer_race,426,2.220656394958496,426
1730,outer_race,427,2.2623660564422607,427
1730,outer_race,428,2.4486894607543945,428
1730,outer_race,429,2.1400845050811768,429
1730,outer_race,430,2.3885185718536377,430
1730,outer_race,431,3.941538095474243,431
1730,outer_race,432,2.4798388481140137,432
1730,outer_race,433,2.727185010910034,433
1730,outer_race,434,2.5617244243621826,434
1730,outer_race,435,2.6246097087860107,435
1730,outer_race,436,2.2595393657684326,436
1730,outer_race,437,2.3940789699554443,437
1730,outer_race,438,2.252678632736206,438
1730,outer_race,439,2.6213815212249756,439
1730,outer_race,440,2.4134232997894287,440
1730,outer_race,441,2.5946221351623535,441
1730,outer_race,442,2.5400049686431885,442
1730,outer_race,443,2.3106799125671387,443
1730,outer_race,444,2.3067188262939453,444
1730,outer_race,445,2.5322139263153076,445
1730,outer_race,446,2.5277631282806396,446
1730,outer_race,447,2.4250266551971436,447
1730,outer_race,448,2.6398351192474365,448
1730,outer_race,449,2.1855175495147705,449
1730,outer_race,450,4.854235649108887,450
1730,outer_race,451,4.212372303009033,451
1730,outer_race,452,3.0245862007141113,452
1730,outer_race,453,2.2205493450164795,453
1730,outer_race,454,2.2843945026397705,454
1730,outer_race,455,2.455331325531006,455
1730,outer_race,456,2.4078001976013184,456
1730,outer_race,457,2.108154296875,457
1730,outer_race,458,2.3602805137634277,458
1730,outer_race,459,2.2694528102874756,459
1730,outer_race,460,2.312122106552124,460
1730,outer_race,461,2.185612440109253,461
1730,outer_race,462,2.071366786956787,462
1730,outer_race,463,2.2973597049713135,463
1730,outer_race,464,2.0817184448242188,464
1730,outer_race,465,1.9968457221984863,465
1730,outer_race,466,2.165497303009033,466
1730,outer_race,467,1.827294111251831,467
1730,outer_race,468,3.907928943634033,468
1730,outer_race,469,2.0301995277404785,469
1730,outer_race,470,2.5005152225494385,470
1730,outer_race,471,2.2027933597564697,471
1730,outer_race,472,2.1198744773864746,472
1730,outer_race,473,2.411283493041992,473
1730,outer_race,474,2.464293956756592,474
1730,outer_race,475,1.9755629301071167,475
1730,outer_race,476,2.100004196166992,476
1730,outer_race,477,2.237286329269409,477
1730,outer_race,478,2.133530616760254,478
1730,outer_race,479,2.1911087036132812,479
1730,outer_race,480,2.1814968585968018,480
1730,outer_race,481,2.114769220352173,481
1730,outer_race,482,4.631308555603027,482
1730,outer_race,483,2.281949758529663,483
1730,outer_race,484,2.850503444671631,484
1730,outer_race,485,2.568434715270996,485
1730,outer_race,486,2.292379856109619,486
1730,outer_race,487,2.4709951877593994,487
1730,outer_race,488,2.347940444946289,488
1730,outer_race,489,2.1656405925750732,489
1730,outer_race,490,2.0551528930664062,490
1730,outer_race,491,1.9697521924972534,491
1730,outer_race,492,2.3391079902648926,492
1730,outer_race,493,2.404971122741699,493
1730,outer_race,494,2.147141456604004,494
1730,outer_race,495,2.465134620666504,495
1730,outer_race,496,2.388643264770508,496
1730,outer_race,497,2.3095974922180176,497
1730,outer_race,498,2.8175745010375977,498
1730,outer_race,499,2.5912327766418457,499
1730,outer_race,500,2.451045274734497,500
1730,outer_race,501,2.088578462600708,501
1730,outer_race,502,2.202390193939209,502
1730,outer_race,503,2.194687604904175,503
1730,outer_race,504,2.1986470222473145,504
1730,outer_race,505,2.044508457183838,505
1730,outer_race,506,2.7741289138793945,506
1730,outer_race,507,2.267552375793457,507
1730,outer_race,508,55.340084075927734,508
1730,outer_race,509,79.2495346069336,509
1730,outer_race,510,85.57898712158203,510
1730,outer_race,511,101.0074462890625,511
1730,outer_race,512,37.1677360534668,512
1730,outer_race,513,101.15131378173828,513
1730,outer_race,514,130.44561767578125,514
1730,outer_race,515,87.6927490234375,515
1730,outer_race,516,111.06775665283203,516
1730,outer_race,517,108.72407531738281,517
1730,outer_race,518,81.24451446533203,518
1730,outer_race,519,57.46430969238281,519
1730,outer_race,520,99.88323211669922,520
1730,outer_race,521,116.09312438964844,521
1730,outer_race,522,89.11782836914062,522
1730,outer_race,523,102.11809539794922,523
1730,outer_race,524,115.40311431884766,524
1730,outer_race,525,103.6654052734375,525
1730,outer_race,526,84.62434387207031,526
1730,outer_race,527,109.24130249023438,527
1730,outer_race,528,92.50226593017578,528
1730,outer_race,529,75.44252014160156,529
1730,outer_race,530,63.207122802734375,530
1730,outer_race,531,48.06884002685547,531
1730,outer_race,532,48.60013198852539,532
1730,outer_race,533,58.289649963378906,533
1730,outer_race,534,71.63491821289062,534
1730,outer_race,535,47.102439880371094,535
1730,outer_race,536,70.38899993896484,536
1730,outer_race,537,66.32325744628906,537
1730,outer_race,538,58.291229248046875,538
1730,outer_race,539,72.03489685058594,539
1730,outer_race,540,55.6789436340332,540
1730,outer_race,541,66.13330841064453,541
1730,outer_race,542,63.757240295410156,542
1730,outer_race,543,53.57184982299805,543
1730,outer_race,544,64.02574157714844,544
1730,outer_race,545,59.289615631103516,545
1730,outer_race,546,59.629486083984375,546
1730,outer_race,547,56.13106918334961,547
1730,outer_race,548,69.0885238647461,548
1730,outer_race,549,41.338905334472656,549
1730,outer_race,550,86.438232421875,550
1730,outer_race,551,63.509334564208984,551
1730,outer_race,552,92.7358627319336,552
1730,outer_race,553,100.73106384277344,553
1730,outer_race,554,66.12159729003906,554
1730,outer_race,555,98.96630096435547,555
1730,outer_race,556,38.801570892333984,556
1730,outer_race,557,107.82450866699219,557
1730,outer_race,558,57.97590637207031,558
1730,outer_race,559,82.78095245361328,559
1730,outer_race,560,101.84517669677734,560
1730,outer_race,561,69.83892059326172,561
1730,outer_race,562,101.43425750732422,562
1730,outer_race,563,76.62484741210938,563
1730,outer_race,564,127.51809692382812,564
1730,outer_race,565,51.91637420654297,565
1730,outer_race,566,103.12674713134766,566
1730,outer_race,567,108.79266357421875,567
1730,outer_race,568,91.0205307006836,568
1730,outer_race,569,125.69522094726562,569
1730,outer_race,570,46.43333053588867,570
1730,outer_race,571,99.44686126708984,571
1730,outer_race,572,48.74245834350586,572
1730,outer_race,573,67.52833557128906,573
1730,outer_race,574,128.5488739013672,574
1730,outer_race,575,86.5928726196289,575
1730,outer_race,576,87.8147201538086,576
1730,outer_race,577,143.61825561523438,577
1730,outer_race,578,85.1905746459961,578
1730,outer_race,579,62.303565979003906,579
1730,outer_race,580,106.29085540771484,580
1730,outer_race,581,95.92937469482422,581
1730,outer_race,582,55.6986198425293,582
1730,outer_race,583,51.09996795654297,583
1730,outer_race,584,88.49300384521484,584
1730,outer_race,585,77.9036636352539,585
1730,outer_race,586,40.79228591918945,586
1730,outer_race,587,51.892208099365234,587
1730,outer_race,588,59.8487548828125,588
1730,outer_race,589,67.4169692993164,589
1730,outer_race,590,69.48981475830078,590
1730,outer_race,591,64.67524719238281,591
1730,outer_race,592,72.66661071777344,592
1730,outer_race,593,61.16747283935547,593
1730,outer_race,594,70.98013305664062,594
1730,outer_race,595,44.06415939331055,595
1730,outer_race,596,99.17664337158203,596
1730,outer_race,597,68.94341278076172,597
1730,outer_race,598,135.64456176757812,598
1730,outer_race,599,66.95661163330078,599
1730,outer_race,600,112.51596069335938,600
1730,outer_race,601,118.02727508544922,601
1730,outer_race,602,41.44645690917969,602
1730,outer_race,603,117.58919525146484,603
1730,outer_race,604,97.79987335205078,604
1730,outer_race,605,136.22483825683594,605
1730,outer_race,606,102.34062194824219,606
1730,outer_race,607,131.11582946777344,607
1730,outer_race,608,78.6821060180664,608
1730,outer_race,609,59.9809684753418,609
1730,outer_race,610,94.43367004394531,610
1730,outer_race,611,85.51933288574219,611
1730,outer_race,612,82.43792724609375,612
1730,outer_race,613,78.9819564819336,613
1730,outer_race,614,89.34603118896484,614
1730,outer_race,615,83.31993865966797,615
1730,outer_race,616,84.853271484375,616
1730,outer_race,617,93.30264282226562,617
1730,outer_race,618,85.16107177734375,618
1730,outer_race,619,76.56739044189453,619
1730,outer_race,620,93.59115600585938,620
1730,outer_race,621,76.27388000488281,621
1730,outer_race,622,91.2006607055664,622
1730,outer_race,623,88.1226577758789,623
1730,outer_race,624,88.31066131591797,624
1730,outer_race,625,83.2867202758789,625
1730,outer_race,626,89.01118469238281,626
1730,outer_race,627,79.26033782958984,627
1730,outer_race,628,78.28760528564453,628
1730,outer_race,629,93.69450378417969,629
1730,outer_race,630,88.13355255126953,630
1730,outer_race,631,88.57091522216797,631
1730,outer_race,632,90.93444061279297,632
1730,outer_race,633,85.05818176269531,633
1730,outer_race,634,82.85193634033203,634
1730,outer_race,635,92.06902313232422,635
1730,outer_race,636,83.8841323852539,636
1730,outer_race,637,85.67465209960938,637
1730,outer_race,638,93.10791778564453,638
1730,outer_race,639,79.00712585449219,639
1730,outer_race,640,96.48941040039062,640
1730,outer_race,641,84.69813537597656,641
1730,outer_race,642,93.54236602783203,642
1730,outer_race,643,89.38607788085938,643
1730,outer_race,644,84.18914031982422,644
1730,outer_race,645,86.04141998291016,645
1730,outer_race,646,88.86467742919922,646
1730,outer_race,647,89.2221908569336,647
1730,outer_race,648,90.99225616455078,648
1730,outer_race,649,91.58588409423828,649
1730,outer_race,650,91.93663787841797,650
1730,outer_race,651,80.61239624023438,651
1730,outer_race,652,90.16769409179688,652
1730,outer_race,653,84.97538757324219,653
1730,outer_race,654,90.95258331298828,654
1730,outer_race,655,88.51084899902344,655
1730,outer_race,656,99.05201721191406,656
1730,outer_race,657,84.10919952392578,657
1730,outer_race,658,96.44430541992188,658
1730,outer_race,659,80.3163833618164,659
1730,outer_race,660,82.35547637939453,660
1730,outer_race,661,99.48834991455078,661
1730,outer_race,662,81.84319305419922,662
1730,outer_race,663,91.19499969482422,663
1730,outer_race,664,89.94950866699219,664
1730,outer_race,665,88.45604705810547,665
1730,outer_race,666,83.7417221069336,666
1730,outer_race,667,93.62445068359375,667
1730,outer_race,668,87.82766723632812,668
1730,outer_race,669,83.25382995605469,669
1730,outer_race,670,94.20745849609375,670
1730,outer_race,671,80.1436996459961,671
1730,outer_race,672,90.12889099121094,672
1730,outer_race,673,88.28779602050781,673
1730,outer_race,674,96.45046997070312,674
1730,outer_race,675,82.01262664794922,675
1730,outer_race,676,94.12905883789062,676
1730,outer_race,677,83.52298736572266,677
1730,outer_race,678,85.3840103149414,678
1730,outer_race,679,92.3722915649414,679
1730,outer_race,680,87.62135314941406,680
1730,outer_race,681,93.5054702758789,681
1730,outer_race,682,90.947265625,682
1730,outer_race,683,77.58622741699219,683
1730,outer_race,684,91.38217163085938,684
1730,outer_race,685,86.50835418701172,685
1730,outer_race,686,90.05359649658203,686
1730,outer_race,687,90.44210815429688,687
1730,outer_race,688,88.7397689819336,688
1730,outer_race,689,83.7921371459961,689
1730,outer_race,690,90.25433349609375,690
1730,outer_race,691,78.83525848388672,691
1730,outer_race,692,89.17644500732422,692
1730,outer_race,693,94.02838134765625,693
1730,outer_race,694,88.14071655273438,694
1730,outer_race,695,92.51993560791016,695
1730,outer_race,696,86.44078826904297,696
1730,outer_race,697,93.45977020263672,697
1730,outer_race,698,83.79122924804688,698
1730,outer_race,699,95.9902114868164,699
1730,outer_race,700,88.34709930419922,700
1730,outer_race,701,83.53356170654297,701
1730,outer_race,702,95.80204010009766,702
1730,outer_race,703,83.01461029052734,703
1730,outer_race,704,92.69264221191406,704
1730,outer_race,705,91.67517852783203,705
1730,outer_race,706,94.18971252441406,706
1730,outer_race,707,79.45561981201172,707
1730,outer_race,708,93.9053726196289,708
1730,outer_race,709,82.13661193847656,709
1730,outer_race,710,87.2944107055664,710
1730,outer_race,711,95.15924835205078,711
1750,healthy,0,0.6982846856117249,0
1750,healthy,1,0.6961855292320251,1
1750,healthy,2,0.9877712726593018,2
1750,healthy,3,0.7424002885818481,3
1750,healthy,4,0.7699528336524963,4
1750,healthy,5,0.7985036373138428,5
1750,healthy,6,1.1317881345748901,6
1750,healthy,7,0.7956898212432861,7
1750,healthy,8,0.692186176776886,8
1750,healthy,9,0.8381938934326172,9
1750,healthy,10,0.9336767792701721,10
1750,healthy,11,0.7960686683654785,11
1750,healthy,12,0.7349290251731873,12
1750,healthy,13,0.7262763381004333,13
1750,healthy,14,0.9170107841491699,14
1750,healthy,15,0.8498435616493225,15
1750,healthy,16,0.890602707862854,16
1750,healthy,17,0.9319688081741333,17
1750,healthy,18,0.9915110468864441,18
1750,healthy,19,0.8326535224914551,19
1750,healthy,20,0.881664514541626,20
1750,healthy,21,0.9457985162734985,21
1750,healthy,22,0.9362930059432983,22
1750,healthy,23,0.7744774222373962,23
1750,healthy,24,0.6799538135528564,24
1750,healthy,25,1.0200233459472656,25
1750,healthy,26,0.7919904589653015,26
1750,healthy,27,0.7448742985725403,27
1750,healthy,28,0.6789345145225525,28
1750,healthy,29,0.9259278178215027,29
1750,healthy,30,0.8680562376976013,30
1750,healthy,31,0.832667350769043,31
1750,healthy,32,0.9149045944213867,32
1750,healthy,33,0.8894250392913818,33
1750,healthy,34,0.8986034989356995,34
1750,healthy,35,0.7976287603378296,35
1750,healthy,36,0.8399750590324402,36
1750,healthy,37,0.8023978471755981,37
1750,healthy,38,0.8599092364311218,38
1750,healthy,39,0.7483795881271362,39
1750,healthy,40,0.7500737309455872,40
1750,healthy,41,1.0410758256912231,41
1750,healthy,42,0.7791468501091003,42
1750,healthy,43,0.8661919236183167,43
1750,healthy,44,0.8100429177284241,44
1750,healthy,45,0.8997388482093811,45
1750,healthy,46,0.879694402217865,46
1750,healthy,47,0.7085339426994324,47
1750,healthy,48,0.7677198648452759,48
1750,healthy,49,0.8839446902275085,49
1750,healthy,50,0.7882130146026611,50
1750,healthy,51,0.8758901953697205,51
1750,healthy,52,0.7757542133331299,52
1750,healthy,53,1.0340077877044678,53
1750,healthy,54,0.9314025044441223,54
1750,healthy,55,0.8869093656539917,55
1750,healthy,56,0.9038146734237671,56
1750,healthy,57,0.9992151856422424,57
1750,healthy,58,0.7504904270172119,58
1750,healthy,59,0.9092411398887634,59
1750,healthy,60,0.745549201965332,60
1750,healthy,61,0.7534742951393127,61
1750,healthy,62,0.9179325103759766,62
1750,healthy,63,0.7473940253257751,63
1750,healthy,64,0.835590660572052,64
1750,healthy,65,0.9899405837059021,65
1750,healthy,66,0.9112907648086548,66
1750,healthy,67,0.7417920827865601,67
1750,healthy,68,0.8845762014389038,68
1750,healthy,69,0.9311906695365906,69
1750,healthy,70,0.7412089109420776,70
1750,healthy,71,0.8843662738800049,71
1750,healthy,72,0.7693048119544983,72
1750,healthy,73,0.8789878487586975,73
1750,healthy,74,0.7600762844085693,74
1750,healthy,75,0.8900547027587891,75
1750,healthy,76,0.7993106842041016,76
1750,healthy,77,0.8884222507476807,77
1750,healthy,78,0.9301595091819763,78
1750,healthy,79,0.906487226486206,79
1750,healthy,80,0.9034122824668884,80
1750,healthy,81,0.8478918671607971,81
1750,healthy,82,0.8136391639709473,82
1750,healthy,83,0.7329848408699036,83
1750,healthy,84,0.878972053527832,84
1750,healthy,85,0.9771994948387146,85
1750,healthy,86,0.8251490592956543,86
1750,healthy,87,0.9688749313354492,87
1750,healthy,88,0.8593897223472595,88
1750,healthy,89,0.8687630295753479,89
1750,healthy,90,0.7599909901618958,90
1750,healthy,91,0.8781557083129883,91
1750,healthy,92,0.8634275197982788,92
1750,healthy,93,0.6962127685546875,93
1750,healthy,94,0.7716893553733826,94
1750,healthy,95,0.9041168093681335,95
1750,healthy,96,0.8867383599281311,96
1750,healthy,97,0.8187787532806396,97
1750,healthy,98,0.7434989213943481,98
1750,healthy,99,1.0905929803848267,99
1750,healthy,100,1.0525166988372803,100
1750,healthy,101,1.0167357921600342,101
1750,healthy,102,0.8375014066696167,102
1750,healthy,103,0.7112729549407959,103
1750,healthy,104,0.8360777497291565,104
1750,healthy,105,1.062971830368042,105
1750,healthy,106,0.825982391834259,106
1750,healthy,107,0.7968793511390686,107
1750,healthy,108,0.7369012236595154,108
1750,healthy,109,0.7612860202789307,109
1750,healthy,110,0.6502763628959656,110
1750,healthy,111,0.764541506767273,111
1750,healthy,112,0.9178121089935303,112
1750,healthy,113,0.8237941265106201,113
1750,healthy,114,0.7601797580718994,114
1750,healthy,115,0.9047589302062988,115
1750,healthy,116,0.855843722820282,116
1750,healthy,117,0.9004060626029968,117
1750,healthy,118,0.7643943428993225,118
1750,healthy,119,0.8130308985710144,119
1750,healthy,120,0.6602063179016113,120
1750,healthy,121,1.0370270013809204,121
1750,healthy,122,0.7842789888381958,122
1750,healthy,123,0.7066238522529602,123
1750,healthy,124,0.8917618989944458,124
1750,healthy,125,0.9793122410774231,125
1750,healthy,126,0.9843491911888123,126
1750,healthy,127,0.8076269626617432,127
1750,healthy,128,0.858966588973999,128
1750,healthy,129,0.8555310964584351,129
1750,healthy,130,0.5971161127090454,130
1750,healthy,131,0.8553809523582458,131
1750,healthy,132,0.8914560675621033,132
1750,healthy,133,0.7206207513809204,133
1750,healthy,134,0.7476263046264648,134
1750,healthy,135,0.9215311408042908,135
1750,healthy,136,0.7984397411346436,136
1750,healthy,137,0.718082845211029,137
1750,healthy,138,0.7868145704269409,138
1750,healthy,139,0.8572487235069275,139
1750,healthy,140,0.7599033713340759,140
1750,healthy,141,0.8580344915390015,141
1750,healthy,142,0.7968172430992126,142
1750,healthy,143,0.8829004168510437,143
1750,healthy,144,0.861436665058136,144
1750,healthy,145,0.9018012285232544,145
1750,healthy,146,0.6660199761390686,146
1750,healthy,147,0.8159931302070618,147
1750,healthy,148,0.7626081109046936,148
1750,healthy,149,1.0020852088928223,149
1750,healthy,150,0.7208384871482849,150
1750,healthy,151,0.7684860825538635,151
1750,healthy,152,0.9047576785087585,152
1750,healthy,153,0.766282320022583,153
1750,healthy,154,0.7022379636764526,154
1750,healthy,155,0.8171097040176392,155
1750,healthy,156,0.8440876007080078,156
1750,healthy,157,0.8188074231147766,157
1750,healthy,158,1.0159374475479126,158
1750,healthy,159,0.8122470378875732,159
1750,healthy,160,0.7505922913551331,160
1750,healthy,161,0.8267000317573547,161
1750,healthy,162,0.841248095035553,162
1750,healthy,163,1.0085091590881348,163
1750,healthy,164,0.8219948410987854,164
1750,healthy,165,0.8602406978607178,165
1750,healthy,166,0.7388772368431091,166
1750,healthy,167,0.8511224389076233,167
1750,healthy,168,0.7407183051109314,168
1750,healthy,169,0.9739381670951843,169
1750,healthy,170,0.8370856642723083,170
1750,healthy,171,0.8516165018081665,171
1750,healthy,172,0.8758100271224976,172
1750,healthy,173,0.6637059450149536,173
1750,healthy,174,0.7992404103279114,174
1750,healthy,175,0.8838620781898499,175
1750,healthy,176,0.9349912405014038,176
1750,healthy,177,0.70978182554245,177
1750,healthy,178,0.9575591087341309,178
1750,healthy,179,0.6479330658912659,179
1750,healthy,180,0.8104563355445862,180
1750,healthy,181,0.6881740689277649,181
1750,healthy,182,0.8603299856185913,182
1750,healthy,183,0.9996370673179626,183
1750,healthy,184,0.7407587766647339,184
1750,healthy,185,0.7704522609710693,185
1750,healthy,186,0.8300546407699585,186
1750,healthy,187,0.8224503993988037,187
1750,healthy,188,0.7155856490135193,188
1750,healthy,189,0.6770550608634949,189
1750,healthy,190,0.8749635815620422,190
1750,healthy,191,0.8512587547302246,191
1750,healthy,192,0.9086624979972839,192
1750,healthy,193,0.6829881072044373,193
1750,healthy,194,0.8160537481307983,194
1750,healthy,195,0.9850500226020813,195
1750,healthy,196,0.7884318828582764,196
1750,healthy,197,1.1439805030822754,197
1750,healthy,198,1.0940476655960083,198
1750,healthy,199,0.7379727959632874,199
1750,healthy,200,0.7277318239212036,200
1750,healthy,201,0.6702797412872314,201
1750,healthy,202,1.022283673286438,202
1750,healthy,203,0.7386388182640076,203
1750,healthy,204,0.7086103558540344,204
1750,healthy,205,0.7556098699569702,205
1750,healthy,206,0.9880325198173523,206
1750,healthy,207,0.6945910453796387,207
1750,healthy,208,0.8089816570281982,208
1750,healthy,209,0.7537021636962891,209
1750,healthy,210,0.7375672459602356,210
1750,healthy,211,0.8685290813446045,211
1750,healthy,212,0.8008666634559631,212
1750,healthy,213,0.8611131906509399,213
1750,healthy,214,0.715521514415741,214
1750,healthy,215,0.7867359519004822,215
1750,healthy,216,0.6968337893486023,216
1750,healthy,217,0.8959612846374512,217
1750,healthy,218,0.8156803846359253,218
1750,healthy,219,0.6603925824165344,219
1750,healthy,220,0.7997116446495056,220
1750,healthy,221,0.8967758417129517,221
1750,healthy,222,0.8652240037918091,222
1750,healthy,223,0.8485612273216248,223
1750,healthy,224,0.7929460406303406,224
1750,healthy,225,0.7933236956596375,225
1750,healthy,226,0.6720556616783142,226
1750,healthy,227,0.6034204363822937,227
1750,healthy,228,0.8097730278968811,228
1750,healthy,229,0.7716861963272095,229
1750,healthy,230,0.7296249270439148,230
1750,healthy,231,1.0094718933105469,231
1750,healthy,232,0.8156331777572632,232
1750,healthy,233,0.8145813941955566,233
1750,healthy,234,1.0071054697036743,234
1750,healthy,235,0.7661533355712891,235
1750,healthy,236,0.7315453290939331,236
1750,healthy,237,0.8302090764045715,237
1750,healthy,238,0.7742065191268921,238
1750,healthy,239,0.7292206883430481,239
1750,healthy,240,0.6865700483322144,240
1750,healthy,241,0.9413175582885742,241
1750,healthy,242,0.7783704400062561,242
1750,healthy,243,0.789932131767273,243
1750,healthy,244,0.7622596025466919,244
1750,healthy,245,0.955549418926239,245
1750,healthy,246,0.72054123878479,246
1750,healthy,247,0.7741795182228088,247
1750,healthy,248,0.8551179766654968,248
1750,healthy,249,0.7185311317443848,249
1750,healthy,250,0.7947092652320862,250
1750,healthy,251,0.8550482988357544,251
1750,healthy,252,0.9166367650032043,252
1750,healthy,253,0.6376767754554749,253
1750,healthy,254,0.7575352787971497,254
1750,healthy,255,0.8474971652030945,255
1750,healthy,256,0.7241405844688416,256
1750,healthy,257,0.8344709277153015,257
1750,healthy,258,0.9103649854660034,258
1750,healthy,259,0.691716194152832,259
1750,healthy,260,0.6507322192192078,260
1750,healthy,261,0.9714633226394653,261
1750,healthy,262,0.7565863132476807,262
1750,healthy,263,0.8368726968765259,263
1750,healthy,264,0.7295991778373718,264
1750,healthy,265,0.8511629700660706,265
1750,healthy,266,0.6794789433479309,266
1750,healthy,267,0.7788606882095337,267
1750,healthy,268,0.9091281294822693,268
1750,healthy,269,0.7389336228370667,269
1750,healthy,270,0.7164691090583801,270
1750,healthy,271,0.8102626800537109,271
1750,healthy,272,0.8835457563400269,272
1750,healthy,273,0.8530542254447937,273
1750,healthy,274,0.7278133034706116,274
1750,healthy,275,0.7432053685188293,275
1750,healthy,276,0.8779025077819824,276
1750,healthy,277,0.6533138155937195,277
1750,healthy,278,1.0423336029052734,278
1750,healthy,279,0.848924994468689,279
1750,healthy,280,0.733817458152771,280
1750,healthy,281,1.0736985206604004,281
1750,healthy,282,0.9412169456481934,282
1750,healthy,283,0.812453031539917,283
1750,healthy,284,0.8212944269180298,284
1750,healthy,285,0.7218908667564392,285
1750,healthy,286,0.5586478114128113,286
1750,healthy,287,0.8646761178970337,287
1750,healthy,288,0.8199294805526733,288
1750,healthy,289,0.732582688331604,289
1750,healthy,290,0.7784013748168945,290
1750,healthy,291,0.8349091410636902,291
1750,healthy,292,0.9258683323860168,292
1750,healthy,293,0.8037027716636658,293
1750,healthy,294,0.8623685836791992,294
1750,healthy,295,0.7700504064559937,295
1750,healthy,296,0.8561354279518127,296
1750,healthy,297,0.7577356696128845,297
1750,healthy,298,0.781445324420929,298
1750,healthy,299,0.6843796372413635,299
1750,healthy,300,0.7314237356185913,300
1750,healthy,301,0.9220735430717468,301
1750,healthy,302,0.7291070818901062,302
1750,healthy,303,0.8312938809394836,303
1750,healthy,304,0.7799186110496521,304
1750,healthy,305,0.9836840629577637,305
1750,healthy,306,0.7267149090766907,306
1750,healthy,307,0.7681293487548828,307
1750,healthy,308,0.8083643317222595,308
1750,healthy,309,0.8657200336456299,309
1750,healthy,310,0.6391101479530334,310
1750,healthy,311,0.8045635223388672,311
1750,healthy,312,0.813779354095459,312
1750,healthy,313,0.8565120697021484,313
1750,healthy,314,0.7515237927436829,314
1750,healthy,315,0.8853985667228699,315
1750,healthy,316,0.9036113619804382,316
1750,healthy,317,0.7411971092224121,317
1750,healthy,318,0.7588566541671753,318
1750,healthy,319,0.7660534381866455,319
1750,healthy,320,0.7457571625709534,320
1750,healthy,321,0.9323703050613403,321
1750,healthy,322,0.6659632325172424,322
1750,healthy,323,0.7872349619865417,323
1750,healthy,324,1.057025671005249,324
1750,healthy,325,0.7789811491966248,325
1750,healthy,326,0.7585910558700562,326
1750,healthy,327,0.9282386302947998,327
1750,healthy,328,0.8299859166145325,328
1750,healthy,329,0.8562911152839661,329
1750,healthy,330,0.7304854393005371,330
1750,healthy,331,0.8033424615859985,331
1750,healthy,332,0.8160851001739502,332
1750,healthy,333,0.8097086548805237,333
1750,healthy,334,0.6979957818984985,334
1750,healthy,335,0.8061146140098572,335
1750,healthy,336,0.854131281375885,336
1750,healthy,337,0.8060290813446045,337
1750,healthy,338,0.7673974633216858,338
1750,healthy,339,0.7202205657958984,339
1750,healthy,340,0.760955810546875,340
1750,healthy,341,0.8714367747306824,341
1750,healthy,342,0.8156164288520813,342
1750,healthy,343,0.7356101274490356,343
1750,healthy,344,1.0336676836013794,344
1750,healthy,345,0.7487409114837646,345
1750,healthy,346,0.7682846188545227,346
1750,healthy,347,0.8161900043487549,347
1750,healthy,348,0.9715328216552734,348
1750,healthy,349,0.7410687208175659,349
1750,healthy,350,0.6308287978172302,350
1750,healthy,351,0.9008052349090576,351
1750,healthy,352,0.9425557255744934,352
1750,healthy,353,0.7749137878417969,353
1750,healthy,354,0.8188487887382507,354
1750,healthy,355,1.0018558502197266,355
1750,healthy,356,0.7928526997566223,356
1750,healthy,357,0.661855161190033,357
1750,healthy,358,0.7506597638130188,358
1750,healthy,359,0.7476070523262024,359
1750,healthy,360,0.8728476166725159,360
1750,healthy,361,0.7322285175323486,361
1750,healthy,362,0.7272230982780457,362
1750,healthy,363,0.8959110379219055,363
1750,healthy,364,0.7939819693565369,364
1750,healthy,365,0.7118161916732788,365
1750,healthy,366,0.7427377104759216,366
1750,healthy,367,0.9448726177215576,367
1750,healthy,368,0.7504482865333557,368
1750,healthy,369,0.6880956292152405,369
1750,healthy,370,0.7664040327072144,370
1750,healthy,371,0.7243950366973877,371
1750,healthy,372,0.8949995040893555,372
1750,healthy,373,0.6253295540809631,373
1750,healthy,374,0.9240299463272095,374
1750,healthy,375,0.8842880129814148,375
1750,healthy,376,0.7811746001243591,376
1750,healthy,377,0.8296763300895691,377
1750,healthy,378,0.8157302737236023,378
1750,healthy,379,0.6415196061134338,379
1750,healthy,380,0.811798095703125,380
1750,healthy,381,0.8592923879623413,381
1750,healthy,382,0.6935819387435913,382
1750,healthy,383,0.9643710255622864,383
1750,healthy,384,0.7852269411087036,384
1750,healthy,385,0.7407186627388,385
1750,healthy,386,0.886171281337738,386
1750,healthy,387,0.8075212836265564,387
1750,healthy,388,0.8794584274291992,388
1750,healthy,389,0.7035227417945862,389
1750,healthy,390,0.9240797758102417,390
1750,healthy,391,0.888171911239624,391
1750,healthy,392,0.8325614929199219,392
1750,healthy,393,0.6851080656051636,393
1750,healthy,394,0.9988024830818176,394
1750,healthy,395,0.8413355350494385,395
1750,healthy,396,0.6696139574050903,396
1750,healthy,397,0.855466902256012,397
1750,healthy,398,0.8141965866088867,398
1750,healthy,399,0.658778190612793,399
1750,healthy,400,0.7508228421211243,400
1750,healthy,401,0.9117637276649475,401
1750,healthy,402,0.751010537147522,402
1750,healthy,403,0.7785850167274475,403
1750,ball,0,5.4786696434021,0
1750,ball,1,3.136634111404419,1
1750,ball,2,3.6865930557250977,2
1750,ball,3,3.2860844135284424,3
1750,ball,4,4.688859462738037,4
1750,ball,5,8.783182144165039,5
1750,ball,6,6.141733169555664,6
1750,ball,7,3.8243489265441895,7
1750,ball,8,6.885457515716553,8
1750,ball,9,3.973206043243408,9
1750,ball,10,4.422301292419434,10
1750,ball,11,2.2165701389312744,11
1750,ball,12,2.3868610858917236,12
1750,ball,13,3.062865972518921,13
1750,ball,14,2.3526742458343506,14
1750,ball,15,3.154599189758301,15
1750,ball,16,2.8335652351379395,16
1750,ball,17,3.535446882247925,17
1750,ball,18,3.2983381748199463,18
1750,ball,19,2.7575106620788574,19
1750,ball,20,3.6826651096343994,20
1750,ball,21,3.788827657699585,21
1750,ball,22,2.7808711528778076,22
1750,ball,23,3.0171077251434326,23
1750,ball,24,1.8713366985321045,24
1750,ball,25,11.471288681030273,25
1750,ball,26,11.232287406921387,26
1750,ball,27,9.517013549804688,27
1750,ball,28,8.175156593322754,28
1750,ball,29,4.924951553344727,29
1750,ball,30,7.1276960372924805,30
1750,ball,31,5.351278305053711,31
1750,ball,32,7.637707710266113,32
1750,ball,33,9.046002388000488,33
1750,ball,34,4.8316192626953125,34
1750,ball,35,6.740138530731201,35
1750,ball,36,3.9057886600494385,36
1750,ball,37,5.097616195678711,37
1750,ball,38,7.72976541519165,38
1750,ball,39,6.0851311683654785,39
1750,ball,40,9.86284065246582,40
1750,ball,41,8.196636199951172,41
1750,ball,42,4.970717430114746,42
1750,ball,43,9.61114501953125,43
1750,ball,44,7.416621208190918,44
1750,ball,45,5.547006607055664,45
1750,ball,46,10.863387107849121,46
1750,ball,47,8.780041694641113,47
1750,ball,48,9.13931941986084,48
1750,ball,49,5.175001621246338,49
1750,ball,50,4.371154308319092,50
1750,ball,51,2.259705066680908,51
1750,ball,52,3.985870838165283,52
1750,ball,53,2.4624691009521484,53
1750,ball,54,1.8265576362609863,54
1750,ball,55,3.5361862182617188,55
1750,ball,56,2.4136900901794434,56
1750,ball,57,2.1266119480133057,57
1750,ball,58,3.282374382019043,58
1750,ball,59,2.4323065280914307,59
1750,ball,60,2.2559289932250977,60
1750,ball,61,2.69169545173645,61
1750,ball,62,3.6583240032196045,62
1750,ball,63,4.676939487457275,63
1750,ball,64,3.890773057937622,64
1750,ball,65,3.462731122970581,65
1750,ball,66,5.071082592010498,66
1750,ball,67,4.076184272766113,67
1750,ball,68,5.43191385269165,68
1750,ball,69,3.945258855819702,69
1750,ball,70,10.162358283996582,70
1750,ball,71,8.417163848876953,71
1750,ball,72,9.517692565917969,72
1750,ball,73,8.283178329467773,73
1750,ball,74,8.263411521911621,74
1750,ball,75,7.416605472564697,75
1750,ball,76,5.1126790046691895,76
1750,ball,77,5.178571701049805,77
1750,ball,78,6.604455471038818,78
1750,ball,79,8.362237930297852,79
1750,ball,80,5.546511650085449,80
1750,ball,81,4.922496318817139,81
1750,ball,82,5.253753185272217,82
1750,ball,83,9.059049606323242,83
1750,ball,84,6.083894729614258,84
1750,ball,85,8.606243133544922,85
1750,ball,86,7.6971330642700195,86
1750,ball,87,5.6821746826171875,87
1750,ball,88,5.696771621704102,88
1750,ball,89,6.056209087371826,89
1750,ball,90,5.218042850494385,90
1750,ball,91,4.812160015106201,91
1750,ball,92,2.883070230484009,92
1750,ball,93,4.914371013641357,93
1750,ball,94,4.593145370483398,94
1750,ball,95,6.384864330291748,95
1750,ball,96,4.4855756759643555,96
1750,ball,97,5.003578186035156,97
1750,ball,98,8.928804397583008,98
1750,ball,99,6.773455619812012,99
1750,ball,100,5.596070766448975,100
1750,ball,101,3.8406643867492676,101
1750,ball,102,2.8992886543273926,102
1750,ball,103,3.3035950660705566,103
1750,ball,104,2.8421196937561035,104
1750,ball,105,3.1712541580200195,105
1750,ball,106,2.5750062465667725,106
1750,ball,107,2.993605613708496,107
1750,ball,108,2.85052490234375,108
1750,ball,109,3.2651000022888184,109
1750,ball,110,3.276177167892456,110
1750,ball,111,2.9612371921539307,111
1750,ball,112,3.0587596893310547,112
1750,ball,113,3.2623119354248047,113
1750,ball,114,2.627493381500244,114
1750,ball,115,3.486199140548706,115
1750,ball,116,2.7881898880004883,116
1750,ball,117,3.5281641483306885,117
1750,ball,118,3.400421380996704,118
1750,ball,119,2.7722699642181396,119
1750,ball,120,3.0142178535461426,120
1750,ball,121,2.686325788497925,121
1750,ball,122,2.726181745529175,122
1750,ball,123,2.7393834590911865,123
1750,ball,124,3.2590742111206055,124
1750,ball,125,2.975818634033203,125
1750,ball,126,3.04618239402771,126
1750,ball,127,3.1199684143066406,127
1750,ball,128,3.0927743911743164,128
1750,ball,129,3.3717403411865234,129
1750,ball,130,3.3869197368621826,130
1750,ball,131,2.9988298416137695,131
1750,ball,132,3.179859161376953,132
1750,ball,133,3.2338080406188965,133
1750,ball,134,2.6933915615081787,134
1750,ball,135,3.0443668365478516,135
1750,ball,136,3.147339105606079,136
1750,ball,137,3.121938943862915,137
1750,ball,138,2.9801509380340576,138
1750,ball,139,2.67167067527771,139
1750,ball,140,3.2719998359680176,140
1750,ball,141,2.9818813800811768,141
1750,ball,142,2.8267881870269775,142
1750,ball,143,3.1351351737976074,143
1750,ball,144,3.139615297317505,144
1750,ball,145,2.6873576641082764,145
1750,ball,146,2.907038450241089,146
1750,ball,147,3.1448888778686523,147
1750,ball,148,3.8288304805755615,148
1750,ball,149,2.9295032024383545,149
1750,ball,150,3.3572006225585938,150
1750,ball,151,2.9665091037750244,151
1750,ball,152,2.7950613498687744,152
1750,ball,153,2.8911523818969727,153
1750,ball,154,3.1245293617248535,154
1750,ball,155,3.256591320037842,155
1750,ball,156,3.014848232269287,156
1750,ball,157,3.0487427711486816,157
1750,ball,158,3.446979284286499,158
1750,ball,159,2.8833043575286865,159
1750,ball,160,2.6630358695983887,160
1750,ball,161,2.952547311782837,161
1750,ball,162,3.219528913497925,162
1750,ball,163,3.158405303955078,163
1750,ball,164,3.375778913497925,164
1750,ball,165,2.9608821868896484,165
1750,ball,166,3.29960298538208,166
1750,ball,167,3.552031993865967,167
1750,ball,168,3.275557041168213,168
1750,ball,169,3.251908540725708,169
1750,ball,170,3.323115587234497,170
1750,ball,171,3.09529709815979,171
1750,ball,172,2.957503080368042,172
1750,ball,173,2.703373670578003,173
1750,ball,174,3.4427645206451416,174
1750,ball,175,3.32753849029541,175
1750,ball,176,2.7200214862823486,176
1750,ball,177,2.6341307163238525,177
1750,ball,178,3.241433620452881,178
1750,ball,179,2.8017032146453857,179
1750,ball,180,3.4561808109283447,180
1750,ball,181,3.2773215770721436,181
1750,ball,182,2.8880045413970947,182
1750,ball,183,3.2032887935638428,183
1750,ball,184,3.2864372730255127,184
1750,ball,185,2.6471104621887207,185
1750,ball,186,3.3673324584960938,186
1750,ball,187,3.0985329151153564,187
1750,ball,188,3.022599220275879,188
1750,ball,189,2.8843307495117188,189
1750,ball,190,2.9061107635498047,190
1750,ball,191,3.136167049407959,191
1750,ball,192,3.4387528896331787,192
1750,ball,193,3.1847243309020996,193
1750,ball,194,4.882018089294434,194
1750,ball,195,3.727489709854126,195
1750,ball,196,3.3949503898620605,196
1750,ball,197,2.8192944526672363,197
1750,ball,198,2.7224175930023193,198
1750,ball,199,2.942338705062866,199
1750,ball,200,3.2991466522216797,200
1750,ball,201,3.090083122253418,201
1750,ball,202,3.2072060108184814,202
1750,ball,203,729.0577392578125,203
1750,ball,204,925.7872924804688,204
1750,ball,205,1509.957763671875,205
1750,ball,206,1475.13525390625,206
1750,ball,207,941.7658081054688,207
1750,ball,208,1268.9381103515625,208
1750,ball,209,1039.151611328125,209
1750,ball,210,1411.8717041015625,210
1750,ball,211,1390.54931640625,211
1750,ball,212,988.3360595703125,212
1750,ball,213,790.8267211914062,213
1750,ball,214,1475.9224853515625,214
1750,ball,215,1594.823486328125,215
1750,ball,216,1253.6058349609375,216
1750,ball,217,1029.6370849609375,217
1750,ball,218,1388.016357421875,218
1750,ball,219,1053.1453857421875,219
1750,ball,220,1295.1678466796875,220
1750,ball,221,891.2481079101562,221
1750,ball,222,1292.1180419921875,222
1750,ball,223,851.8908081054688,223
1750,ball,224,1169.592041015625,224
1750,ball,225,1224.853515625,225
1750,ball,226,1203.009521484375,226
1750,ball,227,1326.32958984375,227
1750,ball,228,862.6898193359375,228
1750,ball,229,1445.8841552734375,229
1750,ball,230,1113.2064208984375,230
1750,ball,231,1136.2781982421875,231
1750,ball,232,1637.7735595703125,232
1750,ball,233,977.722900390625,233
1750,ball,234,1069.3492431640625,234
1750,ball,235,1203.8345947265625,235
1750,ball,236,1227.6962890625,236
1750,ball,237,1290.5389404296875,237
1750,ball,238,1365.9822998046875,238
1750,ball,239,1122.86474609375,239
1750,ball,240,1088.1824951171875,240
1750,ball,241,1162.5408935546875,241
1750,ball,242,1524.8206787109375,242
1750,ball,243,1281.1859130859375,243
1750,ball,244,777.4063110351562,244
1750,ball,245,1025.7001953125,245
1750,ball,246,1436.737060546875,246
1750,ball,247,1037.5966796875,247
1750,ball,248,1552.932861328125,248
1750,ball,249,1180.37548828125,249
1750,ball,250,1272.379150390625,250
1750,ball,251,1229.6712646484375,251
1750,ball,252,1228.52880859375,252
1750,ball,253,1457.4366455078125,253
1750,ball,254,1269.2989501953125,254
1750,ball,255,977.3302001953125,255
1750,ball,256,853.516357421875,256
1750,ball,257,1186.0875244140625,257
1750,ball,258,1409.4521484375,258
1750,ball,259,1656.4144287109375,259
1750,ball,260,885.852294921875,260
1750,ball,261,1303.19140625,261
1750,ball,262,1080.40380859375,262
1750,ball,263,1301.4569091796875,263
1750,ball,264,1149.207275390625,264
1750,ball,265,1298.14892578125,265
1750,ball,266,1051.994873046875,266
1750,ball,267,1045.370849609375,267
1750,ball,268,1162.560546875,268
1750,ball,269,1255.9716796875,269
1750,ball,270,1356.81640625,270
1750,ball,271,1193.0518798828125,271
1750,ball,272,1025.5118408203125,272
1750,ball,273,1048.039794921875,273
1750,ball,274,1221.4161376953125,274
1750,ball,275,1322.807861328125,275
1750,ball,276,1327.72021484375,276
1750,ball,277,877.35791015625,277
1750,ball,278,1031.2518310546875,278
1750,ball,279,1257.6175537109375,279
1750,ball,280,1487.6259765625,280
1750,ball,281,1179.726318359375,281
1750,ball,282,1050.7864990234375,282
1750,ball,283,1545.1954345703125,283
1750,ball,284,984.9569702148438,284
1750,ball,285,1070.2470703125,285
1750,ball,286,1395.005859375,286
1750,ball,287,1255.055908203125,287
1750,ball,288,764.9341430664062,288
1750,ball,289,1233.2691650390625,289
1750,ball,290,1079.9434814453125,290
1750,ball,291,1610.6727294921875,291
1750,ball,292,1072.1654052734375,292
1750,ball,293,970.9190673828125,293
1750,ball,294,1463.805908203125,294
1750,ball,295,1464.6337890625,295
1750,ball,296,1170.830322265625,296
1750,ball,297,1317.4072265625,297
1750,ball,298,1232.1871337890625,298
1750,ball,299,1021.1755981445312,299
1750,ball,300,1286.694091796875,300
1750,ball,301,1159.69970703125,301
1750,ball,302,1335.5029296875,302
1750,ball,303,950.2966918945312,303
1750,ball,304,263.39959716796875,304
1750,ball,305,4.73046350479126,305
1750,ball,306,5.821568012237549,306
1750,ball,307,5.428856372833252,307
1750,ball,308,5.017695426940918,308
1750,ball,309,5.528779983520508,309
1750,ball,310,6.051600456237793,310
1750,ball,311,5.11025857925415,311
1750,ball,312,6.14464807510376,312
1750,ball,313,5.1720499992370605,313
1750,ball,314,5.472434997558594,314
1750,ball,315,6.334425449371338,315
1750,ball,316,5.5858473777771,316
1750,ball,317,6.2178850173950195,317
1750,ball,318,5.528740406036377,318
1750,ball,319,5.652402877807617,319
1750,ball,320,5.490889549255371,320
1750,ball,321,5.6805315017700195,321
1750,ball,322,6.048505783081055,322
1750,ball,323,5.372785568237305,323
1750,ball,324,5.937891483306885,324
1750,ball,325,5.467442989349365,325
1750,ball,326,5.69443416595459,326
1750,ball,327,5.594130039215088,327
1750,ball,328,6.320500373840332,328
1750,ball,329,6.230905532836914,329
1750,ball,330,5.342239856719971,330
1750,ball,331,5.826557636260986,331
1750,ball,332,5.504672527313232,332
1750,ball,333,5.670273780822754,333
1750,ball,334,5.941211700439453,334
1750,ball,335,6.013291835784912,335
1750,ball,336,6.192503452301025,336
1750,ball,337,6.227362632751465,337
1750,ball,338,5.8797287940979,338
1750,ball,339,5.328815937042236,339
1750,ball,340,5.870728969573975,340
1750,ball,341,6.304627895355225,341
1750,ball,342,5.926775932312012,342
1750,ball,343,6.2389655113220215,343
1750,ball,344,6.218100070953369,344
1750,ball,345,6.352746486663818,345
1750,ball,346,5.931009292602539,346
1750,ball,347,5.575068950653076,347
1750,ball,348,5.681538105010986,348
1750,ball,349,6.514328479766846,349
1750,ball,350,5.270898342132568,350
1750,ball,351,6.00241756439209,351
1750,ball,352,5.413811683654785,352
1750,ball,353,5.858670234680176,353
1750,ball,354,6.057885646820068,354
1750,ball,355,6.073271751403809,355
1750,ball,356,5.201786994934082,356
1750,ball,357,6.211130142211914,357
1750,ball,358,5.594485759735107,358
1750,ball,359,6.085387229919434,359
1750,ball,360,5.434088706970215,360
1750,ball,361,5.911462306976318,361
1750,ball,362,5.473229885101318,362
1750,ball,363,5.336191654205322,363
1750,ball,364,6.0785136222839355,364
1750,ball,365,5.250575542449951,365
1750,ball,366,6.333583354949951,366
1750,ball,367,5.631708145141602,367
1750,ball,368,5.214999198913574,368
1750,ball,369,5.499725818634033,369
1750,ball,370,5.647943496704102,370
1750,ball,371,5.909572601318359,371
1750,ball,372,5.893624782562256,372
1750,ball,373,6.578532695770264,373
1750,ball,374,6.495822429656982,374
1750,ball,375,5.947179794311523,375
1750,ball,376,5.760804653167725,376
1750,ball,377,5.431000232696533,377
1750,ball,378,6.592026710510254,378
1750,ball,379,5.342527866363525,379
1750,ball,380,5.330091953277588,380
1750,ball,381,5.739833354949951,381
1750,ball,382,5.490683555603027,382
1750,ball,383,5.764392852783203,383
1750,ball,384,5.463742733001709,384
1750,ball,385,5.577047348022461,385
1750,ball,386,5.814676284790039,386
1750,ball,387,4.826681137084961,387
1750,ball,388,6.3719563484191895,388
1750,ball,389,4.515844345092773,389
1750,ball,390,6.499464511871338,390
1750,ball,391,5.367154121398926,391
1750,ball,392,5.194080352783203,392
1750,ball,393,5.762972354888916,393
1750,ball,394,5.733344078063965,394
1750,ball,395,6.282479286193848,395
1750,ball,396,5.25425386428833,396
1750,ball,397,5.848533630371094,397
1750,ball,398,4.997829437255859,398
1750,ball,399,5.501068592071533,399
1750,ball,400,6.445784091949463,400
1750,ball,401,5.20132303237915,401
1750,ball,402,6.208535194396973,402
1750,ball,403,5.396348476409912,403
1750,ball,404,5.9395751953125,404
1750,inner_race,0,7.501505374908447,0
1750,inner_race,1,6.578094005584717,1
1750,inner_race,2,5.7939252853393555,2
1750,inner_race,3,8.61357593536377,3
1750,inner_race,4,7.467647075653076,4
1750,inner_race,5,7.122300624847412,5
1750,inner_race,6,7.338003635406494,6
1750,inner_race,7,7.954933166503906,7
1750,inner_race,8,7.891616344451904,8
1750,inner_race,9,7.757195472717285,9
1750,inner_race,10,7.2583088874816895,10
1750,inner_race,11,6.707386493682861,11
1750,inner_race,12,5.763282775878906,12
1750,inner_race,13,6.783929824829102,13
1750,inner_race,14,9.993078231811523,14
1750,inner_race,15,6.715251922607422,15
1750,inner_race,16,6.126031398773193,16
1750,inner_race,17,6.901081562042236,17
1750,inner_race,18,9.22532844543457,18
1750,inner_race,19,6.609601974487305,19
1750,inner_race,20,6.246523380279541,20
1750,inner_race,21,6.936772346496582,21
1750,inner_race,22,6.354413986206055,22
1750,inner_race,23,7.753736972808838,23
1750,inner_race,24,8.826360702514648,24
1750,inner_race,25,7.824334144592285,25
1750,inner_race,26,7.494025230407715,26
1750,inner_race,27,6.735411643981934,27
1750,inner_race,28,7.953597068786621,28
1750,inner_race,29,8.505302429199219,29
1750,inner_race,30,5.629812717437744,30
1750,inner_race,31,5.527466773986816,31
1750,inner_race,32,7.530914783477783,32
1750,inner_race,33,7.156463146209717,33
1750,inner_race,34,5.882734298706055,34
1750,inner_race,35,4.921307563781738,35
1750,inner_race,36,6.157908916473389,36
1750,inner_race,37,7.1121110916137695,37
1750,inner_race,38,7.160768032073975,38
1750,inner_race,39,6.723260879516602,39
1750,inner_race,40,6.712078094482422,40
1750,inner_race,41,7.026591777801514,41
1750,inner_race,42,7.253064155578613,42
1750,inner_race,43,7.282993316650391,43
1750,inner_race,44,6.397743225097656,44
1750,inner_race,45,8.173293113708496,45
1750,inner_race,46,5.459944248199463,46
1750,inner_race,47,6.053011894226074,47
1750,inner_race,48,10.191298484802246,48
1750,inner_race,49,7.829700469970703,49
1750,inner_race,50,4.89766788482666,50
1750,inner_race,51,6.247603893280029,51
1750,inner_race,52,9.701135635375977,52
1750,inner_race,53,6.387686252593994,53
1750,inner_race,54,5.063076972961426,54
1750,inner_race,55,5.819314002990723,55
1750,inner_race,56,9.741842269897461,56
1750,inner_race,57,6.5710129737854,57
1750,inner_race,58,5.964553356170654,58
1750,inner_race,59,6.9550909996032715,59
1750,inner_race,60,7.723928928375244,60
1750,inner_race,61,6.798449516296387,61
1750,inner_race,62,7.092005252838135,62
1750,inner_race,63,8.650718688964844,63
1750,inner_race,64,7.149399280548096,64
1750,inner_race,65,7.192994594573975,65
1750,inner_race,66,7.994337558746338,66
1750,inner_race,67,7.279881000518799,67
1750,inner_race,68,7.4563069343566895,68
1750,inner_race,69,6.965039253234863,69
1750,inner_race,70,8.176705360412598,70
1750,inner_race,71,5.672671794891357,71
1750,inner_race,72,8.206717491149902,72
1750,inner_race,73,7.064312934875488,73
1750,inner_race,74,4.956953048706055,74
1750,inner_race,75,6.349174976348877,75
1750,inner_race,76,7.32553243637085,76
1750,inner_race,77,6.358967304229736,77
1750,inner_race,78,5.6148600578308105,78
1750,inner_race,79,6.238669395446777,79
1750,inner_race,80,7.7875657081604,80
1750,inner_race,81,6.979306697845459,81
1750,inner_race,82,6.401679515838623,82
1750,inner_race,83,6.871399879455566,83
1750,inner_race,84,4.83169412612915,84
1750,inner_race,85,5.689124584197998,85
1750,inner_race,86,8.260871887207031,86
1750,inner_race,87,7.2522101402282715,87
1750,inner_race,88,5.187800407409668,88
1750,inner_race,89,6.082653045654297,89
1750,inner_race,90,10.112159729003906,90
1750,inner_race,91,7.323297500610352,91
1750,inner_race,92,5.435288906097412,92
1750,inner_race,93,6.287522792816162,93
1750,inner_race,94,10.132148742675781,94
1750,inner_race,95,7.598699569702148,95
1750,inner_race,96,5.3211774826049805,96
1750,inner_race,97,6.944642543792725,97
1750,inner_race,98,8.24072551727295,98
1750,inner_race,99,7.820317268371582,99
1750,inner_race,100,6.581905841827393,100
1750,inner_race,101,47.49080276489258,101
1750,inner_race,102,63.1226806640625,102
1750,inner_race,103,54.720157623291016,103
1750,inner_race,104,58.02065658569336,104
1750,inner_race,105,62.58156204223633,105
1750,inner_race,106,63.861053466796875,106
1750,inner_race,107,74.93778991699219,107
1750,inner_race,108,52.08411407470703,108
1750,inner_race,109,62.59843826293945,109
1750,inner_race,110,73.09017181396484,110
1750,inner_race,111,51.29867172241211,111
1750,inner_race,112,68.485595703125,112
1750,inner_race,113,54.30241394042969,113
1750,inner_race,114,65.68576049804688,114
1750,inner_race,115,54.010643005371094,115
1750,inner_race,116,46.766258239746094,116
1750,inner_race,117,62.19990921020508,117
1750,inner_race,118,57.45976638793945,118
1750,inner_race,119,64.28266906738281,119
1750,inner_race,120,53.82997512817383,120
1750,inner_race,121,62.71778106689453,121
1750,inner_race,122,65.82646179199219,122
1750,inner_race,123,52.7684326171875,123
1750,inner_race,124,58.5111083984375,124
1750,inner_race,125,53.6821403503418,125
1750,inner_race,126,60.3028564453125,126
1750,inner_race,127,61.58234405517578,127
1750,inner_race,128,60.037017822265625,128
1750,inner_race,129,52.74904251098633,129
1750,inner_race,130,59.48316955566406,130
1750,inner_race,131,59.844154357910156,131
1750,inner_race,132,55.14581298828125,132
1750,inner_race,133,52.54628372192383,133
1750,inner_race,134,55.32295608520508,134
1750,inner_race,135,54.51829528808594,135
1750,inner_race,136,52.67711639404297,136
1750,inner_race,137,51.71080780029297,137
1750,inner_race,138,61.66866683959961,138
1750,inner_race,139,59.718116760253906,139
1750,inner_race,140,49.49407196044922,140
1750,inner_race,141,63.422142028808594,141
1750,inner_race,142,68.97982025146484,142
1750,inner_race,143,61.530723571777344,143
1750,inner_race,144,63.926185607910156,144
1750,inner_race,145,60.51057434082031,145
1750,inner_race,146,62.23663330078125,146
1750,inner_race,147,65.80810546875,147
1750,inner_race,148,65.55591583251953,148
1750,inner_race,149,56.59196090698242,149
1750,inner_race,150,62.15559768676758,150
1750,inner_race,151,69.71113586425781,151
1750,inner_race,152,47.66851806640625,152
1750,inner_race,153,55.8657341003418,153
1750,inner_race,154,76.58161163330078,154
1750,inner_race,155,72.83140563964844,155
1750,inner_race,156,68.89934539794922,156
1750,inner_race,157,53.840755462646484,157
1750,inner_race,158,71.5808334350586,158
1750,inner_race,159,75.35291290283203,159
1750,inner_race,160,65.27040100097656,160
1750,inner_race,161,66.43046569824219,161
1750,inner_race,162,55.63967514038086,162
1750,inner_race,163,99.33763122558594,163
1750,inner_race,164,64.18709564208984,164
1750,inner_race,165,63.921730041503906,165
1750,inner_race,166,67.0447006225586,166
1750,inner_race,167,67.90299224853516,167
1750,inner_race,168,69.89384460449219,168
1750,inner_race,169,68.74882507324219,169
1750,inner_race,170,68.23867797851562,170
1750,inner_race,171,58.730892181396484,171
1750,inner_race,172,69.19617462158203,172
1750,inner_race,173,73.98625946044922,173
1750,inner_race,174,56.312618255615234,174
1750,inner_race,175,67.77607727050781,175
1750,inner_race,176,59.428855895996094,176
1750,inner_race,177,56.72798156738281,177
1750,inner_race,178,62.863670349121094,178
1750,inner_race,179,68.87271881103516,179
1750,inner_race,180,54.072566986083984,180
1750,inner_race,181,63.67924499511719,181
1750,inner_race,182,71.64391326904297,182
1750,inner_race,183,66.74031066894531,183
1750,inner_race,184,61.281837463378906,184
1750,inner_race,185,61.42533874511719,185
1750,inner_race,186,56.683223724365234,186
1750,inner_race,187,68.12487030029297,187
1750,inner_race,188,66.41146850585938,188
1750,inner_race,189,47.77314376831055,189
1750,inner_race,190,66.23320770263672,190
1750,inner_race,191,62.88653564453125,191
1750,inner_race,192,69.55126190185547,192
1750,inner_race,193,61.62114715576172,193
1750,inner_race,194,57.12644577026367,194
1750,inner_race,195,57.667877197265625,195
1750,inner_race,196,56.4239501953125,196
1750,inner_race,197,74.86370086669922,197
1750,inner_race,198,55.17745590209961,198
1750,inner_race,199,70.42465209960938,199
1750,inner_race,200,72.70494842529297,200
1750,inner_race,201,65.17391967773438,201
1750,inner_race,202,70.73271179199219,202
1750,inner_race,203,178.06216430664062,203
1750,inner_race,204,187.54141235351562,204
1750,inner_race,205,169.48739624023438,205
1750,inner_race,206,191.3756561279297,206
1750,inner_race,207,193.2489776611328,207
1750,inner_race,208,216.84300231933594,208
1750,inner_race,209,208.5214385986328,209
1750,inner_race,210,199.4100799560547,210
1750,inner_race,211,178.6941680908203,211
1750,inner_race,212,187.24794006347656,212
1750,inner_race,213,197.31922912597656,213
1750,inner_race,214,178.31927490234375,214
1750,inner_race,215,180.91436767578125,215
1750,inner_race,216,187.16375732421875,216
1750,inner_race,217,168.44204711914062,217
1750,inner_race,218,172.39004516601562,218
1750,inner_race,219,164.25013732910156,219
1750,inner_race,220,182.0229949951172,220
1750,inner_race,221,209.0062255859375,221
1750,inner_race,222,190.05581665039062,222
1750,inner_race,223,196.71690368652344,223
1750,inner_race,224,189.31166076660156,224
1750,inner_race,225,193.41000366210938,225
1750,inner_race,226,180.609375,226
1750,inner_race,227,174.08859252929688,227
1750,inner_race,228,183.04632568359375,228
1750,inner_race,229,185.83303833007812,229
1750,inner_race,230,190.41598510742188,230
1750,inner_race,231,175.14334106445312,231
1750,inner_race,232,167.7364044189453,232
1750,inner_race,233,172.7955322265625,233
1750,inner_race,234,187.0858917236328,234
1750,inner_race,235,170.96205139160156,235
1750,inner_race,236,180.3013458251953,236
1750,inner_race,237,168.50770568847656,237
1750,inner_race,238,160.34341430664062,238
1750,inner_race,239,164.8515167236328,239
1750,inner_race,240,190.82815551757812,240
1750,inner_race,241,177.63880920410156,241
1750,inner_race,242,167.49221801757812,242
1750,inner_race,243,221.67555236816406,243
1750,inner_race,244,174.160400390625,244
1750,inner_race,245,164.36427307128906,245
1750,inner_race,246,195.10557556152344,246
1750,inner_race,247,186.5152587890625,247
1750,inner_race,248,195.86932373046875,248
1750,inner_race,249,185.12425231933594,249
1750,inner_race,250,181.51455688476562,250
1750,inner_race,251,172.8839874267578,251
1750,inner_race,252,191.47439575195312,252
1750,inner_race,253,170.06195068359375,253
1750,inner_race,254,168.17129516601562,254
1750,inner_race,255,180.0081787109375,255
1750,inner_race,256,176.79515075683594,256
1750,inner_race,257,186.1116180419922,257
1750,inner_race,258,173.99964904785156,258
1750,inner_race,259,178.97296142578125,259
1750,inner_race,260,189.45877075195312,260
1750,inner_race,261,184.00286865234375,261
1750,inner_race,262,183.6957550048828,262
1750,inner_race,263,175.6641082763672,263
1750,inner_race,264,172.71240234375,264
1750,inner_race,265,163.88619995117188,265
1750,inner_race,266,179.34654235839844,266
1750,inner_race,267,178.81289672851562,267
1750,inner_race,268,184.86557006835938,268
1750,inner_race,269,191.10781860351562,269
1750,inner_race,270,192.0431671142578,270
1750,inner_race,271,186.29669189453125,271
1750,inner_race,272,197.4121551513672,272
1750,inner_race,273,199.33535766601562,273
1750,inner_race,274,201.44180297851562,274
1750,inner_race,275,190.13223266601562,275
1750,inner_race,276,187.81973266601562,276
1750,inner_race,277,185.72763061523438,277
1750,inner_race,278,165.97177124023438,278
1750,inner_race,279,195.5652618408203,279
1750,inner_race,280,191.48561096191406,280
1750,inner_race,281,190.18212890625,281
1750,inner_race,282,190.77020263671875,282
1750,inner_race,283,180.798583984375,283
1750,inner_race,284,180.9783935546875,284
1750,inner_race,285,172.07723999023438,285
1750,inner_race,286,184.04701232910156,286
1750,inner_race,287,195.37025451660156,287
1750,inner_race,288,196.37762451171875,288
1750,inner_race,289,203.26283264160156,289
1750,inner_race,290,176.8544921875,290
1750,inner_race,291,174.20947265625,291
1750,inner_race,292,179.58445739746094,292
1750,inner_race,293,178.55960083007812,293
1750,inner_race,294,170.90957641601562,294
1750,inner_race,295,191.3175048828125,295
1750,inner_race,296,172.08645629882812,296
1750,inner_race,297,173.76043701171875,297
1750,inner_race,298,183.9980926513672,298
1750,inner_race,299,206.76502990722656,299
1750,inner_race,300,194.04190063476562,300
1750,inner_race,301,209.04776000976562,301
1750,inner_race,302,203.8673553466797,302
1750,inner_race,303,203.5616912841797,303
1750,inner_race,304,65.71473693847656,304
1750,inner_race,305,23.302322387695312,305
1750,inner_race,306,23.115861892700195,306
1750,inner_race,307,24.71487045288086,307
1750,inner_race,308,24.610055923461914,308
1750,inner_race,309,23.593830108642578,309
1750,inner_race,310,23.099069595336914,310
1750,inner_race,311,21.48235321044922,311
1750,inner_race,312,22.123668670654297,312
1750,inner_race,313,23.57961654663086,313
1750,inner_race,314,23.480131149291992,314
1750,inner_race,315,22.280134201049805,315
1750,inner_race,316,22.499086380004883,316
1750,inner_race,317,22.706289291381836,317
1750,inner_race,318,24.0056095123291,318
1750,inner_race,319,23.06987190246582,319
1750,inner_race,320,24.113529205322266,320
1750,inner_race,321,22.38143539428711,321
1750,inner_race,322,22.4825382232666,322
1750,inner_race,323,21.461103439331055,323
1750,inner_race,324,22.860855102539062,324
1750,inner_race,325,24.46294403076172,325
1750,inner_race,326,24.148841857910156,326
1750,inner_race,327,24.484567642211914,327
1750,inner_race,328,24.606334686279297,328
1750,inner_race,329,24.9536075592041,329
1750,inner_race,330,23.138511657714844,330
1750,inner_race,331,22.537105560302734,331
1750,inner_race,332,24.08063507080078,332
1750,inner_race,333,22.623144149780273,333
1750,inner_race,334,21.83203125,334
1750,inner_race,335,22.921146392822266,335
1750,inner_race,336,23.70627212524414,336
1750,inner_race,337,22.552011489868164,337
1750,inner_race,338,22.80033302307129,338
1750,inner_race,339,22.684579849243164,339
1750,inner_race,340,23.145675659179688,340
1750,inner_race,341,23.662200927734375,341
1750,inner_race,342,22.890657424926758,342
1750,inner_race,343,23.229557037353516,343
1750,inner_race,344,24.813974380493164,344
1750,inner_race,345,22.476640701293945,345
1750,inner_race,346,22.53518295288086,346
1750,inner_race,347,25.04948616027832,347
1750,inner_race,348,24.56489372253418,348
1750,inner_race,349,23.922473907470703,349
1750,inner_race,350,24.69357681274414,350
1750,inner_race,351,24.954608917236328,351
1750,inner_race,352,24.141563415527344,352
1750,inner_race,353,23.104833602905273,353
1750,inner_race,354,25.087217330932617,354
1750,inner_race,355,25.349266052246094,355
1750,inner_race,356,23.1176700592041,356
1750,inner_race,357,23.121320724487305,357
1750,inner_race,358,22.663082122802734,358
1750,inner_race,359,23.404869079589844,359
1750,inner_race,360,23.7607421875,360
1750,inner_race,361,22.22517967224121,361
1750,inner_race,362,23.3241024017334,362
1750,inner_race,363,22.999711990356445,363
1750,inner_race,364,24.028549194335938,364
1750,inner_race,365,23.161026000976562,365
1750,inner_race,366,22.802988052368164,366
1750,inner_race,367,24.961956024169922,367
1750,inner_race,368,24.669483184814453,368
1750,inner_race,369,22.296146392822266,369
1750,inner_race,370,23.579362869262695,370
1750,inner_race,371,23.969472885131836,371
1750,inner_race,372,22.886857986450195,372
1750,inner_race,373,23.075218200683594,373
1750,inner_race,374,23.020248413085938,374
1750,inner_race,375,22.763912200927734,375
1750,inner_race,376,23.958030700683594,376
1750,inner_race,377,24.06334686279297,377
1750,inner_race,378,23.47394371032715,378
1750,inner_race,379,23.750843048095703,379
1750,inner_race,380,22.765010833740234,380
1750,inner_race,381,22.778921127319336,381
1750,inner_race,382,24.282855987548828,382
1750,inner_race,383,24.141281127929688,383
1750,inner_race,384,24.4621639251709,384
1750,inner_race,385,23.347442626953125,385
1750,inner_race,386,24.5083065032959,386
1750,inner_race,387,24.074167251586914,387
1750,inner_race,388,23.795494079589844,388
1750,inner_race,389,23.964580535888672,389
1750,inner_race,390,25.17011070251465,390
1750,inner_race,391,23.2714900970459,391
1750,inner_race,392,23.034496307373047,392
1750,inner_race,393,23.27978515625,393
1750,inner_race,394,25.022802352905273,394
1750,inner_race,395,23.23525047302246,395
1750,inner_race,396,24.206436157226562,396
1750,inner_race,397,23.20726203918457,397
1750,inner_race,398,22.933847427368164,398
1750,inner_race,399,23.96173858642578,399
1750,inner_race,400,23.704566955566406,400
1750,inner_race,401,23.46331787109375,401
1750,inner_race,402,23.909648895263672,402
1750,inner_race,403,24.014253616333008,403
1750,inner_race,404,22.57701873779297,404
1750,outer_race,0,27.577552795410156,0
1750,outer_race,1,26.005155563354492,1
1750,outer_race,2,21.10845184326172,2
1750,outer_race,3,26.38397979736328,3
1750,outer_race,4,28.280139923095703,4
1750,outer_race,5,38.35186767578125,5
1750,outer_race,6,40.57293701171875,6
1750,outer_race,7,29.66813087463379,7
1750,outer_race,8,33.069801330566406,8
1750,outer_race,9,21.022106170654297,9
1750,outer_race,10,39.09627914428711,10
1750,outer_race,11,37.957435607910156,11
1750,outer_race,12,17.35708999633789,12
1750,outer_race,13,32.42317199707031,13
1750,outer_race,14,17.660545349121094,14
1750,outer_race,15,24.291587829589844,15
1750,outer_race,16,32.63996124267578,16
1750,outer_race,17,45.937965393066406,17
1750,outer_race,18,28.86199951171875,18
1750,outer_race,19,26.970054626464844,19
1750,outer_race,20,23.11424446105957,20
1750,outer_race,21,36.12029266357422,21
1750,outer_race,22,37.12934112548828,22
1750,outer_race,23,19.95037078857422,23
1750,outer_race,24,33.009525299072266,24
1750,outer_race,25,21.159454345703125,25
1750,outer_race,26,34.47141647338867,26
1750,outer_race,27,30.63101577758789,27
1750,outer_race,28,48.94434356689453,28
1750,outer_race,29,23.728965759277344,29
1750,outer_race,30,31.36912727355957,30
1750,outer_race,31,31.0070858001709,31
1750,outer_race,32,36.67214584350586,32
1750,outer_race,33,40.73077392578125,33
1750,outer_race,34,19.661148071289062,34
1750,outer_race,35,30.297643661499023,35
1750,outer_race,36,22.896482467651367,36
1750,outer_race,37,28.2833309173584,37
1750,outer_race,38,22.282371520996094,38
1750,outer_race,39,48.16687774658203,39
1750,outer_race,40,34.85561752319336,40
1750,outer_race,41,26.18461799621582,41
1750,outer_race,42,32.4877815246582,42
1750,outer_race,43,30.662851333618164,43
1750,outer_race,44,37.258201599121094,44
1750,outer_race,45,30.2512149810791,45
1750,outer_race,46,29.178255081176758,46
1750,outer_race,47,29.306493759155273,47
1750,outer_race,48,30.246320724487305,48
1750,outer_race,49,30.546815872192383,49
1750,outer_race,50,45.72588348388672,50
1750,outer_race,51,38.69624328613281,51
1750,outer_race,52,25.0823917388916,52
1750,outer_race,53,33.85416793823242,53
1750,outer_race,54,30.572837829589844,54
1750,outer_race,55,51.126853942871094,55
1750,outer_race,56,32.35396194458008,56
1750,outer_race,57,26.815319061279297,57
1750,outer_race,58,36.463478088378906,58
1750,outer_race,59,28.686100006103516,59
1750,outer_race,60,29.32443618774414,60
1750,outer_race,61,37.576236724853516,61
1750,outer_race,62,43.55647277832031,62
1750,outer_race,63,18.606340408325195,63
1750,outer_race,64,31.67058563232422,64
1750,outer_race,65,21.33245277404785,65
1750,outer_race,66,38.18997573852539,66
1750,outer_race,67,38.190773010253906,67
1750,outer_race,68,17.819293975830078,68
1750,outer_race,69,33.30270004272461,69
1750,outer_race,70,17.440052032470703,70
1750,outer_race,71,34.93476486206055,71
1750,outer_race,72,29.401220321655273,72
1750,outer_race,73,40.0544548034668,73
1750,outer_race,74,26.933971405029297,74
1750,outer_race,75,24.643970489501953,75
1750,outer_race,76,18.017148971557617,76
1750,outer_race,77,34.233123779296875,77
1750,outer_race,78,35.131309509277344,78
1750,outer_race,79,12.690085411071777,79
1750,outer_race,80,34.29122543334961,80
1750,outer_race,81,23.907148361206055,81
1750,outer_race,82,32.45144271850586,82
1750,outer_race,83,30.180065155029297,83
1750,outer_race,84,41.68666076660156,84
1750,outer_race,85,31.869915008544922,85
1750,outer_race,86,22.2164249420166,86
1750,outer_race,87,26.549579620361328,87
1750,outer_race,88,34.35862350463867,88
1750,outer_race,89,40.17159652709961,89
1750,outer_race,90,15.371026992797852,90
1750,outer_race,91,32.3486442565918,91
1750,outer_race,92,19.88100242614746,92
1750,outer_race,93,35.23127365112305,93
1750,outer_race,94,26.14155387878418,94
1750,outer_race,95,46.205142974853516,95
1750,outer_race,96,33.68876266479492,96
1750,outer_race,97,26.55145835876465,97
1750,outer_race,98,31.259185791015625,98
1750,outer_race,99,29.85264015197754,99
1750,outer_race,100,46.0338134765625,100
1750,outer_race,101,18.071027755737305,101
1750,outer_race,102,18.543102264404297,102
1750,outer_race,103,23.01529884338379,103
1750,outer_race,104,14.323060035705566,104
1750,outer_race,105,26.07224464416504,105
1750,outer_race,106,22.89206314086914,106
1750,outer_race,107,16.773880004882812,107
1750,outer_race,108,17.3294677734375,108
1750,outer_race,109,15.752939224243164,109
1750,outer_race,110,26.682743072509766,110
1750,outer_race,111,20.54171371459961,111
1750,outer_race,112,23.703153610229492,112
1750,outer_race,113,22.072803497314453,113
1750,outer_race,114,12.586808204650879,114
1750,outer_race,115,26.104225158691406,115
1750,outer_race,116,14.80493450164795,116
1750,outer_race,117,22.5786190032959,117
1750,outer_race,118,25.47506332397461,118
1750,outer_race,119,16.300752639770508,119
1750,outer_race,120,23.0897274017334,120
1750,outer_race,121,21.146812438964844,121
1750,outer_race,122,18.029762268066406,122
1750,outer_race,123,15.919012069702148,123
1750,outer_race,124,24.415241241455078,124
1750,outer_race,125,19.734590530395508,125
1750,outer_race,126,16.91482162475586,126
1750,outer_race,127,26.24591064453125,127
1750,outer_race,128,14.001860618591309,128
1750,outer_race,129,22.6479434967041,129
1750,outer_race,130,18.705345153808594,130
1750,outer_race,131,13.008477210998535,131
1750,outer_race,132,21.84524154663086,132
1750,outer_race,133,24.846996307373047,133
1750,outer_race,134,16.004636764526367,134
1750,outer_race,135,18.119707107543945,135
1750,outer_race,136,19.06892204284668,136
1750,outer_race,137,17.214923858642578,137
1750,outer_race,138,15.29614543914795,138
1750,outer_race,139,18.09551429748535,139
1750,outer_race,140,15.861741065979004,140
1750,outer_race,141,25.264976501464844,141
1750,outer_race,142,19.901058197021484,142
1750,outer_race,143,11.055424690246582,143
1750,outer_race,144,16.875699996948242,144
1750,outer_race,145,19.69202423095703,145
1750,outer_race,146,14.793878555297852,146
1750,outer_race,147,18.770174026489258,147
1750,outer_race,148,22.21148109436035,148
1750,outer_race,149,19.51013946533203,149
1750,outer_race,150,17.560943603515625,150
1750,outer_race,151,15.495734214782715,151
1750,outer_race,152,17.885652542114258,152
1750,outer_race,153,20.709518432617188,153
1750,outer_race,154,19.319746017456055,154
1750,outer_race,155,15.452178001403809,155
1750,outer_race,156,20.78760528564453,156
1750,outer_race,157,25.36198616027832,157
1750,outer_race,158,16.01089859008789,158
1750,outer_race,159,21.245267868041992,159
1750,outer_race,160,16.008485794067383,160
1750,outer_race,161,19.1014347076416,161
1750,outer_race,162,23.055875778198242,162
1750,outer_race,163,17.076086044311523,163
1750,outer_race,164,22.828922271728516,164
1750,outer_race,165,22.251529693603516,165
1750,outer_race,166,17.447975158691406,166
1750,outer_race,167,16.002727508544922,167
1750,outer_race,168,22.131025314331055,168
1750,outer_race,169,20.518213272094727,169
1750,outer_race,170,19.08236312866211,170
1750,outer_race,171,24.797508239746094,171
1750,outer_race,172,18.79020881652832,172
1750,outer_race,173,19.2977352142334,173
1750,outer_race,174,20.062124252319336,174
1750,outer_race,175,14.481975555419922,175
1750,outer_race,176,20.495954513549805,176
1750,outer_race,177,19.061628341674805,177
1750,outer_race,178,20.078981399536133,178
1750,outer_race,179,19.9608097076416,179
1750,outer_race,180,21.430606842041016,180
1750,outer_race,181,16.800817489624023,181
1750,outer_race,182,19.325037002563477,182
1750,outer_race,183,20.770601272583008,183
1750,outer_race,184,17.003705978393555,184
1750,outer_race,185,20.925485610961914,185
1750,outer_race,186,21.37489891052246,186
1750,outer_race,187,19.564361572265625,187
1750,outer_race,188,21.37833023071289,188
1750,outer_race,189,16.190338134765625,189
1750,outer_race,190,18.223730087280273,190
1750,outer_race,191,18.151031494140625,191
1750,outer_race,192,22.713857650756836,192
1750,outer_race,193,15.543909072875977,193
1750,outer_race,194,22.548965454101562,194
1750,outer_race,195,23.66739845275879,195
1750,outer_race,196,16.14238739013672,196
1750,outer_race,197,17.54526138305664,197
1750,outer_race,198,16.743181228637695,198
1750,outer_race,199,20.0980167388916,199
1750,outer_race,200,24.326154708862305,200
1750,outer_race,201,20.540721893310547,201
1750,outer_race,202,17.149995803833008,202
1750,outer_race,203,17.20216178894043,203
1750,outer_race,204,21.383033752441406,204
1750,outer_race,205,18.81329345703125,205
1750,outer_race,206,19.407642364501953,206
1750,outer_race,207,20.59895133972168,207
1750,outer_race,208,22.897438049316406,208
1750,outer_race,209,21.269378662109375,209
1750,outer_race,210,19.001659393310547,210
1750,outer_race,211,21.71061897277832,211
1750,outer_race,212,19.366683959960938,212
1750,outer_race,213,21.337017059326172,213
1750,outer_race,214,19.169286727905273,214
1750,outer_race,215,22.112037658691406,215
1750,outer_race,216,20.630775451660156,216
1750,outer_race,217,20.098615646362305,217
1750,outer_race,218,21.85912322998047,218
1750,outer_race,219,23.350631713867188,219
1750,outer_race,220,20.9182071685791,220
1750,outer_race,221,19.22566032409668,221
1750,outer_race,222,20.47772979736328,222
1750,outer_race,223,18.378366470336914,223
1750,outer_race,224,20.036226272583008,224
1750,outer_race,225,17.277103424072266,225
1750,outer_race,226,19.79590606689453,226
1750,outer_race,227,18.530757904052734,227
1750,outer_race,228,18.569055557250977,228
1750,outer_race,229,20.22502326965332,229
1750,outer_race,230,22.476348876953125,230
1750,outer_race,231,20.475069046020508,231
1750,outer_race,232,19.497364044189453,232
1750,outer_race,233,20.95722007751465,233
1750,outer_race,234,20.410581588745117,234
1750,outer_race,235,21.077098846435547,235
1750,outer_race,236,18.574491500854492,236
1750,outer_race,237,20.866071701049805,237
1750,outer_race,238,18.077682495117188,238
1750,outer_race,239,21.462486267089844,239
1750,outer_race,240,21.182220458984375,240
1750,outer_race,241,24.59221076965332,241
1750,outer_race,242,21.13951873779297,242
1750,outer_race,243,18.7240047454834,243
1750,outer_race,244,19.854219436645508,244
1750,outer_race,245,20.3413143157959,245
1750,outer_race,246,21.082473754882812,246
1750,outer_race,247,17.6816463470459,247
1750,outer_race,248,20.77598762512207,248
1750,outer_race,249,19.419349670410156,249
1750,outer_race,250,19.405912399291992,250
1750,outer_race,251,22.60579490661621,251
1750,outer_race,252,23.566024780273438,252
1750,outer_race,253,21.40033531188965,253
1750,outer_race,254,19.065290451049805,254
1750,outer_race,255,19.359296798706055,255
1750,outer_race,256,21.854494094848633,256
1750,outer_race,257,23.386005401611328,257
1750,outer_race,258,18.748756408691406,258
1750,outer_race,259,22.23303985595703,259
1750,outer_race,260,19.08001708984375,260
1750,outer_race,261,22.18817710876465,261
1750,outer_race,262,21.266136169433594,262
1750,outer_race,263,23.884639739990234,263
1750,outer_race,264,20.861835479736328,264
1750,outer_race,265,18.451398849487305,265
1750,outer_race,266,19.878215789794922,266
1750,outer_race,267,22.087549209594727,267
1750,outer_race,268,23.717493057250977,268
1750,outer_race,269,19.027812957763672,269
1750,outer_race,270,20.111351013183594,270
1750,outer_race,271,19.666797637939453,271
1750,outer_race,272,20.63654899597168,272
1750,outer_race,273,20.59261703491211,273
1750,outer_race,274,22.659683227539062,274
1750,outer_race,275,21.24001693725586,275
1750,outer_race,276,19.33622169494629,276
1750,outer_race,277,19.111488342285156,277
1750,outer_race,278,19.349536895751953,278
1750,outer_race,279,21.658308029174805,279
1750,outer_race,280,19.72149085998535,280
1750,outer_race,281,18.501935958862305,281
1750,outer_race,282,20.56536102294922,282
1750,outer_race,283,17.84208106994629,283
1750,outer_race,284,20.620756149291992,284
1750,outer_race,285,21.788066864013672,285
1750,outer_race,286,21.288066864013672,286
1750,outer_race,287,18.88271141052246,287
1750,outer_race,288,19.420703887939453,288
1750,outer_race,289,20.606029510498047,289
1750,outer_race,290,20.75105857849121,290
1750,outer_race,291,20.223112106323242,291
1750,outer_race,292,17.91596031188965,292
1750,outer_race,293,18.848491668701172,293
1750,outer_race,294,17.71393585205078,294
1750,outer_race,295,20.759143829345703,295
1750,outer_race,296,21.95941734313965,296
1750,outer_race,297,19.707984924316406,297
1750,outer_race,298,18.97454833984375,298
1750,outer_race,299,19.580917358398438,299
1750,outer_race,300,20.0859375,300
1750,outer_race,301,23.385677337646484,301
1750,outer_race,302,19.025108337402344,302
1750,outer_race,303,19.042503356933594,303
1750,outer_race,304,21.174177169799805,304
1750,outer_race,305,17.520963668823242,305
1750,outer_race,306,179.14065551757812,306
1750,outer_race,307,203.96446228027344,307
1750,outer_race,308,186.03128051757812,308
1750,outer_race,309,202.1920623779297,309
1750,outer_race,310,181.71986389160156,310
1750,outer_race,311,179.14910888671875,311
1750,outer_race,312,187.34927368164062,312
1750,outer_race,313,190.07769775390625,313
1750,outer_race,314,189.00286865234375,314
1750,outer_race,315,209.6671142578125,315
1750,outer_race,316,183.09141540527344,316
1750,outer_race,317,183.8312225341797,317
1750,outer_race,318,183.35569763183594,318
1750,outer_race,319,208.3975830078125,319
1750,outer_race,320,188.2003173828125,320
1750,outer_race,321,199.96424865722656,321
1750,outer_race,322,180.9679412841797,322
1750,outer_race,323,175.99740600585938,323
1750,outer_race,324,190.90106201171875,324
1750,outer_race,325,193.32968139648438,325
1750,outer_race,326,181.95140075683594,326
1750,outer_race,327,208.25299072265625,327
1750,outer_race,328,181.25921630859375,328
1750,outer_race,329,183.32742309570312,329
1750,outer_race,330,177.7936553955078,330
1750,outer_race,331,204.26597595214844,331
1750,outer_race,332,186.2665557861328,332
1750,outer_race,333,198.21432495117188,333
1750,outer_race,334,183.23272705078125,334
1750,outer_race,335,172.85154724121094,335
1750,outer_race,336,193.84432983398438,336
1750,outer_race,337,199.69326782226562,337
1750,outer_race,338,187.42544555664062,338
1750,outer_race,339,206.845703125,339
1750,outer_race,340,179.73965454101562,340
1750,outer_race,341,178.92202758789062,341
1750,outer_race,342,179.263671875,342
1750,outer_race,343,207.8175811767578,343
1750,outer_race,344,184.90591430664062,344
1750,outer_race,345,204.3091278076172,345
1750,outer_race,346,183.08355712890625,346
1750,outer_race,347,173.9999542236328,347
1750,outer_race,348,191.23512268066406,348
1750,outer_race,349,195.4078826904297,349
1750,outer_race,350,188.28289794921875,350
1750,outer_race,351,212.78395080566406,351
1750,outer_race,352,185.02999877929688,352
1750,outer_race,353,180.69894409179688,353
1750,outer_race,354,184.24122619628906,354
1750,outer_race,355,206.7578582763672,355
1750,outer_race,356,186.39511108398438,356
1750,outer_race,357,203.5419158935547,357
1750,outer_race,358,186.9894256591797,358
1750,outer_race,359,173.37936401367188,359
1750,outer_race,360,187.28469848632812,360
1750,outer_race,361,196.27667236328125,361
1750,outer_race,362,184.51498413085938,362
1750,outer_race,363,212.9535675048828,363
1750,outer_race,364,185.83302307128906,364
1750,outer_race,365,180.02757263183594,365
1750,outer_race,366,182.27613830566406,366
1750,outer_race,367,205.72518920898438,367
1750,outer_race,368,189.80783081054688,368
1750,outer_race,369,204.8717803955078,369
1750,outer_race,370,186.3603973388672,370
1750,outer_race,371,173.18487548828125,371
1750,outer_race,372,183.54876708984375,372
1750,outer_race,373,200.29736328125,373
1750,outer_race,374,187.212158203125,374
1750,outer_race,375,211.5315399169922,375
1750,outer_race,376,187.38800048828125,376
1750,outer_race,377,180.76060485839844,377
1750,outer_race,378,185.22718811035156,378
1750,outer_race,379,204.77720642089844,379
1750,outer_race,380,186.65243530273438,380
1750,outer_race,381,206.12583923339844,381
1750,outer_race,382,185.47450256347656,382
1750,outer_race,383,176.98500061035156,383
1750,outer_race,384,191.2226104736328,384
1750,outer_race,385,199.79054260253906,385
1750,outer_race,386,190.6348419189453,386
1750,outer_race,387,214.6259307861328,387
1750,outer_race,388,190.31912231445312,388
1750,outer_race,389,178.89706420898438,389
1750,outer_race,390,185.05816650390625,390
1750,outer_race,391,204.8827667236328,391
1750,outer_race,392,191.37351989746094,392
1750,outer_race,393,207.12905883789062,393
1750,outer_race,394,185.6555938720703,394
1750,outer_race,395,183.69166564941406,395
1750,outer_race,396,189.56851196289062,396
1750,outer_race,397,199.6795196533203,397
1750,outer_race,398,195.70761108398438,398
1750,outer_race,399,220.45367431640625,399
1750,outer_race,400,193.3574676513672,400
1750,outer_race,401,181.4878692626953,401
1750,outer_race,402,188.8995819091797,402
1750,outer_race,403,209.27484130859375,403
1750,outer_race,404,193.91026306152344,404
1750,outer_race,405,206.5402069091797,405
1750,outer_race,406,186.7687530517578,406
1750,outer_race,407,54.1058235168457,407
1750,outer_race,408,2.5392963886260986,408
1750,outer_race,409,2.7252864837646484,409
1750,outer_race,410,2.6252527236938477,410
1750,outer_race,411,2.517098903656006,411
1750,outer_race,412,2.5286340713500977,412
1750,outer_race,413,2.690001964569092,413
1750,outer_race,414,2.642871141433716,414
1750,outer_race,415,2.926917314529419,415
1750,outer_race,416,3.070512056350708,416
1750,outer_race,417,2.238125801086426,417
1750,outer_race,418,2.5217044353485107,418
1750,outer_race,419,2.8148109912872314,419
1750,outer_race,420,2.393803358078003,420
1750,outer_race,421,2.418811082839966,421
1750,outer_race,422,2.769197463989258,422
1750,outer_race,423,2.764282703399658,423
1750,outer_race,424,2.840195417404175,424
1750,outer_race,425,3.012951135635376,425
1750,outer_race,426,2.7381374835968018,426
1750,outer_race,427,2.514977216720581,427
1750,outer_race,428,2.5065484046936035,428
1750,outer_race,429,2.3959131240844727,429
1750,outer_race,430,2.2542121410369873,430
1750,outer_race,431,2.3674561977386475,431
1750,outer_race,432,2.405522346496582,432
1750,outer_race,433,2.7974417209625244,433
1750,outer_race,434,2.6247122287750244,434
1750,outer_race,435,2.7933430671691895,435
1750,outer_race,436,2.5907132625579834,436
1750,outer_race,437,2.6433377265930176,437
1750,outer_race,438,2.6846797466278076,438
1750,outer_race,439,2.53558087348938,439
1750,outer_race,440,2.840351104736328,440
1750,outer_race,441,2.0656518936157227,441
1750,outer_race,442,2.6167972087860107,442
1750,outer_race,443,2.4986629486083984,443
1750,outer_race,444,2.371061325073242,444
1750,outer_race,445,2.4480535984039307,445
1750,outer_race,446,2.623244047164917,446
1750,outer_race,447,2.274749279022217,447
1750,outer_race,448,2.756434679031372,448
1750,outer_race,449,2.698437452316284,449
1750,outer_race,450,2.7270121574401855,450
1750,outer_race,451,2.7725837230682373,451
1750,outer_race,452,2.400961399078369,452
1750,outer_race,453,2.6531381607055664,453
1750,outer_race,454,2.577380895614624,454
1750,outer_race,455,2.8153202533721924,455
1750,outer_race,456,2.499964475631714,456
1750,outer_race,457,2.671236991882324,457
1750,outer_race,458,2.9352469444274902,458
1750,outer_race,459,2.573335886001587,459
1750,outer_race,460,2.7074708938598633,460
1750,outer_race,461,2.760413408279419,461
1750,outer_race,462,2.9011080265045166,462
1750,outer_race,463,3.0201046466827393,463
1750,outer_race,464,2.2705326080322266,464
1750,outer_race,465,2.7002973556518555,465
1750,outer_race,466,2.4218504428863525,466
1750,outer_race,467,2.6958608627319336,467
1750,outer_race,468,2.6897733211517334,468
1750,outer_race,469,2.6872899532318115,469
1750,outer_race,470,2.917111873626709,470
1750,outer_race,471,2.5080947875976562,471
1750,outer_race,472,2.4956440925598145,472
1750,outer_race,473,2.5041093826293945,473
1750,outer_race,474,2.543843984603882,474
1750,outer_race,475,2.6689229011535645,475
1750,outer_race,476,2.326807737350464,476
1750,outer_race,477,2.8478760719299316,477
1750,outer_race,478,2.1488072872161865,478
1750,outer_race,479,2.645549774169922,479
1750,outer_race,480,2.7392473220825195,480
1750,outer_race,481,2.2485315799713135,481
1750,outer_race,482,2.719186544418335,482
1750,outer_race,483,2.092862844467163,483
1750,outer_race,484,2.301011085510254,484
1750,outer_race,485,2.3292176723480225,485
1750,outer_race,486,2.3690989017486572,486
1750,outer_race,487,2.5328307151794434,487
1750,outer_race,488,2.131643295288086,488
1750,outer_race,489,2.496077537536621,489
1750,outer_race,490,2.1354894638061523,490
1750,outer_race,491,2.2397701740264893,491
1750,outer_race,492,2.3859875202178955,492
1750,outer_race,493,2.3211796283721924,493
1750,outer_race,494,2.258094072341919,494
1750,outer_race,495,2.2083187103271484,495
1750,outer_race,496,2.187209367752075,496
1750,outer_race,497,2.4850101470947266,497
1750,outer_race,498,2.4329090118408203,498
1750,outer_race,499,2.3948771953582764,499
1750,outer_race,500,2.2910242080688477,500
1750,outer_race,501,2.615521192550659,501
1750,outer_race,502,2.4496591091156006,502
1750,outer_race,503,2.5312447547912598,503
1750,outer_race,504,2.5482914447784424,504
1750,outer_race,505,2.069047451019287,505
1750,outer_race,506,2.6407852172851562,506
1750,outer_race,507,2.3992927074432373,507
1750,outer_race,508,11.461370468139648,508
1750,outer_race,509,57.36438751220703,509
1750,outer_race,510,77.29895782470703,510
1750,outer_race,511,96.97494506835938,511
1750,outer_race,512,87.59734344482422,512
1750,outer_race,513,122.64054870605469,513
1750,outer_race,514,74.06925201416016,514
1750,outer_race,515,71.09304809570312,515
1750,outer_race,516,77.23186492919922,516
1750,outer_race,517,108.65267181396484,517
1750,outer_race,518,84.20243835449219,518
1750,outer_race,519,102.07963562011719,519
1750,outer_race,520,87.10260009765625,520
1750,outer_race,521,97.26103210449219,521
1750,outer_race,522,122.14795684814453,522
1750,outer_race,523,90.80174255371094,523
1750,outer_race,524,96.6142578125,524
1750,outer_race,525,73.37114715576172,525
1750,outer_race,526,129.61810302734375,526
1750,outer_race,527,122.725830078125,527
1750,outer_race,528,97.52943420410156,528
1750,outer_race,529,93.73359680175781,529
1750,outer_race,530,87.66265869140625,530
1750,outer_race,531,50.27003479003906,531
1750,outer_race,532,53.335391998291016,532
1750,outer_race,533,67.79786682128906,533
1750,outer_race,534,68.43521118164062,534
1750,outer_race,535,73.22533416748047,535
1750,outer_race,536,56.02488327026367,536
1750,outer_race,537,86.84172821044922,537
1750,outer_race,538,74.12028503417969,538
1750,outer_race,539,73.33195495605469,539
1750,outer_race,540,79.09385681152344,540
1750,outer_race,541,53.923606872558594,541
1750,outer_race,542,68.3810043334961,542
1750,outer_race,543,66.49201965332031,543
1750,outer_race,544,67.66719055175781,544
1750,outer_race,545,93.95575714111328,545
1750,outer_race,546,62.556758880615234,546
1750,outer_race,547,48.02378845214844,547
1750,outer_race,548,84.96435546875,548
1750,outer_race,549,69.1693115234375,549
1750,outer_race,550,80.12705993652344,550
1750,outer_race,551,63.7742919921875,551
1750,outer_race,552,66.26396942138672,552
1750,outer_race,553,88.4783706665039,553
1750,outer_race,554,72.01628875732422,554
1750,outer_race,555,84.12649536132812,555
1750,outer_race,556,101.57109069824219,556
1750,outer_race,557,104.07928466796875,557
1750,outer_race,558,89.07170867919922,558
1750,outer_race,559,122.20718383789062,559
1750,outer_race,560,84.40192413330078,560
1750,outer_race,561,112.75023651123047,561
1750,outer_race,562,101.67304992675781,562
1750,outer_race,563,102.94542694091797,563
1750,outer_race,564,75.1170654296875,564
1750,outer_race,565,70.09898376464844,565
1750,outer_race,566,129.19186401367188,566
1750,outer_race,567,118.327880859375,567
1750,outer_race,568,97.05194091796875,568
1750,outer_race,569,56.39455795288086,569
1750,outer_race,570,105.82553100585938,570
1750,outer_race,571,129.8450164794922,571
1750,outer_race,572,93.50025177001953,572
1750,outer_race,573,77.16905975341797,573
1750,outer_race,574,67.55459594726562,574
1750,outer_race,575,84.64764404296875,575
1750,outer_race,576,36.31666564941406,576
1750,outer_race,577,68.00835418701172,577
1750,outer_race,578,132.0125274658203,578
1750,outer_race,579,129.41441345214844,579
1750,outer_race,580,90.31417846679688,580
1750,outer_race,581,116.48048400878906,581
1750,outer_race,582,78.671142578125,582
1750,outer_race,583,76.90628051757812,583
1750,outer_race,584,60.792083740234375,584
1750,outer_race,585,53.3688850402832,585
1750,outer_race,586,80.85432434082031,586
1750,outer_race,587,49.10665512084961,587
1750,outer_race,588,98.64071655273438,588
1750,outer_race,589,64.1709213256836,589
1750,outer_race,590,80.65286254882812,590
1750,outer_race,591,77.33409881591797,591
1750,outer_race,592,88.49171447753906,592
1750,outer_race,593,81.25938415527344,593
1750,outer_race,594,79.62266540527344,594
1750,outer_race,595,53.229270935058594,595
1750,outer_race,596,120.09439849853516,596
1750,outer_race,597,61.700904846191406,597
1750,outer_race,598,55.00873565673828,598
1750,outer_race,599,79.7316665649414,599
1750,outer_race,600,130.11773681640625,600
1750,outer_race,601,61.052669525146484,601
1750,outer_race,602,98.75205993652344,602
1750,outer_race,603,96.45497131347656,603
1750,outer_race,604,88.58824157714844,604
1750,outer_race,605,107.31822967529297,605
1750,outer_race,606,70.94896697998047,606
1750,outer_race,607,88.58182525634766,607
1750,outer_race,608,99.00324249267578,608
1750,outer_race,609,61.99331283569336,609
1750,outer_race,610,104.9732437133789,610
1750,outer_race,611,82.79022979736328,611
1750,outer_race,612,89.2596664428711,612
1750,outer_race,613,76.72518157958984,613
1750,outer_race,614,81.26334381103516,614
1750,outer_race,615,81.07672119140625,615
1750,outer_race,616,80.3989486694336,616
1750,outer_race,617,78.14515686035156,617
1750,outer_race,618,84.27606201171875,618
1750,outer_race,619,79.70464324951172,619
1750,outer_race,620,83.70662689208984,620
1750,outer_race,621,87.32747650146484,621
1750,outer_race,622,85.00367736816406,622
1750,outer_race,623,85.95516967773438,623
1750,outer_race,624,88.76811218261719,624
1750,outer_race,625,69.5994644165039,625
1750,outer_race,626,80.55766296386719,626
1750,outer_race,627,80.36112976074219,627
1750,outer_race,628,90.10148620605469,628
1750,outer_race,629,81.3061752319336,629
1750,outer_race,630,89.15886688232422,630
1750,outer_race,631,76.4979019165039,631
1750,outer_race,632,85.38513946533203,632
1750,outer_race,633,83.15785217285156,633
1750,outer_race,634,85.59021759033203,634
1750,outer_race,635,90.01869201660156,635
1750,outer_race,636,87.8598861694336,636
1750,outer_race,637,76.41142272949219,637
1750,outer_race,638,86.25127410888672,638
1750,outer_race,639,86.57512664794922,639
1750,outer_race,640,87.89401245117188,640
1750,outer_race,641,77.55821228027344,641
1750,outer_race,642,95.06562805175781,642
1750,outer_race,643,75.1556396484375,643
1750,outer_race,644,94.0492172241211,644
1750,outer_race,645,83.95721435546875,645
1750,outer_race,646,90.71016693115234,646
1750,outer_race,647,83.93791198730469,647
1750,outer_race,648,86.9906997680664,648
1750,outer_race,649,77.6044692993164,649
1750,outer_race,650,87.951904296875,650
1750,outer_race,651,88.31310272216797,651
1750,outer_race,652,87.68324279785156,652
1750,outer_race,653,77.01394653320312,653
1750,outer_race,654,85.92837524414062,654
1750,outer_race,655,77.94903564453125,655
1750,outer_race,656,86.20064544677734,656
1750,outer_race,657,84.04302215576172,657
1750,outer_race,658,88.8999252319336,658
1750,outer_race,659,84.76844024658203,659
1750,outer_race,660,85.51993560791016,660
1750,outer_race,661,74.44234466552734,661
1750,outer_race,662,85.19851684570312,662
1750,outer_race,663,83.84607696533203,663
1750,outer_race,664,84.8765869140625,664
1750,outer_race,665,86.3597412109375,665
1750,outer_race,666,87.26390838623047,666
1750,outer_race,667,85.03394317626953,667
1750,outer_race,668,85.3251724243164,668
1750,outer_race,669,88.73345184326172,669
1750,outer_race,670,82.26010131835938,670
1750,outer_race,671,82.25312042236328,671
1750,outer_race,672,83.61814880371094,672
1750,outer_race,673,83.47811126708984,673
1750,outer_race,674,85.84080505371094,674
1750,outer_race,675,85.92694091796875,675
1750,outer_race,676,80.98169708251953,676
1750,outer_race,677,83.10078430175781,677
1750,outer_race,678,81.03712463378906,678
1750,outer_race,679,86.4298095703125,679
1750,outer_race,680,87.37226867675781,680
1750,outer_race,681,96.25619506835938,681
1750,outer_race,682,81.79556274414062,682
1750,outer_race,683,87.89649963378906,683
1750,outer_race,684,80.63898468017578,684
1750,outer_race,685,87.90805053710938,685
1750,outer_race,686,79.60843658447266,686
1750,outer_race,687,90.65096282958984,687
1750,outer_race,688,82.12010192871094,688
1750,outer_race,689,87.42797088623047,689
1750,outer_race,690,89.39446258544922,690
1750,outer_race,691,88.40643310546875,691
1750,outer_race,692,85.98390197753906,692
1750,outer_race,693,96.40359497070312,693
1750,outer_race,694,84.90794372558594,694
1750,outer_race,695,86.15225982666016,695
1750,outer_race,696,85.1105728149414,696
1750,outer_race,697,95.04365539550781,697
1750,outer_race,698,81.0441665649414,698
1750,outer_race,699,92.40899658203125,699
1750,outer_race,700,79.20976257324219,700
1750,outer_race,701,87.44075012207031,701
1750,outer_race,702,88.24405670166016,702
1750,outer_race,703,91.25444030761719,703
1750,outer_race,704,86.88312530517578,704
1750,outer_race,705,89.76769256591797,705
1750,outer_race,706,84.10552215576172,706
1750,outer_race,707,83.04283905029297,707
1750,outer_race,708,87.80377197265625,708
1750,outer_race,709,91.69497680664062,709
1750,outer_race,710,78.0279312133789,710
1772,healthy,0,0.6287235021591187,0
1772,healthy,1,0.45568734407424927,1
1772,healthy,2,0.5714152455329895,2
1772,healthy,3,0.47245362401008606,3
1772,healthy,4,0.5667471885681152,4
1772,healthy,5,0.49507343769073486,5
1772,healthy,6,0.6879533529281616,6
1772,healthy,7,0.3953346908092499,7
1772,healthy,8,0.489462286233902,8
1772,healthy,9,0.5611157417297363,9
1772,healthy,10,0.5831210613250732,10
1772,healthy,11,0.5210049152374268,11
1772,healthy,12,0.7368411421775818,12
1772,healthy,13,0.4540219008922577,13
1772,healthy,14,0.6727641820907593,14
1772,healthy,15,0.459376722574234,15
1772,healthy,16,0.5813626050949097,16
1772,healthy,17,0.5021710991859436,17
1772,healthy,18,0.5785531401634216,18
1772,healthy,19,0.529164731502533,19
1772,healthy,20,0.5870083570480347,20
1772,healthy,21,0.531279981136322,21
1772,healthy,22,0.5688737034797668,22
1772,healthy,23,0.6048457622528076,23
1772,healthy,24,0.5371090173721313,24
1772,healthy,25,0.5244325995445251,25
1772,healthy,26,0.5188242197036743,26
1772,healthy,27,0.5154815912246704,27
1772,healthy,28,0.4494728744029999,28
1772,healthy,29,0.5498089790344238,29
1772,healthy,30,0.5658556222915649,30
1772,healthy,31,0.6719948053359985,31
1772,healthy,32,0.5855498313903809,32
1772,healthy,33,0.5331317186355591,33
1772,healthy,34,0.5808684825897217,34
1772,healthy,35,0.5596369504928589,35
1772,healthy,36,0.522795557975769,36
1772,healthy,37,0.5840657353401184,37
1772,healthy,38,0.5206818580627441,38
1772,healthy,39,0.6554856896400452,39
1772,healthy,40,0.4151351749897003,40
1772,healthy,41,0.5300069451332092,41
1772,healthy,42,0.5387235283851624,42
1772,healthy,43,0.6054127812385559,43
1772,healthy,44,0.5928016901016235,44
1772,healthy,45,0.5313636660575867,45
1772,healthy,46,0.5885144472122192,46
1772,healthy,47,0.5828098058700562,47
1772,healthy,48,0.5618454217910767,48
1772,healthy,49,0.5908801555633545,49
1772,healthy,50,0.48758062720298767,50
1772,healthy,51,0.5289347767829895,51
1772,healthy,52,0.44216451048851013,52
1772,healthy,53,0.6205352544784546,53
1772,healthy,54,0.5560921430587769,54
1772,healthy,55,0.6030531525611877,55
1772,healthy,56,0.4963586926460266,56
1772,healthy,57,0.7815423011779785,57
1772,healthy,58,0.6019507050514221,58
1772,healthy,59,0.48174142837524414,59
1772,healthy,60,0.6289465427398682,60
1772,healthy,61,0.5893663763999939,61
1772,healthy,62,0.7753637433052063,62
1772,healthy,63,0.5317364931106567,63
1772,healthy,64,0.4996871054172516,64
1772,healthy,65,0.4031856656074524,65
1772,healthy,66,0.659261167049408,66
1772,healthy,67,0.6188853979110718,67
1772,healthy,68,0.6079640984535217,68
1772,healthy,69,0.6885891556739807,69
1772,healthy,70,0.639438807964325,70
1772,healthy,71,0.5139036178588867,71
1772,healthy,72,0.600380539894104,72
1772,healthy,73,0.4680840075016022,73
1772,healthy,74,0.5473096966743469,74
1772,healthy,75,0.5142983198165894,75
1772,healthy,76,0.5476478934288025,76
1772,healthy,77,0.6708295941352844,77
1772,healthy,78,0.5910660028457642,78
1772,healthy,79,0.6182936429977417,79
1772,healthy,80,0.6244543194770813,80
1772,healthy,81,0.716998815536499,81
1772,healthy,82,0.6145249605178833,82
1772,healthy,83,0.6129271388053894,83
1772,healthy,84,0.5210780501365662,84
1772,healthy,85,0.48976370692253113,85
1772,healthy,86,0.4935322105884552,86
1772,healthy,87,0.7064481377601624,87
1772,healthy,88,0.49539002776145935,88
1772,healthy,89,0.6740772724151611,89
1772,healthy,90,0.5978884100914001,90
1772,healthy,91,0.6888660788536072,91
1772,healthy,92,0.5713291764259338,92
1772,healthy,93,0.8104822039604187,93
1772,healthy,94,0.592839241027832,94
1772,healthy,95,0.49414169788360596,95
1772,healthy,96,0.6403027772903442,96
1772,healthy,97,0.6072151064872742,97
1772,healthy,98,0.4898179769515991,98
1772,healthy,99,0.6350104808807373,99
1772,healthy,100,0.6088138818740845,100
1772,healthy,101,0.6892542243003845,101
1772,healthy,102,0.5066404938697815,102
1772,healthy,103,0.6832852363586426,103
1772,healthy,104,0.6691116094589233,104
1772,healthy,105,0.7665082216262817,105
1772,healthy,106,0.5745465159416199,106
1772,healthy,107,0.5530247688293457,107
1772,healthy,108,0.6547054648399353,108
1772,healthy,109,0.573883593082428,109
1772,healthy,110,0.8781025409698486,110
1772,healthy,111,0.4061228036880493,111
1772,healthy,112,0.6522502899169922,112
1772,healthy,113,0.5615082383155823,113
1772,healthy,114,0.626984179019928,114
1772,healthy,115,0.5721434354782104,115
1772,healthy,116,0.6543598175048828,116
1772,healthy,117,0.5474303364753723,117
1772,healthy,118,0.667288601398468,118
1772,healthy,119,0.6939642429351807,119
1772,healthy,120,0.7076440453529358,120
1772,healthy,121,0.5310523509979248,121
1772,healthy,122,0.4894995093345642,122
1772,healthy,123,0.720536470413208,123
1772,healthy,124,0.5908815264701843,124
1772,healthy,125,0.5998905897140503,125
1772,healthy,126,0.6681181788444519,126
1772,healthy,127,0.7408968210220337,127
1772,healthy,128,0.8107285499572754,128
1772,healthy,129,0.6638741493225098,129
1772,healthy,130,0.8830331563949585,130
1772,healthy,131,0.6519299745559692,131
1772,healthy,132,0.7391634583473206,132
1772,healthy,133,0.5322648286819458,133
1772,healthy,134,0.5556739568710327,134
1772,healthy,135,0.772616982460022,135
1772,healthy,136,0.7207266092300415,136
1772,healthy,137,0.9107179045677185,137
1772,healthy,138,0.5656721591949463,138
1772,healthy,139,0.5828689336776733,139
1772,healthy,140,0.6918321251869202,140
1772,healthy,141,0.7891362309455872,141
1772,healthy,142,0.7194151878356934,142
1772,healthy,143,0.917656660079956,143
1772,healthy,144,0.6300711631774902,144
1772,healthy,145,0.6612128615379333,145
1772,healthy,146,0.7064791917800903,146
1772,healthy,147,0.7486048936843872,147
1772,healthy,148,0.8453004360198975,148
1772,healthy,149,0.7018817067146301,149
1772,healthy,150,0.8853418827056885,150
1772,healthy,151,0.6154538989067078,151
1772,healthy,152,0.6334778070449829,152
1772,healthy,153,0.6582210659980774,153
1772,healthy,154,0.7094038724899292,154
1772,healthy,155,0.6646029353141785,155
1772,healthy,156,0.8728090524673462,156
1772,healthy,157,0.6670176982879639,157
1772,healthy,158,0.6639596223831177,158
1772,healthy,159,0.6089441776275635,159
1772,healthy,160,0.6858388781547546,160
1772,healthy,161,0.6754605174064636,161
1772,healthy,162,0.7247613668441772,162
1772,healthy,163,0.6299183964729309,163
1772,healthy,164,0.7568201422691345,164
1772,healthy,165,0.6489894986152649,165
1772,healthy,166,0.857908308506012,166
1772,healthy,167,0.8334944248199463,167
1772,healthy,168,0.7802449464797974,168
1772,healthy,169,0.7860602736473083,169
1772,healthy,170,0.7175339460372925,170
1772,healthy,171,0.7925494909286499,171
1772,healthy,172,0.7906940579414368,172
1772,healthy,173,0.8652277588844299,173
1772,healthy,174,0.8048508763313293,174
1772,healthy,175,0.7924110293388367,175
1772,healthy,176,0.6128954887390137,176
1772,healthy,177,0.6593720316886902,177
1772,healthy,178,0.8528732061386108,178
1772,healthy,179,0.8225696086883545,179
1772,healthy,180,0.847365140914917,180
1772,healthy,181,0.8575954437255859,181
1772,healthy,182,0.6636103391647339,182
1772,healthy,183,0.6356975436210632,183
1772,healthy,184,0.971698522567749,184
1772,healthy,185,0.7327324151992798,185
1772,healthy,186,0.9848778247833252,186
1772,healthy,187,0.7046040892601013,187
1772,healthy,188,0.8399235606193542,188
1772,healthy,189,0.7804129123687744,189
1772,healthy,190,0.910102128982544,190
1772,healthy,191,0.8639010787010193,191
1772,healthy,192,0.9226668477058411,192
1772,healthy,193,0.8510417938232422,193
1772,healthy,194,0.798292338848114,194
1772,healthy,195,0.6962293386459351,195
1772,healthy,196,0.6566925048828125,196
1772,healthy,197,0.7539751529693604,197
1772,healthy,198,0.8218153119087219,198
1772,healthy,199,0.6534868478775024,199
1772,healthy,200,0.8331526517868042,200
1772,healthy,201,0.6603832840919495,201
1772,healthy,202,0.8114003539085388,202
1772,healthy,203,0.8411527276039124,203
1772,healthy,204,1.047817349433899,204
1772,healthy,205,0.9376568794250488,205
1772,healthy,206,0.7907982468605042,206
1772,healthy,207,0.9814638495445251,207
1772,healthy,208,0.7800158858299255,208
1772,healthy,209,0.9770920872688293,209
1772,healthy,210,0.8571248650550842,210
1772,healthy,211,1.0811764001846313,211
1772,healthy,212,0.749175488948822,212
1772,healthy,213,1.010171890258789,213
1772,healthy,214,0.8310597538948059,214
1772,healthy,215,1.1221097707748413,215
1772,healthy,216,0.8538068532943726,216
1772,healthy,217,0.9234330058097839,217
1772,healthy,218,0.8008666038513184,218
1772,healthy,219,1.0189505815505981,219
1772,healthy,220,0.7926514744758606,220
1772,healthy,221,0.9183474779129028,221
1772,healthy,222,0.8665233254432678,222
1772,healthy,223,0.9704408645629883,223
1772,healthy,224,0.817348301410675,224
1772,healthy,225,0.9736952781677246,225
1772,healthy,226,0.8497798442840576,226
1772,healthy,227,1.2148455381393433,227
1772,healthy,228,1.115179181098938,228
1772,healthy,229,1.1278245449066162,229
1772,healthy,230,0.9538156390190125,230
1772,healthy,231,0.8183572888374329,231
1772,healthy,232,1.0695929527282715,232
1772,healthy,233,0.920810341835022,233
1772,healthy,234,1.0658859014511108,234
1772,healthy,235,0.926322340965271,235
1772,healthy,236,1.0202155113220215,236
1772,healthy,237,0.9064839482307434,237
1772,healthy,238,1.0381834506988525,238
1772,healthy,239,0.958962619304657,239
1772,healthy,240,0.9793919920921326,240
1772,healthy,241,1.0236181020736694,241
1772,healthy,242,0.9996685981750488,242
1772,healthy,243,0.7553961277008057,243
1772,healthy,244,0.8437749147415161,244
1772,healthy,245,0.9340529441833496,245
1772,healthy,246,1.1021209955215454,246
1772,healthy,247,1.0566468238830566,247
1772,healthy,248,1.2033965587615967,248
1772,healthy,249,0.8353811502456665,249
1772,healthy,250,0.9784631133079529,250
1772,healthy,251,0.965218722820282,251
1772,healthy,252,1.2789510488510132,252
1772,healthy,253,1.0802274942398071,253
1772,healthy,254,0.8975207805633545,254
1772,healthy,255,1.00299072265625,255
1772,healthy,256,0.8579888939857483,256
1772,healthy,257,1.1129565238952637,257
1772,healthy,258,1.0809859037399292,258
1772,healthy,259,1.105011224746704,259
1772,healthy,260,0.7471392750740051,260
1772,healthy,261,1.124616026878357,261
1772,healthy,262,0.9688900709152222,262
1772,healthy,263,1.1385654211044312,263
1772,healthy,264,0.9050338864326477,264
1772,healthy,265,1.274144172668457,265
1772,healthy,266,1.050736904144287,266
1772,healthy,267,0.7869874835014343,267
1772,healthy,268,0.9084643721580505,268
1772,healthy,269,1.1015605926513672,269
1772,healthy,270,0.9940637350082397,270
1772,healthy,271,1.142134666442871,271
1772,healthy,272,1.2194279432296753,272
1772,healthy,273,0.9104043841362,273
1772,healthy,274,0.876222550868988,274
1772,healthy,275,1.1101888418197632,275
1772,healthy,276,1.1886519193649292,276
1772,healthy,277,1.1066007614135742,277
1772,healthy,278,1.0171122550964355,278
1772,healthy,279,1.1025028228759766,279
1772,healthy,280,0.9394059181213379,280
1772,healthy,281,1.0609313249588013,281
1772,healthy,282,1.1542433500289917,282
1772,healthy,283,0.9909326434135437,283
1772,healthy,284,1.2448663711547852,284
1772,healthy,285,0.8730939626693726,285
1772,healthy,286,1.026728630065918,286
1772,healthy,287,0.9599078297615051,287
1772,healthy,288,1.097903847694397,288
1772,healthy,289,1.2610739469528198,289
1772,healthy,290,1.0791407823562622,290
1772,healthy,291,1.1161694526672363,291
1772,healthy,292,0.8488509058952332,292
1772,healthy,293,0.9179033637046814,293
1772,healthy,294,0.9826388359069824,294
1772,healthy,295,1.2231063842773438,295
1772,healthy,296,0.979768693447113,296
1772,healthy,297,0.9254618287086487,297
1772,healthy,298,0.9502651691436768,298
1772,healthy,299,0.956894040107727,299
1772,healthy,300,1.0974515676498413,300
1772,healthy,301,1.0849782228469849,301
1772,healthy,302,1.096734881401062,302
1772,healthy,303,0.9054622650146484,303
1772,healthy,304,1.0541963577270508,304
1772,healthy,305,0.9070610404014587,305
1772,healthy,306,1.0175153017044067,306
1772,healthy,307,1.2057290077209473,307
1772,healthy,308,1.0824170112609863,308
1772,healthy,309,0.9947424530982971,309
1772,healthy,310,0.8506821990013123,310
1772,healthy,311,0.9398907423019409,311
1772,healthy,312,1.1115062236785889,312
1772,healthy,313,1.0588805675506592,313
1772,healthy,314,1.3789061307907104,314
1772,healthy,315,0.874454140663147,315
1772,healthy,316,1.158002495765686,316
1772,healthy,317,0.8442375659942627,317
1772,healthy,318,1.0116896629333496,318
1772,healthy,319,0.9595943093299866,319
1772,healthy,320,1.0589873790740967,320
1772,healthy,321,0.9729723930358887,321
1772,healthy,322,1.0216033458709717,322
1772,healthy,323,0.9423608183860779,323
1772,healthy,324,1.2557154893875122,324
1772,healthy,325,1.0243477821350098,325
1772,healthy,326,1.1211135387420654,326
1772,healthy,327,1.024004340171814,327
1772,healthy,328,0.9317113161087036,328
1772,healthy,329,1.0074635744094849,329
1772,healthy,330,0.9010502099990845,330
1772,healthy,331,1.0221034288406372,331
1772,healthy,332,0.9514793157577515,332
1772,healthy,333,1.0553174018859863,333
1772,healthy,334,1.0060505867004395,334
1772,healthy,335,0.8172773122787476,335
1772,healthy,336,1.11357843875885,336
1772,healthy,337,0.942655622959137,337
1772,healthy,338,1.0845823287963867,338
1772,healthy,339,0.9319401979446411,339
1772,healthy,340,0.8263454437255859,340
1772,healthy,341,1.0179932117462158,341
1772,healthy,342,0.8263516426086426,342
1772,healthy,343,1.1391085386276245,343
1772,healthy,344,0.9859158396720886,344
1772,healthy,345,1.1670116186141968,345
1772,healthy,346,0.8027860522270203,346
1772,healthy,347,0.7678951621055603,347
1772,healthy,348,0.8548433184623718,348
1772,healthy,349,1.0514953136444092,349
1772,healthy,350,0.9912804365158081,350
1772,healthy,351,1.1104662418365479,351
1772,healthy,352,0.9928116798400879,352
1772,healthy,353,0.8637253046035767,353
1772,healthy,354,0.9384124875068665,354
1772,healthy,355,0.9904561638832092,355
1772,healthy,356,1.117964267730713,356
1772,healthy,357,0.9619773626327515,357
1772,healthy,358,0.7122024893760681,358
1772,healthy,359,0.933261513710022,359
1772,healthy,360,0.8508355617523193,360
1772,healthy,361,0.842622697353363,361
1772,healthy,362,1.165665864944458,362
1772,healthy,363,1.138038992881775,363
1772,healthy,364,1.0306010246276855,364
1772,healthy,365,0.8006911873817444,365
1772,healthy,366,1.014914870262146,366
1772,healthy,367,0.9743269681930542,367
1772,healthy,368,1.1400574445724487,368
1772,healthy,369,0.8389027118682861,369
1772,healthy,370,0.8734983205795288,370
1772,healthy,371,0.8392443656921387,371
1772,healthy,372,0.9532136917114258,372
1772,healthy,373,0.6827765703201294,373
1772,healthy,374,1.1443902254104614,374
1772,healthy,375,0.8205551505088806,375
1772,healthy,376,1.062749981880188,376
1772,healthy,377,0.7188600301742554,377
1772,healthy,378,0.8203097581863403,378
1772,healthy,379,0.8010984063148499,379
1772,healthy,380,0.7756046056747437,380
1772,healthy,381,0.9738409519195557,381
1772,healthy,382,0.757465124130249,382
1772,healthy,383,0.776550829410553,383
1772,healthy,384,0.8447725772857666,384
1772,healthy,385,0.9006291627883911,385
1772,healthy,386,1.1197971105575562,386
1772,healthy,387,0.9878035187721252,387
1772,healthy,388,0.7976932525634766,388
1772,healthy,389,0.7649887204170227,389
1772,healthy,390,0.92583829164505,390
1772,healthy,391,0.9553332328796387,391
1772,healthy,392,0.7147478461265564,392
1772,healthy,393,0.9112176299095154,393
1772,healthy,394,0.8274685740470886,394
1772,healthy,395,0.9970604181289673,395
1772,healthy,396,0.5579618215560913,396
1772,healthy,397,0.7260904908180237,397
1772,healthy,398,0.7618964314460754,398
1772,healthy,399,0.9972522854804993,399
1772,healthy,400,1.2655223608016968,400
1772,healthy,401,1.0172191858291626,401
1772,healthy,402,0.7821401357650757,402
1772,ball,0,7.518310546875,0
1772,ball,1,6.940309047698975,1
1772,ball,2,10.17794418334961,2
1772,ball,3,3.9994263648986816,3
1772,ball,4,3.2097489833831787,4
1772,ball,5,4.90923547744751,5
1772,ball,6,3.981228828430176,6
1772,ball,7,3.229952096939087,7
1772,ball,8,7.9834465980529785,8
1772,ball,9,5.518749237060547,9
1772,ball,10,10.229681968688965,10
1772,ball,11,3.441861867904663,11
1772,ball,12,3.1059787273406982,12
1772,ball,13,7.747820854187012,13
1772,ball,14,5.794487476348877,14
1772,ball,15,5.483482837677002,15
1772,ball,16,4.3889079093933105,16
1772,ball,17,11.436908721923828,17
1772,ball,18,7.724358558654785,18
1772,ball,19,11.360968589782715,19
1772,ball,20,9.435182571411133,20
1772,ball,21,13.352092742919922,21
1772,ball,22,4.257928848266602,22
1772,ball,23,2.196833848953247,23
1772,ball,24,7.518040180206299,24
1772,ball,25,6.7961530685424805,25
1772,ball,26,2.2996416091918945,26
1772,ball,27,6.360875129699707,27
1772,ball,28,3.778952121734619,28
1772,ball,29,2.8321640491485596,29
1772,ball,30,4.160429954528809,30
1772,ball,31,6.873354434967041,31
1772,ball,32,3.6437532901763916,32
1772,ball,33,3.315659999847412,33
1772,ball,34,4.368561744689941,34
1772,ball,35,3.2678701877593994,35
1772,ball,36,3.252847909927368,36
1772,ball,37,3.4898624420166016,37
1772,ball,38,5.521115303039551,38
1772,ball,39,2.237891912460327,39
1772,ball,40,4.423468112945557,40
1772,ball,41,5.134846210479736,41
1772,ball,42,4.269041061401367,42
1772,ball,43,4.106255054473877,43
1772,ball,44,6.2606987953186035,44
1772,ball,45,9.719334602355957,45
1772,ball,46,7.985633373260498,46
1772,ball,47,7.687404155731201,47
1772,ball,48,8.280933380126953,48
1772,ball,49,4.364858627319336,49
1772,ball,50,3.3626744747161865,50
1772,ball,51,8.080875396728516,51
1772,ball,52,10.105996131896973,52
1772,ball,53,3.8602426052093506,53
1772,ball,54,6.805881977081299,54
1772,ball,55,9.229226112365723,55
1772,ball,56,5.4457526206970215,56
1772,ball,57,1.8775321245193481,57
1772,ball,58,1.8276959657669067,58
1772,ball,59,2.169868230819702,59
1772,ball,60,2.140197277069092,60
1772,ball,61,4.225041389465332,61
1772,ball,62,6.840044975280762,62
1772,ball,63,9.867944717407227,63
1772,ball,64,7.1959757804870605,64
1772,ball,65,5.562404632568359,65
1772,ball,66,3.676913261413574,66
1772,ball,67,3.0677683353424072,67
1772,ball,68,8.11717700958252,68
1772,ball,69,3.759658098220825,69
1772,ball,70,4.008052349090576,70
1772,ball,71,5.109577178955078,71
1772,ball,72,2.8811230659484863,72
1772,ball,73,3.517569065093994,73
1772,ball,74,3.925640344619751,74
1772,ball,75,2.740792751312256,75
1772,ball,76,7.59149169921875,76
1772,ball,77,1.7254801988601685,77
1772,ball,78,2.453122138977051,78
1772,ball,79,4.435567855834961,79
1772,ball,80,5.191566467285156,80
1772,ball,81,2.6380109786987305,81
1772,ball,82,6.080221176147461,82
1772,ball,83,5.123175144195557,83
1772,ball,84,3.740813732147217,84
1772,ball,85,2.660700798034668,85
1772,ball,86,4.412303924560547,86
1772,ball,87,3.8271875381469727,87
1772,ball,88,4.59445333480835,88
1772,ball,89,7.847764492034912,89
1772,ball,90,4.374373912811279,90
1772,ball,91,2.555119514465332,91
1772,ball,92,8.91418743133545,92
1772,ball,93,7.493628025054932,93
1772,ball,94,2.9722325801849365,94
1772,ball,95,4.466986179351807,95
1772,ball,96,5.035555839538574,96
1772,ball,97,2.915729284286499,97
1772,ball,98,3.337750196456909,98
1772,ball,99,4.877057075500488,99
1772,ball,100,4.5017194747924805,100
1772,ball,101,4.594075679779053,101
1772,ball,102,10.30484676361084,102
1772,ball,103,3.62394642829895,103
1772,ball,104,3.0041301250457764,104
1772,ball,105,2.8890390396118164,105
1772,ball,106,3.5157454013824463,106
1772,ball,107,3.001185417175293,107
1772,ball,108,3.094959020614624,108
1772,ball,109,14.96280574798584,109
1772,ball,110,10.70715618133545,110
1772,ball,111,5.529878616333008,111
1772,ball,112,3.8681094646453857,112
1772,ball,113,3.069528102874756,113
1772,ball,114,3.5870964527130127,114
1772,ball,115,3.185185432434082,115
1772,ball,116,3.387920618057251,116
1772,ball,117,2.9697024822235107,117
1772,ball,118,2.945019006729126,118
1772,ball,119,3.1825289726257324,119
1772,ball,120,2.7954418659210205,120
1772,ball,121,3.2831788063049316,121
1772,ball,122,2.9470276832580566,122
1772,ball,123,2.882622480392456,123
1772,ball,124,3.4835665225982666,124
1772,ball,125,2.8322505950927734,125
1772,ball,126,2.883474349975586,126
1772,ball,127,3.075348138809204,127
1772,ball,128,3.2338125705718994,128
1772,ball,129,2.994666814804077,129
1772,ball,130,2.859891653060913,130
1772,ball,131,3.2140979766845703,131
1772,ball,132,3.063779592514038,132
1772,ball,133,3.0232882499694824,133
1772,ball,134,2.9041144847869873,134
1772,ball,135,3.2133772373199463,135
1772,ball,136,3.1785314083099365,136
1772,ball,137,4.108984470367432,137
1772,ball,138,12.213422775268555,138
1772,ball,139,4.791039943695068,139
1772,ball,140,2.9894747734069824,140
1772,ball,141,2.8447563648223877,141
1772,ball,142,3.0058889389038086,142
1772,ball,143,3.244406223297119,143
1772,ball,144,3.2673633098602295,144
1772,ball,145,2.8445794582366943,145
1772,ball,146,3.341806173324585,146
1772,ball,147,3.4756860733032227,147
1772,ball,148,3.167163133621216,148
1772,ball,149,3.055171012878418,149
1772,ball,150,3.0242252349853516,150
1772,ball,151,3.0430290699005127,151
1772,ball,152,3.401858329772949,152
1772,ball,153,3.389010190963745,153
1772,ball,154,3.09516978263855,154
1772,ball,155,3.37968373298645,155
1772,ball,156,2.875497817993164,156
1772,ball,157,3.009331226348877,157
1772,ball,158,3.1640186309814453,158
1772,ball,159,3.169459342956543,159
1772,ball,160,3.329975128173828,160
1772,ball,161,3.709071159362793,161
1772,ball,162,18.41717529296875,162
1772,ball,163,4.357295036315918,163
1772,ball,164,3.350116729736328,164
1772,ball,165,3.0465564727783203,165
1772,ball,166,3.327280282974243,166
1772,ball,167,3.120968818664551,167
1772,ball,168,3.3768069744110107,168
1772,ball,169,3.8907907009124756,169
1772,ball,170,5.5043158531188965,170
1772,ball,171,4.960716724395752,171
1772,ball,172,3.263134717941284,172
1772,ball,173,3.371884822845459,173
1772,ball,174,2.800382137298584,174
1772,ball,175,2.900930404663086,175
1772,ball,176,3.1895029544830322,176
1772,ball,177,6.470892429351807,177
1772,ball,178,17.523683547973633,178
1772,ball,179,3.4640791416168213,179
1772,ball,180,3.4743266105651855,180
1772,ball,181,2.7172012329101562,181
1772,ball,182,3.0766515731811523,182
1772,ball,183,3.242018938064575,183
1772,ball,184,3.3502519130706787,184
1772,ball,185,5.993838787078857,185
1772,ball,186,18.819292068481445,186
1772,ball,187,5.963954925537109,187
1772,ball,188,3.88153076171875,188
1772,ball,189,3.055940628051758,189
1772,ball,190,2.994755506515503,190
1772,ball,191,3.335569143295288,191
1772,ball,192,2.7526113986968994,192
1772,ball,193,3.383822441101074,193
1772,ball,194,5.630560874938965,194
1772,ball,195,11.894521713256836,195
1772,ball,196,18.093364715576172,196
1772,ball,197,5.615550994873047,197
1772,ball,198,3.0232648849487305,198
1772,ball,199,2.762054443359375,199
1772,ball,200,2.890187978744507,200
1772,ball,201,3.2619102001190186,201
1772,ball,202,3.0568106174468994,202
1772,ball,203,855.3773803710938,203
1772,ball,204,982.5272827148438,204
1772,ball,205,1181.49072265625,205
1772,ball,206,1145.2423095703125,206
1772,ball,207,1277.8460693359375,207
1772,ball,208,1107.25390625,208
1772,ball,209,1114.910888671875,209
1772,ball,210,1131.824462890625,210
1772,ball,211,1310.34130859375,211
1772,ball,212,949.4826049804688,212
1772,ball,213,1005.611572265625,213
1772,ball,214,1391.2362060546875,214
1772,ball,215,1335.2271728515625,215
1772,ball,216,1105.7607421875,216
1772,ball,217,1088.953369140625,217
1772,ball,218,899.369140625,218
1772,ball,219,1269.3721923828125,219
1772,ball,220,1044.6524658203125,220
1772,ball,221,1169.2974853515625,221
1772,ball,222,924.8744506835938,222
1772,ball,223,981.1544799804688,223
1772,ball,224,1057.07275390625,224
1772,ball,225,1035.2896728515625,225
1772,ball,226,1168.2249755859375,226
1772,ball,227,813.576171875,227
1772,ball,228,1063.153076171875,228
1772,ball,229,912.350341796875,229
1772,ball,230,835.3898315429688,230
1772,ball,231,1113.78173828125,231
1772,ball,232,816.1090698242188,232
1772,ball,233,1147.031005859375,233
1772,ball,234,982.3428955078125,234
1772,ball,235,927.172607421875,235
1772,ball,236,1059.6898193359375,236
1772,ball,237,1036.39794921875,237
1772,ball,238,698.3375854492188,238
1772,ball,239,960.7337646484375,239
1772,ball,240,1053.3795166015625,240
1772,ball,241,703.697265625,241
1772,ball,242,1478.104248046875,242
1772,ball,243,1068.2388916015625,243
1772,ball,244,728.125,244
1772,ball,245,1005.7989501953125,245
1772,ball,246,1192.3892822265625,246
1772,ball,247,1241.2738037109375,247
1772,ball,248,1309.932861328125,248
1772,ball,249,1096.96044921875,249
1772,ball,250,1244.5904541015625,250
1772,ball,251,1124.621826171875,251
1772,ball,252,1051.6524658203125,252
1772,ball,253,1168.147705078125,253
1772,ball,254,1045.630615234375,254
1772,ball,255,1158.5770263671875,255
1772,ball,256,1143.9791259765625,256
1772,ball,257,1239.08203125,257
1772,ball,258,1490.76318359375,258
1772,ball,259,1003.2952880859375,259
1772,ball,260,974.9819946289062,260
1772,ball,261,1025.440673828125,261
1772,ball,262,831.49658203125,262
1772,ball,263,1008.8087768554688,263
1772,ball,264,1404.4947509765625,264
1772,ball,265,1279.3687744140625,265
1772,ball,266,1027.02294921875,266
1772,ball,267,964.9685668945312,267
1772,ball,268,1081.5186767578125,268
1772,ball,269,1401.677734375,269
1772,ball,270,787.8901977539062,270
1772,ball,271,873.1204223632812,271
1772,ball,272,1211.9443359375,272
1772,ball,273,758.224609375,273
1772,ball,274,1196.487060546875,274
1772,ball,275,1353.2708740234375,275
1772,ball,276,740.6749877929688,276
1772,ball,277,1145.9639892578125,277
1772,ball,278,1243.46484375,278
1772,ball,279,1235.09765625,279
1772,ball,280,989.5872802734375,280
1772,ball,281,804.310546875,281
1772,ball,282,940.2380981445312,282
1772,ball,283,863.3093872070312,283
1772,ball,284,977.7501220703125,284
1772,ball,285,993.65185546875,285
1772,ball,286,1034.05712890625,286
1772,ball,287,1075.6854248046875,287
1772,ball,288,1141.3472900390625,288
1772,ball,289,1088.794189453125,289
1772,ball,290,1233.7528076171875,290
1772,ball,291,1307.5447998046875,291
1772,ball,292,1099.4339599609375,292
1772,ball,293,850.5679931640625,293
1772,ball,294,866.7607421875,294
1772,ball,295,945.28125,295
1772,ball,296,990.1165771484375,296
1772,ball,297,1076.45166015625,297
1772,ball,298,1131.3917236328125,298
1772,ball,299,1492.9937744140625,299
1772,ball,300,1085.755615234375,300
1772,ball,301,1028.7723388671875,301
1772,ball,302,1217.479736328125,302
1772,ball,303,1164.87353515625,303
1772,ball,304,370.17327880859375,304
1772,ball,305,4.7847137451171875,305
1772,ball,306,5.336103916168213,306
1772,ball,307,5.416584491729736,307
1772,ball,308,4.7259368896484375,308
1772,ball,309,5.044231414794922,309
1772,ball,310,4.783320903778076,310
1772,ball,311,5.355642318725586,311
1772,ball,312,5.581796169281006,312
1772,ball,313,4.607065200805664,313
1772,ball,314,4.818838119506836,314
1772,ball,315,4.628675937652588,315
1772,ball,316,5.036876201629639,316
1772,ball,317,5.556735038757324,317
1772,ball,318,4.925721645355225,318
1772,ball,319,5.428121566772461,319
1772,ball,320,5.005834102630615,320
1772,ball,321,5.492066383361816,321
1772,ball,322,5.265292167663574,322
1772,ball,323,5.073419570922852,323
1772,ball,324,5.143767356872559,324
1772,ball,325,4.932108402252197,325
1772,ball,326,4.6157684326171875,326
1772,ball,327,5.022026538848877,327
1772,ball,328,4.9919233322143555,328
1772,ball,329,4.685235977172852,329
1772,ball,330,4.375955581665039,330
1772,ball,331,5.18524694442749,331
1772,ball,332,4.816232204437256,332
1772,ball,333,4.634163856506348,333
1772,ball,334,5.994562149047852,334
1772,ball,335,5.344483852386475,335
1772,ball,336,5.278143882751465,336
1772,ball,337,4.7944464683532715,337
1772,ball,338,4.677779674530029,338
1772,ball,339,5.459383010864258,339
1772,ball,340,4.953004360198975,340
1772,ball,341,5.1293816566467285,341
1772,ball,342,4.955836772918701,342
1772,ball,343,5.090479373931885,343
1772,ball,344,5.1668596267700195,344
1772,ball,345,5.606318473815918,345
1772,ball,346,5.647138595581055,346
1772,ball,347,4.846790790557861,347
1772,ball,348,5.6761393547058105,348
1772,ball,349,5.493159770965576,349
1772,ball,350,4.967463493347168,350
1772,ball,351,5.276628494262695,351
1772,ball,352,4.741178512573242,352
1772,ball,353,4.90388298034668,353
1772,ball,354,5.161137104034424,354
1772,ball,355,4.612234115600586,355
1772,ball,356,5.329923152923584,356
1772,ball,357,5.059044361114502,357
1772,ball,358,5.302771091461182,358
1772,ball,359,5.677722930908203,359
1772,ball,360,5.071922779083252,360
1772,ball,361,4.4337334632873535,361
1772,ball,362,5.380813121795654,362
1772,ball,363,5.1516265869140625,363
1772,ball,364,5.625222206115723,364
1772,ball,365,5.547175884246826,365
1772,ball,366,5.2699761390686035,366
1772,ball,367,5.488398551940918,367
1772,ball,368,4.634622573852539,368
1772,ball,369,5.312354564666748,369
1772,ball,370,5.206518650054932,370
1772,ball,371,4.881126880645752,371
1772,ball,372,5.089507579803467,372
1772,ball,373,5.583099842071533,373
1772,ball,374,5.153021812438965,374
1772,ball,375,6.109673976898193,375
1772,ball,376,5.845027446746826,376
1772,ball,377,5.0183610916137695,377
1772,ball,378,5.0563554763793945,378
1772,ball,379,5.062279224395752,379
1772,ball,380,5.288280487060547,380
1772,ball,381,4.798440456390381,381
1772,ball,382,4.952430248260498,382
1772,ball,383,4.889036655426025,383
1772,ball,384,4.847621917724609,384
1772,ball,385,4.56303071975708,385
1772,ball,386,5.862769603729248,386
1772,ball,387,5.163541793823242,387
1772,ball,388,4.577517986297607,388
1772,ball,389,4.917135238647461,389
1772,ball,390,5.344712734222412,390
1772,ball,391,5.091901779174805,391
1772,ball,392,5.155982494354248,392
1772,ball,393,5.101594924926758,393
1772,ball,394,5.176314353942871,394
1772,ball,395,5.904564380645752,395
1772,ball,396,5.122286319732666,396
1772,ball,397,5.125872611999512,397
1772,ball,398,4.836150646209717,398
1772,ball,399,5.910061836242676,399
1772,ball,400,5.129040718078613,400
1772,ball,401,5.350564956665039,401
1772,ball,402,4.994332790374756,402
1772,ball,403,5.718595504760742,403
1772,ball,404,4.880660057067871,404
1772,inner_race,0,8.285539627075195,0
1772,inner_race,1,6.865865707397461,1
1772,inner_race,2,8.07508659362793,2
1772,inner_race,3,6.792859077453613,3
1772,inner_race,4,7.009243011474609,4
1772,inner_race,5,5.472411632537842,5
1772,inner_race,6,5.51084566116333,6
1772,inner_race,7,7.7369279861450195,7
1772,inner_race,8,8.861783027648926,8
1772,inner_race,9,5.251072406768799,9
1772,inner_race,10,5.444914817810059,10
1772,inner_race,11,4.879523277282715,11
1772,inner_race,12,6.108391284942627,12
1772,inner_race,13,8.515475273132324,13
1772,inner_race,14,9.730439186096191,14
1772,inner_race,15,6.33443546295166,15
1772,inner_race,16,5.790104866027832,16
1772,inner_race,17,6.900225639343262,17
1772,inner_race,18,9.820867538452148,18
1772,inner_race,19,8.372796058654785,19
1772,inner_race,20,6.2929368019104,20
1772,inner_race,21,7.324230194091797,21
1772,inner_race,22,8.052445411682129,22
1772,inner_race,23,8.332606315612793,23
1772,inner_race,24,7.278079509735107,24
1772,inner_race,25,7.780773162841797,25
1772,inner_race,26,6.813620567321777,26
1772,inner_race,27,5.861404895782471,27
1772,inner_race,28,5.942924976348877,28
1772,inner_race,29,7.475735664367676,29
1772,inner_race,30,10.019624710083008,30
1772,inner_race,31,6.784134864807129,31
1772,inner_race,32,5.710075855255127,32
1772,inner_race,33,6.316578388214111,33
1772,inner_race,34,6.375880718231201,34
1772,inner_race,35,7.465292930603027,35
1772,inner_race,36,10.019763946533203,36
1772,inner_race,37,6.479752540588379,37
1772,inner_race,38,6.186960220336914,38
1772,inner_race,39,6.786900997161865,39
1772,inner_race,40,10.62559700012207,40
1772,inner_race,41,9.352727890014648,41
1772,inner_race,42,6.783453941345215,42
1772,inner_race,43,6.227302074432373,43
1772,inner_race,44,7.973515510559082,44
1772,inner_race,45,9.249136924743652,45
1772,inner_race,46,7.177916526794434,46
1772,inner_race,47,7.004441738128662,47
1772,inner_race,48,6.284083843231201,48
1772,inner_race,49,5.927060604095459,49
1772,inner_race,50,5.555565357208252,50
1772,inner_race,51,6.205012798309326,51
1772,inner_race,52,8.924386024475098,52
1772,inner_race,53,6.716604709625244,53
1772,inner_race,54,4.888288497924805,54
1772,inner_race,55,6.467091083526611,55
1772,inner_race,56,5.463973045349121,56
1772,inner_race,57,7.365766525268555,57
1772,inner_race,58,8.746313095092773,58
1772,inner_race,59,7.2971720695495605,59
1772,inner_race,60,5.8880839347839355,60
1772,inner_race,61,7.115030765533447,61
1772,inner_race,62,8.838492393493652,62
1772,inner_race,63,9.74523639678955,63
1772,inner_race,64,6.852330684661865,64
1772,inner_race,65,6.528994560241699,65
1772,inner_race,66,7.887452602386475,66
1772,inner_race,67,10.369826316833496,67
1772,inner_race,68,8.886610984802246,68
1772,inner_race,69,6.138640403747559,69
1772,inner_race,70,6.886146545410156,70
1772,inner_race,71,5.883687973022461,71
1772,inner_race,72,6.067958354949951,72
1772,inner_race,73,7.711188316345215,73
1772,inner_race,74,8.589858055114746,74
1772,inner_race,75,8.72995662689209,75
1772,inner_race,76,5.293231010437012,76
1772,inner_race,77,6.026856422424316,77
1772,inner_race,78,7.21908712387085,78
1772,inner_race,79,7.644244194030762,79
1772,inner_race,80,8.235552787780762,80
1772,inner_race,81,9.46362590789795,81
1772,inner_race,82,7.023299217224121,82
1772,inner_race,83,7.000898361206055,83
1772,inner_race,84,9.01559066772461,84
1772,inner_race,85,11.145332336425781,85
1772,inner_race,86,7.019837379455566,86
1772,inner_race,87,5.652982711791992,87
1772,inner_race,88,6.656360626220703,88
1772,inner_race,89,9.357702255249023,89
1772,inner_race,90,8.504440307617188,90
1772,inner_race,91,5.506242275238037,91
1772,inner_race,92,5.965439319610596,92
1772,inner_race,93,6.087032794952393,93
1772,inner_race,94,5.681891918182373,94
1772,inner_race,95,6.5685272216796875,95
1772,inner_race,96,6.415196895599365,96
1772,inner_race,97,7.572739124298096,97
1772,inner_race,98,6.227444648742676,98
1772,inner_race,99,5.334257125854492,99
1772,inner_race,100,7.166585922241211,100
1772,inner_race,101,20.60584259033203,101
1772,inner_race,102,56.20543670654297,102
1772,inner_race,103,48.923152923583984,103
1772,inner_race,104,58.61647033691406,104
1772,inner_race,105,50.76638412475586,105
1772,inner_race,106,50.16733169555664,106
1772,inner_race,107,53.297019958496094,107
1772,inner_race,108,53.7919921875,108
1772,inner_race,109,56.172447204589844,109
1772,inner_race,110,49.9136962890625,110
1772,inner_race,111,44.33279037475586,111
1772,inner_race,112,51.81833267211914,112
1772,inner_race,113,52.63429641723633,113
1772,inner_race,114,50.15497589111328,114
1772,inner_race,115,49.97709655761719,115
1772,inner_race,116,54.1926155090332,116
1772,inner_race,117,45.37416076660156,117
1772,inner_race,118,47.681556701660156,118
1772,inner_race,119,46.7411994934082,119
1772,inner_race,120,48.066749572753906,120
1772,inner_race,121,53.06118392944336,121
1772,inner_race,122,46.650306701660156,122
1772,inner_race,123,52.5976676940918,123
1772,inner_race,124,49.8498420715332,124
1772,inner_race,125,49.57465362548828,125
1772,inner_race,126,46.81331253051758,126
1772,inner_race,127,48.412357330322266,127
1772,inner_race,128,52.17169952392578,128
1772,inner_race,129,49.933677673339844,129
1772,inner_race,130,47.902626037597656,130
1772,inner_race,131,48.801307678222656,131
1772,inner_race,132,51.1795539855957,132
1772,inner_race,133,53.40198516845703,133
1772,inner_race,134,45.54344177246094,134
1772,inner_race,135,47.157501220703125,135
1772,inner_race,136,58.35451889038086,136
1772,inner_race,137,53.36572265625,137
1772,inner_race,138,53.541316986083984,138
1772,inner_race,139,47.536075592041016,139
1772,inner_race,140,43.61933898925781,140
1772,inner_race,141,47.06070327758789,141
1772,inner_race,142,46.471988677978516,142
1772,inner_race,143,49.05498504638672,143
1772,inner_race,144,53.97265625,144
1772,inner_race,145,44.96049499511719,145
1772,inner_race,146,45.04849624633789,146
1772,inner_race,147,49.529727935791016,147
1772,inner_race,148,52.75700378417969,148
1772,inner_race,149,47.25131607055664,149
1772,inner_race,150,51.65933609008789,150
1772,inner_race,151,54.726951599121094,151
1772,inner_race,152,50.611209869384766,152
1772,inner_race,153,48.04154586791992,153
1772,inner_race,154,51.043663024902344,154
1772,inner_race,155,48.88732147216797,155
1772,inner_race,156,54.81560516357422,156
1772,inner_race,157,55.961517333984375,157
1772,inner_race,158,47.36034393310547,158
1772,inner_race,159,56.611602783203125,159
1772,inner_race,160,49.40296173095703,160
1772,inner_race,161,53.66054153442383,161
1772,inner_race,162,54.770103454589844,162
1772,inner_race,163,50.16386413574219,163
1772,inner_race,164,46.817039489746094,164
1772,inner_race,165,52.898460388183594,165
1772,inner_race,166,49.31657028198242,166
1772,inner_race,167,52.68395233154297,167
1772,inner_race,168,56.44050216674805,168
1772,inner_race,169,45.90266418457031,169
1772,inner_race,170,46.1557731628418,170
1772,inner_race,171,50.282588958740234,171
1772,inner_race,172,48.53857421875,172
1772,inner_race,173,57.24546813964844,173
1772,inner_race,174,48.35549545288086,174
1772,inner_race,175,53.448272705078125,175
1772,inner_race,176,46.31086730957031,176
1772,inner_race,177,62.969688415527344,177
1772,inner_race,178,51.228271484375,178
1772,inner_race,179,52.20991516113281,179
1772,inner_race,180,40.60670471191406,180
1772,inner_race,181,58.958744049072266,181
1772,inner_race,182,44.4640998840332,182
1772,inner_race,183,57.709388732910156,183
1772,inner_race,184,58.116641998291016,184
1772,inner_race,185,56.04217529296875,185
1772,inner_race,186,54.39069747924805,186
1772,inner_race,187,45.199058532714844,187
1772,inner_race,188,58.08979034423828,188
1772,inner_race,189,51.97526931762695,189
1772,inner_race,190,49.72620391845703,190
1772,inner_race,191,57.239166259765625,191
1772,inner_race,192,51.783199310302734,192
1772,inner_race,193,56.64895248413086,193
1772,inner_race,194,46.93367004394531,194
1772,inner_race,195,49.60881423950195,195
1772,inner_race,196,54.43522262573242,196
1772,inner_race,197,55.07203674316406,197
1772,inner_race,198,62.45075988769531,198
1772,inner_race,199,46.99529266357422,199
1772,inner_race,200,52.57836151123047,200
1772,inner_race,201,55.95259094238281,201
1772,inner_race,202,74.27867126464844,202
1772,inner_race,203,190.00025939941406,203
1772,inner_race,204,175.02682495117188,204
1772,inner_race,205,182.4921875,205
1772,inner_race,206,166.00942993164062,206
1772,inner_race,207,189.4229736328125,207
1772,inner_race,208,181.17767333984375,208
1772,inner_race,209,166.5535888671875,209
1772,inner_race,210,166.56637573242188,210
1772,inner_race,211,177.95245361328125,211
1772,inner_race,212,174.096435546875,212
1772,inner_race,213,179.3189697265625,213
1772,inner_race,214,181.59385681152344,214
1772,inner_race,215,202.91390991210938,215
1772,inner_race,216,173.1973876953125,216
1772,inner_race,217,169.51687622070312,217
1772,inner_race,218,172.4696044921875,218
1772,inner_race,219,188.35894775390625,219
1772,inner_race,220,171.65219116210938,220
1772,inner_race,221,180.0341339111328,221
1772,inner_race,222,188.31382751464844,222
1772,inner_race,223,165.7437744140625,223
1772,inner_race,224,185.23875427246094,224
1772,inner_race,225,173.60122680664062,225
1772,inner_race,226,176.92457580566406,226
1772,inner_race,227,159.01010131835938,227
1772,inner_race,228,192.53965759277344,228
1772,inner_race,229,191.70260620117188,229
1772,inner_race,230,182.70028686523438,230
1772,inner_race,231,200.68702697753906,231
1772,inner_race,232,181.9053497314453,232
1772,inner_race,233,182.69317626953125,233
1772,inner_race,234,193.38519287109375,234
1772,inner_race,235,164.67706298828125,235
1772,inner_race,236,185.10731506347656,236
1772,inner_race,237,190.69320678710938,237
1772,inner_race,238,171.8965606689453,238
1772,inner_race,239,210.2387237548828,239
1772,inner_race,240,191.2781219482422,240
1772,inner_race,241,187.69508361816406,241
1772,inner_race,242,179.46482849121094,242
1772,inner_race,243,173.17381286621094,243
1772,inner_race,244,167.00424194335938,244
1772,inner_race,245,179.0093231201172,245
1772,inner_race,246,172.28875732421875,246
1772,inner_race,247,183.4861297607422,247
1772,inner_race,248,184.76828002929688,248
1772,inner_race,249,178.7207794189453,249
1772,inner_race,250,193.99505615234375,250
1772,inner_race,251,189.87892150878906,251
1772,inner_race,252,177.60888671875,252
1772,inner_race,253,170.3097686767578,253
1772,inner_race,254,190.5321044921875,254
1772,inner_race,255,186.5170440673828,255
1772,inner_race,256,190.5579071044922,256
1772,inner_race,257,205.57949829101562,257
1772,inner_race,258,202.0029754638672,258
1772,inner_race,259,196.2987823486328,259
1772,inner_race,260,197.380126953125,260
1772,inner_race,261,177.59066772460938,261
1772,inner_race,262,204.60678100585938,262
1772,inner_race,263,182.85939025878906,263
1772,inner_race,264,194.41384887695312,264
1772,inner_race,265,182.02915954589844,265
1772,inner_race,266,177.50497436523438,266
1772,inner_race,267,186.69903564453125,267
1772,inner_race,268,160.06768798828125,268
1772,inner_race,269,187.46337890625,269
1772,inner_race,270,173.24343872070312,270
1772,inner_race,271,192.8984832763672,271
1772,inner_race,272,177.81857299804688,272
1772,inner_race,273,178.81280517578125,273
1772,inner_race,274,170.56407165527344,274
1772,inner_race,275,181.522216796875,275
1772,inner_race,276,148.09552001953125,276
1772,inner_race,277,198.12307739257812,277
1772,inner_race,278,198.93577575683594,278
1772,inner_race,279,190.11622619628906,279
1772,inner_race,280,184.5288848876953,280
1772,inner_race,281,182.9403076171875,281
1772,inner_race,282,206.89398193359375,282
1772,inner_race,283,163.89849853515625,283
1772,inner_race,284,192.8369598388672,284
1772,inner_race,285,174.90673828125,285
1772,inner_race,286,188.5321807861328,286
1772,inner_race,287,193.865234375,287
1772,inner_race,288,177.46658325195312,288
1772,inner_race,289,189.94786071777344,289
1772,inner_race,290,186.42820739746094,290
1772,inner_race,291,174.82044982910156,291
1772,inner_race,292,170.34788513183594,292
1772,inner_race,293,183.8223419189453,293
1772,inner_race,294,181.3952178955078,294
1772,inner_race,295,183.12184143066406,295
1772,inner_race,296,182.79129028320312,296
1772,inner_race,297,178.10003662109375,297
1772,inner_race,298,216.38807678222656,298
1772,inner_race,299,163.06494140625,299
1772,inner_race,300,175.54083251953125,300
1772,inner_race,301,184.36624145507812,301
1772,inner_race,302,191.50860595703125,302
1772,inner_race,303,190.68980407714844,303
1772,inner_race,304,22.728544235229492,304
1772,inner_race,305,22.331974029541016,305
1772,inner_race,306,22.676542282104492,306
1772,inner_race,307,22.7054500579834,307
1772,inner_race,308,22.795726776123047,308
1772,inner_race,309,22.331928253173828,309
1772,inner_race,310,23.0356388092041,310
1772,inner_race,311,21.87541961669922,311
1772,inner_race,312,22.413406372070312,312
1772,inner_race,313,21.914644241333008,313
1772,inner_race,314,21.617048263549805,314
1772,inner_race,315,22.623554229736328,315
1772,inner_race,316,23.02276611328125,316
1772,inner_race,317,22.485767364501953,317
1772,inner_race,318,21.263633728027344,318
1772,inner_race,319,21.78438949584961,319
1772,inner_race,320,22.110300064086914,320
1772,inner_race,321,21.667789459228516,321
1772,inner_race,322,20.869104385375977,322
1772,inner_race,323,21.495094299316406,323
1772,inner_race,324,22.969038009643555,324
1772,inner_race,325,22.664499282836914,325
1772,inner_race,326,22.67344093322754,326
1772,inner_race,327,22.764820098876953,327
1772,inner_race,328,22.511472702026367,328
1772,inner_race,329,22.32878303527832,329
1772,inner_race,330,23.021514892578125,330
1772,inner_race,331,21.206707000732422,331
1772,inner_race,332,22.765363693237305,332
1772,inner_race,333,22.615802764892578,333
1772,inner_race,334,21.934520721435547,334
1772,inner_race,335,22.52849578857422,335
1772,inner_race,336,22.107561111450195,336
1772,inner_race,337,24.126699447631836,337
1772,inner_race,338,22.479700088500977,338
1772,inner_race,339,21.828102111816406,339
1772,inner_race,340,22.201520919799805,340
1772,inner_race,341,22.315439224243164,341
1772,inner_race,342,21.345861434936523,342
1772,inner_race,343,21.449007034301758,343
1772,inner_race,344,21.52359962463379,344
1772,inner_race,345,22.21660804748535,345
1772,inner_race,346,23.53487205505371,346
1772,inner_race,347,23.353757858276367,347
1772,inner_race,348,21.911602020263672,348
1772,inner_race,349,22.413564682006836,349
1772,inner_race,350,23.144559860229492,350
1772,inner_race,351,22.516157150268555,351
1772,inner_race,352,22.58721923828125,352
1772,inner_race,353,22.04670524597168,353
1772,inner_race,354,22.356605529785156,354
1772,inner_race,355,22.91994857788086,355
1772,inner_race,356,23.8723201751709,356
1772,inner_race,357,22.638843536376953,357
1772,inner_race,358,22.70025634765625,358
1772,inner_race,359,23.319921493530273,359
1772,inner_race,360,23.424413681030273,360
1772,inner_race,361,22.816137313842773,361
1772,inner_race,362,22.62762451171875,362
1772,inner_race,363,23.006153106689453,363
1772,inner_race,364,21.604244232177734,364
1772,inner_race,365,22.644981384277344,365
1772,inner_race,366,22.024869918823242,366
1772,inner_race,367,21.892194747924805,367
1772,inner_race,368,23.222007751464844,368
1772,inner_race,369,22.799381256103516,369
1772,inner_race,370,22.357389450073242,370
1772,inner_race,371,22.875078201293945,371
1772,inner_race,372,22.238346099853516,372
1772,inner_race,373,21.91609001159668,373
1772,inner_race,374,21.91647720336914,374
1772,inner_race,375,21.920989990234375,375
1772,inner_race,376,22.382959365844727,376
1772,inner_race,377,21.87639045715332,377
1772,inner_race,378,23.244586944580078,378
1772,inner_race,379,22.34858512878418,379
1772,inner_race,380,21.947763442993164,380
1772,inner_race,381,22.68513298034668,381
1772,inner_race,382,23.106029510498047,382
1772,inner_race,383,21.849485397338867,383
1772,inner_race,384,22.396217346191406,384
1772,inner_race,385,22.29239273071289,385
1772,inner_race,386,22.641136169433594,386
1772,inner_race,387,22.5322322845459,387
1772,inner_race,388,22.390851974487305,388
1772,inner_race,389,21.835430145263672,389
1772,inner_race,390,23.662094116210938,390
1772,inner_race,391,22.460054397583008,391
1772,inner_race,392,22.38274574279785,392
1772,inner_race,393,23.494508743286133,393
1772,inner_race,394,22.590553283691406,394
1772,inner_race,395,23.43113899230957,395
1772,inner_race,396,23.49509048461914,396
1772,inner_race,397,22.171178817749023,397
1772,inner_race,398,22.55362892150879,398
1772,inner_race,399,22.22417640686035,399
1772,inner_race,400,24.093042373657227,400
1772,inner_race,401,22.7235164642334,401
1772,inner_race,402,23.28216552734375,402
1772,inner_race,403,22.085617065429688,403
1772,inner_race,404,21.891284942626953,404
1772,outer_race,0,30.75080680847168,0
1772,outer_race,1,25.073789596557617,1
1772,outer_race,2,47.9445686340332,2
1772,outer_race,3,31.270912170410156,3
1772,outer_race,4,29.041913986206055,4
1772,outer_race,5,34.5921745300293,5
1772,outer_race,6,28.10408592224121,6
1772,outer_race,7,27.72430419921875,7
1772,outer_race,8,42.71732711791992,8
1772,outer_race,9,41.70058059692383,9
1772,outer_race,10,27.9373836517334,10
1772,outer_race,11,32.50141143798828,11
1772,outer_race,12,29.640947341918945,12
1772,outer_race,13,44.644901275634766,13
1772,outer_race,14,32.699981689453125,14
1772,outer_race,15,29.693782806396484,15
1772,outer_race,16,34.385948181152344,16
1772,outer_race,17,36.931175231933594,17
1772,outer_race,18,44.972023010253906,18
1772,outer_race,19,26.503541946411133,19
1772,outer_race,20,32.387657165527344,20
1772,outer_race,21,27.06671142578125,21
1772,outer_race,22,46.106475830078125,22
1772,outer_race,23,34.60067367553711,23
1772,outer_race,24,22.23178482055664,24
1772,outer_race,25,34.62771224975586,25
1772,outer_race,26,29.933855056762695,26
1772,outer_race,27,28.225250244140625,27
1772,outer_race,28,36.8481330871582,28
1772,outer_race,29,46.5443229675293,29
1772,outer_race,30,22.699607849121094,30
1772,outer_race,31,30.10845375061035,31
1772,outer_race,32,26.402925491333008,32
1772,outer_race,33,35.896793365478516,33
1772,outer_race,34,39.12245559692383,34
1772,outer_race,35,17.352317810058594,35
1772,outer_race,36,32.95280456542969,36
1772,outer_race,37,28.11173439025879,37
1772,outer_race,38,37.15716552734375,38
1772,outer_race,39,29.280195236206055,39
1772,outer_race,40,21.46710968017578,40
1772,outer_race,41,29.74237632751465,41
1772,outer_race,42,41.9271240234375,42
1772,outer_race,43,28.81126594543457,43
1772,outer_race,44,26.037090301513672,44
1772,outer_race,45,26.229341506958008,45
1772,outer_race,46,33.56986618041992,46
1772,outer_race,47,26.65355110168457,47
1772,outer_race,48,36.242530822753906,48
1772,outer_race,49,49.01287841796875,49
1772,outer_race,50,28.9218807220459,50
1772,outer_race,51,26.94879913330078,51
1772,outer_race,52,28.16324234008789,52
1772,outer_race,53,44.9027099609375,53
1772,outer_race,54,36.8529052734375,54
1772,outer_race,55,23.10125732421875,55
1772,outer_race,56,28.629745483398438,56
1772,outer_race,57,35.72461700439453,57
1772,outer_race,58,43.007415771484375,58
1772,outer_race,59,29.495302200317383,59
1772,outer_race,60,29.288164138793945,60
1772,outer_race,61,28.155019760131836,61
1772,outer_race,62,39.39046859741211,62
1772,outer_race,63,45.60984802246094,63
1772,outer_race,64,24.761478424072266,64
1772,outer_race,65,34.840721130371094,65
1772,outer_race,66,27.721773147583008,66
1772,outer_race,67,27.167402267456055,67
1772,outer_race,68,25.79764747619629,68
1772,outer_race,69,49.6362419128418,69
1772,outer_race,70,33.014156341552734,70
1772,outer_race,71,33.92630386352539,71
1772,outer_race,72,26.780803680419922,72
1772,outer_race,73,38.175697326660156,73
1772,outer_race,74,37.45723342895508,74
1772,outer_race,75,24.470720291137695,75
1772,outer_race,76,37.11787796020508,76
1772,outer_race,77,27.063261032104492,77
1772,outer_race,78,44.881744384765625,78
1772,outer_race,79,31.565322875976562,79
1772,outer_race,80,22.63042449951172,80
1772,outer_race,81,32.50815200805664,81
1772,outer_race,82,31.19791030883789,82
1772,outer_race,83,39.64176940917969,83
1772,outer_race,84,21.900711059570312,84
1772,outer_race,85,25.268369674682617,85
1772,outer_race,86,28.303936004638672,86
1772,outer_race,87,31.300500869750977,87
1772,outer_race,88,16.26235580444336,88
1772,outer_race,89,39.76237106323242,89
1772,outer_race,90,34.01784896850586,90
1772,outer_race,91,27.236936569213867,91
1772,outer_race,92,30.2989559173584,92
1772,outer_race,93,38.34794235229492,93
1772,outer_race,94,41.555885314941406,94
1772,outer_race,95,23.21462631225586,95
1772,outer_race,96,29.897415161132812,96
1772,outer_race,97,26.581514358520508,97
1772,outer_race,98,46.22239685058594,98
1772,outer_race,99,35.373477935791016,99
1772,outer_race,100,19.01769256591797,100
1772,outer_race,101,33.111289978027344,101
1772,outer_race,102,15.611943244934082,102
1772,outer_race,103,15.652913093566895,103
1772,outer_race,104,16.49077796936035,104
1772,outer_race,105,15.696702003479004,105
1772,outer_race,106,15.98556137084961,106
1772,outer_race,107,18.679759979248047,107
1772,outer_race,108,15.74316692352295,108
1772,outer_race,109,18.374195098876953,109
1772,outer_race,110,14.979033470153809,110
1772,outer_race,111,15.151047706604004,111
1772,outer_race,112,15.895530700683594,112
1772,outer_race,113,13.177846908569336,113
1772,outer_race,114,16.750335693359375,114
1772,outer_race,115,14.84945297241211,115
1772,outer_race,116,12.760663986206055,116
1772,outer_race,117,17.229040145874023,117
1772,outer_race,118,15.345867156982422,118
1772,outer_race,119,14.661402702331543,119
1772,outer_race,120,13.892623901367188,120
1772,outer_race,121,12.21664810180664,121
1772,outer_race,122,14.373249053955078,122
1772,outer_race,123,15.652811050415039,123
1772,outer_race,124,13.58825397491455,124
1772,outer_race,125,13.690890312194824,125
1772,outer_race,126,10.48271656036377,126
1772,outer_race,127,14.214422225952148,127
1772,outer_race,128,16.41706657409668,128
1772,outer_race,129,10.65860652923584,129
1772,outer_race,130,12.198101997375488,130
1772,outer_race,131,15.766170501708984,131
1772,outer_race,132,13.009064674377441,132
1772,outer_race,133,12.054718017578125,133
1772,outer_race,134,12.878030776977539,134
1772,outer_race,135,14.07608699798584,135
1772,outer_race,136,12.031026840209961,136
1772,outer_race,137,16.697900772094727,137
1772,outer_race,138,12.916634559631348,138
1772,outer_race,139,13.48714542388916,139
1772,outer_race,140,18.12299919128418,140
1772,outer_race,141,13.91167163848877,141
1772,outer_race,142,16.109554290771484,142
1772,outer_race,143,15.025554656982422,143
1772,outer_race,144,13.726481437683105,144
1772,outer_race,145,18.80593490600586,145
1772,outer_race,146,14.06035327911377,146
1772,outer_race,147,19.451431274414062,147
1772,outer_race,148,13.62313175201416,148
1772,outer_race,149,14.624456405639648,149
1772,outer_race,150,15.87743854522705,150
1772,outer_race,151,13.905416488647461,151
1772,outer_race,152,17.65769386291504,152
1772,outer_race,153,12.15251636505127,153
1772,outer_race,154,13.63979434967041,154
1772,outer_race,155,13.235640525817871,155
1772,outer_race,156,14.337699890136719,156
1772,outer_race,157,17.80902099609375,157
1772,outer_race,158,13.255553245544434,158
1772,outer_race,159,12.87890911102295,159
1772,outer_race,160,14.254612922668457,160
1772,outer_race,161,12.793885231018066,161
1772,outer_race,162,13.148176193237305,162
1772,outer_race,163,12.50462532043457,163
1772,outer_race,164,13.746458053588867,164
1772,outer_race,165,9.048332214355469,165
1772,outer_race,166,16.095197677612305,166
1772,outer_race,167,12.453704833984375,167
1772,outer_race,168,10.994937896728516,168
1772,outer_race,169,15.699932098388672,169
1772,outer_race,170,10.891388893127441,170
1772,outer_race,171,13.389256477355957,171
1772,outer_race,172,14.86011028289795,172
1772,outer_race,173,10.286455154418945,173
1772,outer_race,174,12.90719223022461,174
1772,outer_race,175,12.791655540466309,175
1772,outer_race,176,16.07756805419922,176
1772,outer_race,177,16.23868179321289,177
1772,outer_race,178,11.144505500793457,178
1772,outer_race,179,15.887073516845703,179
1772,outer_race,180,13.949435234069824,180
1772,outer_race,181,20.319629669189453,181
1772,outer_race,182,16.68812370300293,182
1772,outer_race,183,15.104750633239746,183
1772,outer_race,184,15.324925422668457,184
1772,outer_race,185,18.474660873413086,185
1772,outer_race,186,18.52156639099121,186
1772,outer_race,187,16.141319274902344,187
1772,outer_race,188,16.901344299316406,188
1772,outer_race,189,15.041386604309082,189
1772,outer_race,190,21.041690826416016,190
1772,outer_race,191,21.8179874420166,191
1772,outer_race,192,19.020198822021484,192
1772,outer_race,193,18.84265899658203,193
1772,outer_race,194,18.55309295654297,194
1772,outer_race,195,19.46413803100586,195
1772,outer_race,196,21.72133445739746,196
1772,outer_race,197,22.619693756103516,197
1772,outer_race,198,21.047258377075195,198
1772,outer_race,199,13.423530578613281,199
1772,outer_race,200,20.68462562561035,200
1772,outer_race,201,20.180891036987305,201
1772,outer_race,202,20.461233139038086,202
1772,outer_race,203,18.71723747253418,203
1772,outer_race,204,20.628366470336914,204
1772,outer_race,205,24.391353607177734,205
1772,outer_race,206,23.113964080810547,206
1772,outer_race,207,23.669626235961914,207
1772,outer_race,208,20.261852264404297,208
1772,outer_race,209,19.835397720336914,209
1772,outer_race,210,22.170522689819336,210
1772,outer_race,211,22.697311401367188,211
1772,outer_race,212,20.67041015625,212
1772,outer_race,213,20.897193908691406,213
1772,outer_race,214,21.866161346435547,214
1772,outer_race,215,24.221698760986328,215
1772,outer_race,216,23.231719970703125,216
1772,outer_race,217,20.93381690979004,217
1772,outer_race,218,19.856552124023438,218
1772,outer_race,219,21.984209060668945,219
1772,outer_race,220,17.523088455200195,220
1772,outer_race,221,20.93153953552246,221
1772,outer_race,222,21.846349716186523,222
1772,outer_race,223,19.665790557861328,223
1772,outer_race,224,19.578458786010742,224
1772,outer_race,225,21.421981811523438,225
1772,outer_race,226,22.432268142700195,226
1772,outer_race,227,21.531288146972656,227
1772,outer_race,228,19.670116424560547,228
1772,outer_race,229,20.590471267700195,229
1772,outer_race,230,19.963314056396484,230
1772,outer_race,231,22.264265060424805,231
1772,outer_race,232,20.950599670410156,232
1772,outer_race,233,18.243507385253906,233
1772,outer_race,234,21.11682891845703,234
1772,outer_race,235,22.757959365844727,235
1772,outer_race,236,22.62361717224121,236
1772,outer_race,237,21.602874755859375,237
1772,outer_race,238,20.801883697509766,238
1772,outer_race,239,21.537479400634766,239
1772,outer_race,240,22.710216522216797,240
1772,outer_race,241,21.142961502075195,241
1772,outer_race,242,23.41327667236328,242
1772,outer_race,243,22.229616165161133,243
1772,outer_race,244,17.757118225097656,244
1772,outer_race,245,22.979839324951172,245
1772,outer_race,246,20.402006149291992,246
1772,outer_race,247,22.55023193359375,247
1772,outer_race,248,20.95812225341797,248
1772,outer_race,249,20.53850555419922,249
1772,outer_race,250,22.059120178222656,250
1772,outer_race,251,23.049196243286133,251
1772,outer_race,252,21.704084396362305,252
1772,outer_race,253,18.844520568847656,253
1772,outer_race,254,21.501399993896484,254
1772,outer_race,255,21.171236038208008,255
1772,outer_race,256,23.16071891784668,256
1772,outer_race,257,21.122573852539062,257
1772,outer_race,258,19.139991760253906,258
1772,outer_race,259,21.647546768188477,259
1772,outer_race,260,20.491172790527344,260
1772,outer_race,261,18.183021545410156,261
1772,outer_race,262,24.125452041625977,262
1772,outer_race,263,21.613075256347656,263
1772,outer_race,264,19.747589111328125,264
1772,outer_race,265,20.449647903442383,265
1772,outer_race,266,20.68890380859375,266
1772,outer_race,267,21.841808319091797,267
1772,outer_race,268,20.83099365234375,268
1772,outer_race,269,18.094690322875977,269
1772,outer_race,270,22.098356246948242,270
1772,outer_race,271,23.52946662902832,271
1772,outer_race,272,22.04595375061035,272
1772,outer_race,273,19.939912796020508,273
1772,outer_race,274,20.167776107788086,274
1772,outer_race,275,21.46585464477539,275
1772,outer_race,276,21.609619140625,276
1772,outer_race,277,20.20949935913086,277
1772,outer_race,278,19.536376953125,278
1772,outer_race,279,20.632850646972656,279
1772,outer_race,280,20.234268188476562,280
1772,outer_race,281,18.406021118164062,281
1772,outer_race,282,22.26129150390625,282
1772,outer_race,283,24.22307014465332,283
1772,outer_race,284,18.99796485900879,284
1772,outer_race,285,19.7508487701416,285
1772,outer_race,286,22.21124267578125,286
1772,outer_race,287,23.753759384155273,287
1772,outer_race,288,22.477964401245117,288
1772,outer_race,289,17.59741973876953,289
1772,outer_race,290,22.039348602294922,290
1772,outer_race,291,22.780107498168945,291
1772,outer_race,292,21.612092971801758,292
1772,outer_race,293,20.5146484375,293
1772,outer_race,294,23.16653060913086,294
1772,outer_race,295,20.081390380859375,295
1772,outer_race,296,21.825647354125977,296
1772,outer_race,297,21.407066345214844,297
1772,outer_race,298,18.31766700744629,298
1772,outer_race,299,19.935163497924805,299
1772,outer_race,300,20.30023765563965,300
1772,outer_race,301,17.744922637939453,301
1772,outer_race,302,19.86577796936035,302
1772,outer_race,303,22.503353118896484,303
1772,outer_race,304,19.409168243408203,304
1772,outer_race,305,149.43673706054688,305
1772,outer_race,306,168.6278839111328,306
1772,outer_race,307,191.89085388183594,307
1772,outer_race,308,186.35328674316406,308
1772,outer_race,309,191.8866729736328,309
1772,outer_race,310,213.32749938964844,310
1772,outer_race,311,175.501220703125,311
1772,outer_race,312,175.1698455810547,312
1772,outer_race,313,184.28846740722656,313
1772,outer_race,314,197.02162170410156,314
1772,outer_race,315,205.2175750732422,315
1772,outer_race,316,180.3260040283203,316
1772,outer_race,317,170.29574584960938,317
1772,outer_race,318,185.2976531982422,318
1772,outer_race,319,186.55633544921875,319
1772,outer_race,320,195.65928649902344,320
1772,outer_race,321,192.77378845214844,321
1772,outer_race,322,182.44012451171875,322
1772,outer_race,323,170.7132568359375,323
1772,outer_race,324,185.30564880371094,324
1772,outer_race,325,191.18621826171875,325
1772,outer_race,326,189.05081176757812,326
1772,outer_race,327,194.30712890625,327
1772,outer_race,328,168.98658752441406,328
1772,outer_race,329,181.69131469726562,329
1772,outer_race,330,188.86111450195312,330
1772,outer_race,331,178.36553955078125,331
1772,outer_race,332,213.70895385742188,332
1772,outer_race,333,171.79104614257812,333
1772,outer_race,334,173.92726135253906,334
1772,outer_race,335,183.8817901611328,335
1772,outer_race,336,197.7343292236328,336
1772,outer_race,337,208.56396484375,337
1772,outer_race,338,184.604248046875,338
1772,outer_race,339,169.48281860351562,339
1772,outer_race,340,184.88491821289062,340
1772,outer_race,341,192.039794921875,341
1772,outer_race,342,193.36306762695312,342
1772,outer_race,343,199.1035614013672,343
1772,outer_race,344,183.22808837890625,344
1772,outer_race,345,173.46275329589844,345
1772,outer_race,346,184.994384765625,346
1772,outer_race,347,204.18104553222656,347
1772,outer_race,348,189.04452514648438,348
1772,outer_race,349,196.41366577148438,349
1772,outer_race,350,175.02557373046875,350
1772,outer_race,351,187.8553466796875,351
1772,outer_race,352,206.22557067871094,352
1772,outer_race,353,185.85552978515625,353
1772,outer_race,354,212.1105194091797,354
1772,outer_race,355,183.85140991210938,355
1772,outer_race,356,174.9296417236328,356
1772,outer_race,357,182.89471435546875,357
1772,outer_race,358,195.51760864257812,358
1772,outer_race,359,205.77529907226562,359
1772,outer_race,360,189.1087188720703,360
1772,outer_race,361,170.84091186523438,361
1772,outer_race,362,182.0235137939453,362
1772,outer_race,363,197.39227294921875,363
1772,outer_race,364,196.51318359375,364
1772,outer_race,365,194.74037170410156,365
1772,outer_race,366,181.83013916015625,366
1772,outer_race,367,173.11427307128906,367
1772,outer_race,368,183.10205078125,368
1772,outer_race,369,201.0402374267578,369
1772,outer_race,370,185.27088928222656,370
1772,outer_race,371,198.60409545898438,371
1772,outer_race,372,176.0185089111328,372
1772,outer_race,373,186.28050231933594,373
1772,outer_race,374,207.02490234375,374
1772,outer_race,375,185.77597045898438,375
1772,outer_race,376,217.61009216308594,376
1772,outer_race,377,178.34898376464844,377
1772,outer_race,378,175.44412231445312,378
1772,outer_race,379,187.54791259765625,379
1772,outer_race,380,194.34840393066406,380
1772,outer_race,381,213.94357299804688,381
1772,outer_race,382,186.73574829101562,382
1772,outer_race,383,168.21275329589844,383
1772,outer_race,384,185.03573608398438,384
1772,outer_race,385,187.36083984375,385
1772,outer_race,386,194.4054412841797,386
1772,outer_race,387,186.51846313476562,387
1772,outer_race,388,172.32969665527344,388
1772,outer_race,389,174.7204132080078,389
1772,outer_race,390,177.89341735839844,390
1772,outer_race,391,202.78939819335938,391
1772,outer_race,392,179.27064514160156,392
1772,outer_race,393,197.19442749023438,393
1772,outer_race,394,173.83982849121094,394
1772,outer_race,395,179.46441650390625,395
1772,outer_race,396,203.0662078857422,396
1772,outer_race,397,175.9720458984375,397
1772,outer_race,398,206.21665954589844,398
1772,outer_race,399,183.31947326660156,399
1772,outer_race,400,178.44509887695312,400
1772,outer_race,401,184.3504638671875,401
1772,outer_race,402,185.91641235351562,402
1772,outer_race,403,203.96705627441406,403
1772,outer_race,404,187.46139526367188,404
1772,outer_race,405,167.00953674316406,405
1772,outer_race,406,165.13658142089844,406
1772,outer_race,407,2.281769275665283,407
1772,outer_race,408,2.3249661922454834,408
1772,outer_race,409,2.418562889099121,409
1772,outer_race,410,2.291656970977783,410
1772,outer_race,411,2.2979800701141357,411
1772,outer_race,412,2.2229268550872803,412
1772,outer_race,413,2.0733275413513184,413
1772,outer_race,414,2.196174383163452,414
1772,outer_race,415,2.1624975204467773,415
1772,outer_race,416,2.5440897941589355,416
1772,outer_race,417,2.5951428413391113,417
1772,outer_race,418,2.253359794616699,418
1772,outer_race,419,2.2541003227233887,419
1772,outer_race,420,2.4387454986572266,420
1772,outer_race,421,2.5475895404815674,421
1772,outer_race,422,2.5933773517608643,422
1772,outer_race,423,2.396662712097168,423
1772,outer_race,424,2.3381905555725098,424
1772,outer_race,425,2.2824547290802,425
1772,outer_race,426,2.450932502746582,426
1772,outer_race,427,2.3904621601104736,427
1772,outer_race,428,2.275676727294922,428
1772,outer_race,429,2.6612918376922607,429
1772,outer_race,430,2.5946648120880127,430
1772,outer_race,431,2.3671886920928955,431
1772,outer_race,432,2.539203405380249,432
1772,outer_race,433,2.3363709449768066,433
1772,outer_race,434,2.5660712718963623,434
1772,outer_race,435,2.3047077655792236,435
1772,outer_race,436,2.21048903465271,436
1772,outer_race,437,2.3248450756073,437
1772,outer_race,438,2.6101620197296143,438
1772,outer_race,439,2.6589250564575195,439
1772,outer_race,440,2.3415780067443848,440
1772,outer_race,441,2.5302083492279053,441
1772,outer_race,442,2.3431644439697266,442
1772,outer_race,443,2.237948417663574,443
1772,outer_race,444,2.4876787662506104,444
1772,outer_race,445,2.373798370361328,445
1772,outer_race,446,2.232635021209717,446
1772,outer_race,447,2.3572866916656494,447
1772,outer_race,448,2.154287099838257,448
1772,outer_race,449,2.070863962173462,449
1772,outer_race,450,2.3065571784973145,450
1772,outer_race,451,2.187851667404175,451
1772,outer_race,452,2.201655864715576,452
1772,outer_race,453,2.3847711086273193,453
1772,outer_race,454,2.3374648094177246,454
1772,outer_race,455,2.860476493835449,455
1772,outer_race,456,2.3896324634552,456
1772,outer_race,457,2.538968801498413,457
1772,outer_race,458,2.6669046878814697,458
1772,outer_race,459,2.5442705154418945,459
1772,outer_race,460,2.7990005016326904,460
1772,outer_race,461,2.3592209815979004,461
1772,outer_race,462,2.424804449081421,462
1772,outer_race,463,2.4936835765838623,463
1772,outer_race,464,2.4873135089874268,464
1772,outer_race,465,2.340883731842041,465
1772,outer_race,466,2.3455216884613037,466
1772,outer_race,467,2.1968774795532227,467
1772,outer_race,468,2.3084115982055664,468
1772,outer_race,469,2.4222397804260254,469
1772,outer_race,470,2.3132846355438232,470
1772,outer_race,471,2.2363271713256836,471
1772,outer_race,472,2.1035537719726562,472
1772,outer_race,473,2.55256724357605,473
1772,outer_race,474,2.3863065242767334,474
1772,outer_race,475,2.570389986038208,475
1772,outer_race,476,2.3537230491638184,476
1772,outer_race,477,2.527789354324341,477
1772,outer_race,478,2.233452796936035,478
1772,outer_race,479,2.3634676933288574,479
1772,outer_race,480,2.4900310039520264,480
1772,outer_race,481,2.2548928260803223,481
1772,outer_race,482,2.6716814041137695,482
1772,outer_race,483,2.260449171066284,483
1772,outer_race,484,2.2367146015167236,484
1772,outer_race,485,2.286679744720459,485
1772,outer_race,486,2.365506649017334,486
1772,outer_race,487,2.1022775173187256,487
1772,outer_race,488,2.2477304935455322,488
1772,outer_race,489,2.1611757278442383,489
1772,outer_race,490,2.817958354949951,490
1772,outer_race,491,2.291726589202881,491
1772,outer_race,492,2.1818130016326904,492
1772,outer_race,493,2.4932453632354736,493
1772,outer_race,494,2.3060379028320312,494
1772,outer_race,495,2.564995527267456,495
1772,outer_race,496,2.5388708114624023,496
1772,outer_race,497,2.1797947883605957,497
1772,outer_race,498,2.5059871673583984,498
1772,outer_race,499,2.4754767417907715,499
1772,outer_race,500,2.3211300373077393,500
1772,outer_race,501,2.3632736206054688,501
1772,outer_race,502,2.3392367362976074,502
1772,outer_race,503,2.339024305343628,503
1772,outer_race,504,2.4912474155426025,504
1772,outer_race,505,2.0967469215393066,505
1772,outer_race,506,2.6252520084381104,506
1772,outer_race,507,2.4613327980041504,507
1772,outer_race,508,24.863367080688477,508
1772,outer_race,509,66.62879943847656,509
1772,outer_race,510,60.58768081665039,510
1772,outer_race,511,64.47602081298828,511
1772,outer_race,512,55.11440658569336,512
1772,outer_race,513,48.226009368896484,513
1772,outer_race,514,84.98863220214844,514
1772,outer_race,515,93.32975769042969,515
1772,outer_race,516,49.038761138916016,516
1772,outer_race,517,84.83007049560547,517
1772,outer_race,518,102.80622100830078,518
1772,outer_race,519,87.46067810058594,519
1772,outer_race,520,84.50080108642578,520
1772,outer_race,521,64.00704193115234,521
1772,outer_race,522,92.72044372558594,522
1772,outer_race,523,89.9626235961914,523
1772,outer_race,524,60.09827423095703,524
1772,outer_race,525,58.804298400878906,525
1772,outer_race,526,63.582252502441406,526
1772,outer_race,527,70.3246841430664,527
1772,outer_race,528,67.77900695800781,528
1772,outer_race,529,85.47209930419922,529
1772,outer_race,530,76.2708511352539,530
1772,outer_race,531,82.68614959716797,531
1772,outer_race,532,72.47688293457031,532
1772,outer_race,533,72.58866882324219,533
1772,outer_race,534,63.97708511352539,534
1772,outer_race,535,95.6047134399414,535
1772,outer_race,536,65.81780242919922,536
1772,outer_race,537,73.70610809326172,537
1772,outer_race,538,99.65772247314453,538
1772,outer_race,539,75.21819305419922,539
1772,outer_race,540,98.9051284790039,540
1772,outer_race,541,73.60911560058594,541
1772,outer_race,542,98.79743194580078,542
1772,outer_race,543,94.4094009399414,543
1772,outer_race,544,116.04747772216797,544
1772,outer_race,545,94.87191772460938,545
1772,outer_race,546,82.87400817871094,546
1772,outer_race,547,116.71006774902344,547
1772,outer_race,548,63.37841796875,548
1772,outer_race,549,70.80703735351562,549
1772,outer_race,550,88.75275421142578,550
1772,outer_race,551,64.17896270751953,551
1772,outer_race,552,94.58008575439453,552
1772,outer_race,553,107.15469360351562,553
1772,outer_race,554,67.7783432006836,554
1772,outer_race,555,88.95909881591797,555
1772,outer_race,556,73.61471557617188,556
1772,outer_race,557,90.2642593383789,557
1772,outer_race,558,69.6104507446289,558
1772,outer_race,559,135.76365661621094,559
1772,outer_race,560,82.80088806152344,560
1772,outer_race,561,81.94367218017578,561
1772,outer_race,562,63.145755767822266,562
1772,outer_race,563,65.8070297241211,563
1772,outer_race,564,72.20820617675781,564
1772,outer_race,565,79.82805633544922,565
1772,outer_race,566,74.2572250366211,566
1772,outer_race,567,68.01332092285156,567
1772,outer_race,568,85.28565216064453,568
1772,outer_race,569,64.97747039794922,569
1772,outer_race,570,58.92375183105469,570
1772,outer_race,571,84.29209899902344,571
1772,outer_race,572,59.3099479675293,572
1772,outer_race,573,80.36661529541016,573
1772,outer_race,574,54.79769515991211,574
1772,outer_race,575,79.92890930175781,575
1772,outer_race,576,59.503360748291016,576
1772,outer_race,577,63.02027893066406,577
1772,outer_race,578,91.32182312011719,578
1772,outer_race,579,105.14344787597656,579
1772,outer_race,580,107.41693878173828,580
1772,outer_race,581,78.11441040039062,581
1772,outer_race,582,136.9828643798828,582
1772,outer_race,583,97.22637939453125,583
1772,outer_race,584,112.32093811035156,584
1772,outer_race,585,105.74542999267578,585
1772,outer_race,586,84.24644470214844,586
1772,outer_race,587,117.84635162353516,587
1772,outer_race,588,117.95487213134766,588
1772,outer_race,589,112.34231567382812,589
1772,outer_race,590,85.407958984375,590
1772,outer_race,591,120.38239288330078,591
1772,outer_race,592,120.26641845703125,592
1772,outer_race,593,105.42224884033203,593
1772,outer_race,594,66.9320068359375,594
1772,outer_race,595,80.80562591552734,595
1772,outer_race,596,106.0808334350586,596
1772,outer_race,597,58.801822662353516,597
1772,outer_race,598,84.40123748779297,598
1772,outer_race,599,101.18617248535156,599
1772,outer_race,600,71.89588165283203,600
1772,outer_race,601,55.62626266479492,601
1772,outer_race,602,102.22872161865234,602
1772,outer_race,603,60.02032470703125,603
1772,outer_race,604,70.75579071044922,604
1772,outer_race,605,74.05726623535156,605
1772,outer_race,606,65.48480224609375,606
1772,outer_race,607,71.78053283691406,607
1772,outer_race,608,70.18569946289062,608
1772,outer_race,609,105.46650695800781,609
1772,outer_race,610,83.0019302368164,610
1772,outer_race,611,92.93294525146484,611
1772,outer_race,612,83.63428497314453,612
1772,outer_race,613,110.10436248779297,613
1772,outer_race,614,100.47703552246094,614
1772,outer_race,615,90.43645477294922,615
1772,outer_race,616,88.2884750366211,616
1772,outer_race,617,88.44416809082031,617
1772,outer_race,618,95.02197265625,618
1772,outer_race,619,97.97637939453125,619
1772,outer_race,620,93.93170928955078,620
1772,outer_race,621,92.2239990234375,621
1772,outer_race,622,86.06432342529297,622
1772,outer_race,623,83.8149185180664,623
1772,outer_race,624,104.42948913574219,624
1772,outer_race,625,90.93081665039062,625
1772,outer_race,626,80.4922103881836,626
1772,outer_race,627,91.89860534667969,627
1772,outer_race,628,83.56044006347656,628
1772,outer_race,629,99.76567840576172,629
1772,outer_race,630,96.3520278930664,630
1772,outer_race,631,87.46253204345703,631
1772,outer_race,632,90.20682525634766,632
1772,outer_race,633,83.87525177001953,633
1772,outer_race,634,91.75914001464844,634
1772,outer_race,635,97.49385070800781,635
1772,outer_race,636,95.32553100585938,636
1772,outer_race,637,81.81163787841797,637
1772,outer_race,638,85.94181060791016,638
1772,outer_race,639,91.17504119873047,639
1772,outer_race,640,91.67091369628906,640
1772,outer_race,641,103.86907196044922,641
1772,outer_race,642,86.49846649169922,642
1772,outer_race,643,87.83807373046875,643
1772,outer_race,644,82.96595001220703,644
1772,outer_race,645,91.046630859375,645
1772,outer_race,646,105.17638397216797,646
1772,outer_race,647,79.4293212890625,647
1772,outer_race,648,89.2323226928711,648
1772,outer_race,649,87.8067398071289,649
1772,outer_race,650,86.29053497314453,650
1772,outer_race,651,103.0484619140625,651
1772,outer_race,652,91.01073455810547,652
1772,outer_race,653,88.68498992919922,653
1772,outer_race,654,87.37433624267578,654
1772,outer_race,655,86.17625427246094,655
1772,outer_race,656,101.7021713256836,656
1772,outer_race,657,97.41293334960938,657
1772,outer_race,658,90.91352844238281,658
1772,outer_race,659,89.55355834960938,659
1772,outer_race,660,87.3862075805664,660
1772,outer_race,661,86.33079528808594,661
1772,outer_race,662,98.62715148925781,662
1772,outer_race,663,100.63194274902344,663
1772,outer_race,664,89.86219024658203,664
1772,outer_race,665,81.2823715209961,665
1772,outer_race,666,88.94499206542969,666
1772,outer_race,667,102.5567855834961,667
1772,outer_race,668,92.70598602294922,668
1772,outer_race,669,84.14324951171875,669
1772,outer_race,670,92.99771118164062,670
1772,outer_race,671,90.51217651367188,671
1772,outer_race,672,91.4186019897461,672
1772,outer_race,673,95.70990753173828,673
1772,outer_race,674,92.80547332763672,674
1772,outer_race,675,90.69224548339844,675
1772,outer_race,676,90.3720474243164,676
1772,outer_race,677,87.73230743408203,677
1772,outer_race,678,97.21198272705078,678
1772,outer_race,679,98.32451629638672,679
1772,outer_race,680,87.61479187011719,680
1772,outer_race,681,95.45552062988281,681
1772,outer_race,682,86.40518951416016,682
1772,outer_race,683,100.53057098388672,683
1772,outer_race,684,96.61766815185547,684
1772,outer_race,685,93.63292694091797,685
1772,outer_race,686,90.28204345703125,686
1772,outer_race,687,88.92565155029297,687
1772,outer_race,688,92.36416625976562,688
1772,outer_race,689,94.9637451171875,689
1772,outer_race,690,90.35928344726562,690
1772,outer_race,691,89.41837310791016,691
1772,outer_race,692,91.03587341308594,692
1772,outer_race,693,83.03971099853516,693
1772,outer_race,694,94.09575653076172,694
1772,outer_race,695,94.8432846069336,695
1772,outer_race,696,85.17941284179688,696
1772,outer_race,697,94.98729705810547,697
1772,outer_race,698,88.44412994384766,698
1772,outer_race,699,87.01730346679688,699
1772,outer_race,700,97.22127532958984,700
1772,outer_race,701,87.26273345947266,701
1772,outer_race,702,96.58838653564453,702
1772,outer_race,703,84.1461410522461,703
1772,outer_race,704,87.83222961425781,704
1772,outer_race,705,96.5417709350586,705
1772,outer_race,706,89.1628646850586,706
1772,outer_race,707,95.92425537109375,707
1772,outer_race,708,88.78070831298828,708
1772,outer_race,709,90.69790649414062,709
1772,outer_race,710,91.04972076416016,710
1772,outer_race,711,87.662353515625,711
1797,healthy,0,1.106286883354187,0
1797,healthy,1,1.0590406656265259,1
1797,healthy,2,1.3913556337356567,2
1797,healthy,3,1.0376324653625488,3
1797,healthy,4,1.0779447555541992,4
1797,healthy,5,1.087517261505127,5
1797,healthy,6,1.005504846572876,6
1797,healthy,7,1.1107933521270752,7
1797,healthy,8,0.9945451021194458,8
1797,healthy,9,1.031968355178833,9
1797,healthy,10,1.0362579822540283,10
1797,healthy,11,1.0552514791488647,11
1797,healthy,12,1.305020809173584,12
1797,healthy,13,0.8635661005973816,13
1797,healthy,14,1.0992683172225952,14
1797,healthy,15,1.1317050457000732,15
1797,healthy,16,1.0761992931365967,16
1797,healthy,17,1.1762900352478027,17
1797,healthy,18,0.9644527435302734,18
1797,healthy,19,1.027272343635559,19
1797,healthy,20,1.0545005798339844,20
1797,healthy,21,0.9855335354804993,21
1797,healthy,22,1.3581048250198364,22
1797,healthy,23,1.2509562969207764,23
1797,healthy,24,0.8383107781410217,24
1797,healthy,25,0.946506142616272,25
1797,healthy,26,1.174724817276001,26
1797,healthy,27,1.0498461723327637,27
1797,healthy,28,0.9715636968612671,28
1797,healthy,29,0.9225170612335205,29
1797,healthy,30,0.9385471343994141,30
1797,healthy,31,0.9868113994598389,31
1797,healthy,32,1.0224964618682861,32
1797,healthy,33,1.0543837547302246,33
1797,healthy,34,0.9326684474945068,34
1797,healthy,35,1.156582236289978,35
1797,healthy,36,0.8714733719825745,36
1797,healthy,37,1.044864535331726,37
1797,healthy,38,1.0029175281524658,38
1797,healthy,39,1.0628653764724731,39
1797,healthy,40,1.1055537462234497,40
1797,healthy,41,0.9952784180641174,41
1797,healthy,42,0.9737992286682129,42
1797,healthy,43,0.879523515701294,43
1797,healthy,44,1.0064853429794312,44
1797,healthy,45,1.0093716382980347,45
1797,healthy,46,0.949633002281189,46
1797,healthy,47,1.0026837587356567,47
1797,healthy,48,1.0003334283828735,48
1797,healthy,49,0.971218466758728,49
1797,healthy,50,1.043948769569397,50
1797,healthy,51,0.9601528644561768,51
1797,healthy,52,0.8434800505638123,52
1797,healthy,53,0.894668698310852,53
1797,healthy,54,1.0918769836425781,54
1797,healthy,55,1.2669843435287476,55
1797,healthy,56,0.9312735795974731,56
1797,healthy,57,0.8241026997566223,57
1797,healthy,58,1.1705152988433838,58
1797,healthy,59,1.0373378992080688,59
1797,healthy,60,0.9926794171333313,60
1797,healthy,61,0.8677241802215576,61
1797,healthy,62,0.8866629004478455,62
1797,healthy,63,0.9944830536842346,63
1797,healthy,64,0.9257068037986755,64
1797,healthy,65,0.8867167234420776,65
1797,healthy,66,0.973209023475647,66
1797,healthy,67,1.075669527053833,67
1797,healthy,68,0.9348328709602356,68
1797,healthy,69,1.0923916101455688,69
1797,healthy,70,0.9660978317260742,70
1797,healthy,71,0.9650021195411682,71
1797,healthy,72,1.0358155965805054,72
1797,healthy,73,1.1985292434692383,73
1797,healthy,74,0.8527454137802124,74
1797,healthy,75,1.1475253105163574,75
1797,healthy,76,1.126616358757019,76
1797,healthy,77,1.0875078439712524,77
1797,healthy,78,1.250006079673767,78
1797,healthy,79,1.0670197010040283,79
1797,healthy,80,1.112884283065796,80
1797,healthy,81,0.9470900297164917,81
1797,healthy,82,1.066290020942688,82
1797,healthy,83,0.9686922430992126,83
1797,healthy,84,0.8627036809921265,84
1797,healthy,85,0.9133294820785522,85
1797,healthy,86,0.8541406393051147,86
1797,healthy,87,1.0753839015960693,87
1797,healthy,88,0.8843192458152771,88
1797,healthy,89,0.7928266525268555,89
1797,healthy,90,1.026598334312439,90
1797,healthy,91,1.090604305267334,91
1797,healthy,92,1.1129834651947021,92
1797,healthy,93,0.8488419055938721,93
1797,healthy,94,0.838276207447052,94
1797,healthy,95,1.1403937339782715,95
1797,healthy,96,0.957754909992218,96
1797,healthy,97,1.0908960103988647,97
1797,healthy,98,1.0315971374511719,98
1797,healthy,99,1.167365312576294,99
1797,healthy,100,1.1310569047927856,100
1797,healthy,101,0.9154984354972839,101
1797,healthy,102,1.1404671669006348,102
1797,healthy,103,0.9463258981704712,103
1797,healthy,104,1.0944875478744507,104
1797,healthy,105,1.2416611909866333,105
1797,healthy,106,0.989044189453125,106
1797,healthy,107,0.968794047832489,107
1797,healthy,108,1.2322155237197876,108
1797,healthy,109,1.0611543655395508,109
1797,healthy,110,1.0120211839675903,110
1797,healthy,111,1.149714708328247,111
1797,healthy,112,1.0088233947753906,112
1797,healthy,113,1.0247371196746826,113
1797,healthy,114,0.931521475315094,114
1797,healthy,115,1.0236234664916992,115
1797,healthy,116,1.0343797206878662,116
1797,healthy,117,1.1018847227096558,117
1797,healthy,118,1.083888053894043,118
1797,healthy,119,1.0275230407714844,119
1797,healthy,120,1.3452165126800537,120
1797,healthy,121,0.9362568259239197,121
1797,healthy,122,1.1178051233291626,122
1797,healthy,123,1.0634138584136963,123
1797,healthy,124,1.0172924995422363,124
1797,healthy,125,1.1194461584091187,125
1797,healthy,126,0.9706036448478699,126
1797,healthy,127,0.95734041929245,127
1797,healthy,128,1.0518848896026611,128
1797,healthy,129,1.0312491655349731,129
1797,healthy,130,1.0866379737854004,130
1797,healthy,131,1.145524263381958,131
1797,healthy,132,1.0547910928726196,132
1797,healthy,133,1.0278810262680054,133
1797,healthy,134,1.0453561544418335,134
1797,healthy,135,1.036841869354248,135
1797,healthy,136,0.9504510760307312,136
1797,healthy,137,1.1430736780166626,137
1797,healthy,138,1.2737271785736084,138
1797,healthy,139,0.9088259935379028,139
1797,healthy,140,1.0870873928070068,140
1797,healthy,141,1.0539581775665283,141
1797,healthy,142,0.9791670441627502,142
1797,healthy,143,1.3277052640914917,143
1797,healthy,144,0.9667811989784241,144
1797,healthy,145,1.0871199369430542,145
1797,healthy,146,0.9762735962867737,146
1797,healthy,147,1.0124808549880981,147
1797,healthy,148,1.1570770740509033,148
1797,healthy,149,1.1039862632751465,149
1797,healthy,150,0.895389199256897,150
1797,healthy,151,1.1035479307174683,151
1797,healthy,152,1.2221431732177734,152
1797,healthy,153,1.185219168663025,153
1797,healthy,154,1.1064238548278809,154
1797,healthy,155,1.2666940689086914,155
1797,healthy,156,1.0011265277862549,156
1797,healthy,157,0.9798195362091064,157
1797,healthy,158,1.0889534950256348,158
1797,healthy,159,1.1554051637649536,159
1797,healthy,160,1.001529335975647,160
1797,healthy,161,1.1136301755905151,161
1797,healthy,162,1.0169804096221924,162
1797,healthy,163,0.9330095648765564,163
1797,healthy,164,0.9714585542678833,164
1797,healthy,165,1.187836766242981,165
1797,healthy,166,1.2733995914459229,166
1797,healthy,167,1.0029339790344238,167
1797,healthy,168,1.0014400482177734,168
1797,healthy,169,0.9947011470794678,169
1797,healthy,170,0.9928475022315979,170
1797,healthy,171,1.122300624847412,171
1797,healthy,172,1.085208773612976,172
1797,healthy,173,0.9920753836631775,173
1797,healthy,174,0.98876953125,174
1797,healthy,175,1.1225435733795166,175
1797,healthy,176,1.0329258441925049,176
1797,healthy,177,0.9364949464797974,177
1797,healthy,178,0.9043245315551758,178
1797,healthy,179,0.9631620049476624,179
1797,healthy,180,0.8977685570716858,180
1797,healthy,181,1.04598867893219,181
1797,healthy,182,0.9620047211647034,182
1797,healthy,183,0.8371390700340271,183
1797,healthy,184,1.1016433238983154,184
1797,healthy,185,0.960183322429657,185
1797,healthy,186,0.9991597533226013,186
1797,healthy,187,1.04043447971344,187
1797,healthy,188,0.9673799872398376,188
1797,healthy,189,0.8623341917991638,189
1797,healthy,190,0.9579820036888123,190
1797,healthy,191,1.210477352142334,191
1797,healthy,192,0.7926533818244934,192
1797,healthy,193,0.8856431841850281,193
1797,healthy,194,1.1040356159210205,194
1797,healthy,195,0.9390185475349426,195
1797,healthy,196,0.9862284064292908,196
1797,healthy,197,0.9398220777511597,197
1797,healthy,198,1.0136868953704834,198
1797,healthy,199,0.9280943870544434,199
1797,healthy,200,0.995417058467865,200
1797,healthy,201,1.0630298852920532,201
1797,healthy,202,1.023571491241455,202
1797,ball,0,5.891605377197266,0
1797,ball,1,2.67930006980896,1
1797,ball,2,2.9942758083343506,2
1797,ball,3,16.790327072143555,3
1797,ball,4,11.613213539123535,4
1797,ball,5,12.36727237701416,5
1797,ball,6,6.099033832550049,6
1797,ball,7,7.2391486167907715,7
1797,ball,8,14.005911827087402,8
1797,ball,9,3.0822768211364746,9
1797,ball,10,2.097566843032837,10
1797,ball,11,8.451394081115723,11
1797,ball,12,11.062243461608887,12
1797,ball,13,7.452578067779541,13
1797,ball,14,23.47412872314453,14
1797,ball,15,5.450183868408203,15
1797,ball,16,10.435103416442871,16
1797,ball,17,5.86051082611084,17
1797,ball,18,15.23794937133789,18
1797,ball,19,16.098718643188477,19
1797,ball,20,7.353034496307373,20
1797,ball,21,10.336705207824707,21
1797,ball,22,3.133023262023926,22
1797,ball,23,7.5586018562316895,23
1797,ball,24,5.107233047485352,24
1797,ball,25,5.593583106994629,25
1797,ball,26,5.166238784790039,26
1797,ball,27,8.133258819580078,27
1797,ball,28,5.0075812339782715,28
1797,ball,29,5.3231329917907715,29
1797,ball,30,7.918206214904785,30
1797,ball,31,1.9370062351226807,31
1797,ball,32,1.634790062904358,32
1797,ball,33,2.5363759994506836,33
1797,ball,34,2.6603052616119385,34
1797,ball,35,2.3472201824188232,35
1797,ball,36,13.00578784942627,36
1797,ball,37,3.7991788387298584,37
1797,ball,38,3.532113552093506,38
1797,ball,39,5.386265754699707,39
1797,ball,40,14.498238563537598,40
1797,ball,41,3.3439109325408936,41
1797,ball,42,2.031546115875244,42
1797,ball,43,1.6016418933868408,43
1797,ball,44,1.8919799327850342,44
1797,ball,45,2.8674075603485107,45
1797,ball,46,2.7795209884643555,46
1797,ball,47,2.2522435188293457,47
1797,ball,48,2.3603515625,48
1797,ball,49,1.6033083200454712,49
1797,ball,50,2.753877878189087,50
1797,ball,51,2.3954436779022217,51
1797,ball,52,2.9941468238830566,52
1797,ball,53,2.0026285648345947,53
1797,ball,54,2.179619073867798,54
1797,ball,55,1.8653639554977417,55
1797,ball,56,1.6629539728164673,56
1797,ball,57,3.23221492767334,57
1797,ball,58,4.83328914642334,58
1797,ball,59,2.1328365802764893,59
1797,ball,60,2.521406650543213,60
1797,ball,61,1.9319233894348145,61
1797,ball,62,2.563871383666992,62
1797,ball,63,1.9303560256958008,63
1797,ball,64,2.1713502407073975,64
1797,ball,65,2.0994255542755127,65
1797,ball,66,4.207287788391113,66
1797,ball,67,1.9239856004714966,67
1797,ball,68,2.022195339202881,68
1797,ball,69,2.1069929599761963,69
1797,ball,70,2.3863790035247803,70
1797,ball,71,8.690566062927246,71
1797,ball,72,8.77540397644043,72
1797,ball,73,15.720576286315918,73
1797,ball,74,7.097083568572998,74
1797,ball,75,10.951915740966797,75
1797,ball,76,7.780914783477783,76
1797,ball,77,3.7440905570983887,77
1797,ball,78,2.883695125579834,78
1797,ball,79,3.788748025894165,79
1797,ball,80,7.174931526184082,80
1797,ball,81,7.765873908996582,81
1797,ball,82,9.40114688873291,82
1797,ball,83,9.38768482208252,83
1797,ball,84,11.075332641601562,84
1797,ball,85,13.439871788024902,85
1797,ball,86,16.913150787353516,86
1797,ball,87,4.881293773651123,87
1797,ball,88,4.018328666687012,88
1797,ball,89,4.2112908363342285,89
1797,ball,90,6.740839004516602,90
1797,ball,91,4.498133182525635,91
1797,ball,92,18.67609405517578,92
1797,ball,93,6.833636283874512,93
1797,ball,94,12.003639221191406,94
1797,ball,95,14.398909568786621,95
1797,ball,96,5.067699432373047,96
1797,ball,97,6.478780269622803,97
1797,ball,98,4.803359508514404,98
1797,ball,99,3.0794360637664795,99
1797,ball,100,2.5209527015686035,100
1797,ball,101,3.465700387954712,101
1797,ball,102,3.481212854385376,102
1797,ball,103,3.371432304382324,103
1797,ball,104,3.353494882583618,104
1797,ball,105,3.6202611923217773,105
1797,ball,106,3.847958564758301,106
1797,ball,107,3.6701879501342773,107
1797,ball,108,3.4333674907684326,108
1797,ball,109,3.3777589797973633,109
1797,ball,110,3.467867374420166,110
1797,ball,111,3.500047206878662,111
1797,ball,112,3.4852328300476074,112
1797,ball,113,3.947509765625,113
1797,ball,114,3.836069345474243,114
1797,ball,115,3.643824577331543,115
1797,ball,116,4.381556987762451,116
1797,ball,117,3.577099561691284,117
1797,ball,118,4.099502086639404,118
1797,ball,119,3.8689374923706055,119
1797,ball,120,3.394106149673462,120
1797,ball,121,3.4072554111480713,121
1797,ball,122,3.8897159099578857,122
1797,ball,123,4.116849899291992,123
1797,ball,124,3.9394524097442627,124
1797,ball,125,3.8121817111968994,125
1797,ball,126,4.183866500854492,126
1797,ball,127,5.573516845703125,127
1797,ball,128,4.233126640319824,128
1797,ball,129,3.7483577728271484,129
1797,ball,130,3.684208869934082,130
1797,ball,131,3.8175625801086426,131
1797,ball,132,4.053262233734131,132
1797,ball,133,5.130314350128174,133
1797,ball,134,5.931619167327881,134
1797,ball,135,5.679991245269775,135
1797,ball,136,4.150519371032715,136
1797,ball,137,3.5427181720733643,137
1797,ball,138,3.472181797027588,138
1797,ball,139,3.5039172172546387,139
1797,ball,140,3.6928019523620605,140
1797,ball,141,4.023697376251221,141
1797,ball,142,15.266746520996094,142
1797,ball,143,19.538658142089844,143
1797,ball,144,4.4724321365356445,144
1797,ball,145,3.586435079574585,145
1797,ball,146,3.491403341293335,146
1797,ball,147,3.3427252769470215,147
1797,ball,148,3.2311739921569824,148
1797,ball,149,3.471083879470825,149
1797,ball,150,3.876473903656006,150
1797,ball,151,9.347054481506348,151
1797,ball,152,15.223369598388672,152
1797,ball,153,3.6048202514648438,153
1797,ball,154,3.6271512508392334,154
1797,ball,155,3.6909122467041016,155
1797,ball,156,3.741725206375122,156
1797,ball,157,3.532179832458496,157
1797,ball,158,3.522015333175659,158
1797,ball,159,3.807520866394043,159
1797,ball,160,4.974898338317871,160
1797,ball,161,3.5206425189971924,161
1797,ball,162,3.444943428039551,162
1797,ball,163,3.9052422046661377,163
1797,ball,164,3.3709025382995605,164
1797,ball,165,3.727206230163574,165
1797,ball,166,3.802570104598999,166
1797,ball,167,7.361941814422607,167
1797,ball,168,22.659465789794922,168
1797,ball,169,21.069791793823242,169
1797,ball,170,5.158555507659912,170
1797,ball,171,3.729567766189575,171
1797,ball,172,3.578662157058716,172
1797,ball,173,3.9830338954925537,173
1797,ball,174,3.6340389251708984,174
1797,ball,175,3.7541165351867676,175
1797,ball,176,5.388291835784912,176
1797,ball,177,12.404518127441406,177
1797,ball,178,9.423110961914062,178
1797,ball,179,4.061525821685791,179
1797,ball,180,3.4364075660705566,180
1797,ball,181,3.6006712913513184,181
1797,ball,182,3.754340887069702,182
1797,ball,183,3.3001644611358643,183
1797,ball,184,3.9409008026123047,184
1797,ball,185,3.709399461746216,185
1797,ball,186,3.5427112579345703,186
1797,ball,187,3.7595508098602295,187
1797,ball,188,3.447350263595581,188
1797,ball,189,4.120551586151123,189
1797,ball,190,3.8399860858917236,190
1797,ball,191,3.618673086166382,191
1797,ball,192,3.645108938217163,192
1797,ball,193,3.412052631378174,193
1797,ball,194,3.8090388774871826,194
1797,ball,195,3.5322213172912598,195
1797,ball,196,3.487813711166382,196
1797,ball,197,3.2313525676727295,197
1797,ball,198,3.795262098312378,198
1797,ball,199,3.4715373516082764,199
1797,ball,200,3.6228764057159424,200
1797,ball,201,3.825364589691162,201
1797,ball,202,3.265244960784912,202
1797,ball,203,686.71533203125,203
1797,ball,204,1058.69580078125,204
1797,ball,205,1340.402099609375,205
1797,ball,206,1021.6165771484375,206
1797,ball,207,1159.2880859375,207
1797,ball,208,1117.6439208984375,208
1797,ball,209,1106.3310546875,209
1797,ball,210,1135.52392578125,210
1797,ball,211,1224.6571044921875,211
1797,ball,212,1262.228759765625,212
1797,ball,213,1072.8416748046875,213
1797,ball,214,936.7349243164062,214
1797,ball,215,1165.62255859375,215
1797,ball,216,964.816650390625,216
1797,ball,217,1246.3035888671875,217
1797,ball,218,1330.14453125,218
1797,ball,219,958.5653076171875,219
1797,ball,220,1001.850830078125,220
1797,ball,221,849.912841796875,221
1797,ball,222,933.9970703125,222
1797,ball,223,1496.5482177734375,223
1797,ball,224,932.675537109375,224
1797,ball,225,1179.3446044921875,225
1797,ball,226,1239.879638671875,226
1797,ball,227,1016.9891967773438,227
1797,ball,228,1245.352294921875,228
1797,ball,229,1168.0081787109375,229
1797,ball,230,1104.8817138671875,230
1797,ball,231,1001.221435546875,231
1797,ball,232,1203.571533203125,232
1797,ball,233,1016.1568603515625,233
1797,ball,234,967.1903076171875,234
1797,ball,235,1012.5829467773438,235
1797,ball,236,1182.3448486328125,236
1797,ball,237,1040.8642578125,237
1797,ball,238,1301.73046875,238
1797,ball,239,1147.3807373046875,239
1797,ball,240,834.7139282226562,240
1797,ball,241,656.6880493164062,241
1797,ball,242,1290.281494140625,242
1797,ball,243,1177.0401611328125,243
1797,ball,244,783.08056640625,244
1797,ball,245,776.2807006835938,245
1797,ball,246,1286.0760498046875,246
1797,ball,247,927.837890625,247
1797,ball,248,1231.8309326171875,248
1797,ball,249,1210.216064453125,249
1797,ball,250,1046.44091796875,250
1797,ball,251,994.155517578125,251
1797,ball,252,1148.8966064453125,252
1797,ball,253,882.949462890625,253
1797,ball,254,1328.5020751953125,254
1797,ball,255,958.17626953125,255
1797,ball,256,1036.0421142578125,256
1797,ball,257,1226.116455078125,257
1797,ball,258,1324.468505859375,258
1797,ball,259,1376.512939453125,259
1797,ball,260,1245.9852294921875,260
1797,ball,261,954.392578125,261
1797,ball,262,1285.02880859375,262
1797,ball,263,1160.8909912109375,263
1797,ball,264,959.2132568359375,264
1797,ball,265,887.081787109375,265
1797,ball,266,1228.333740234375,266
1797,ball,267,1377.2113037109375,267
1797,ball,268,1157.3204345703125,268
1797,ball,269,1294.907958984375,269
1797,ball,270,680.3915405273438,270
1797,ball,271,1083.944580078125,271
1797,ball,272,1165.4749755859375,272
1797,ball,273,1010.3529052734375,273
1797,ball,274,1170.9256591796875,274
1797,ball,275,1103.088623046875,275
1797,ball,276,1157.178955078125,276
1797,ball,277,1369.250732421875,277
1797,ball,278,1350.4639892578125,278
1797,ball,279,1523.87890625,279
1797,ball,280,673.020263671875,280
1797,ball,281,1280.17919921875,281
1797,ball,282,1239.3653564453125,282
1797,ball,283,799.5057983398438,283
1797,ball,284,1264.8128662109375,284
1797,ball,285,1507.854248046875,285
1797,ball,286,1013.872802734375,286
1797,ball,287,1338.731689453125,287
1797,ball,288,1198.30517578125,288
1797,ball,289,1497.0662841796875,289
1797,ball,290,935.9428100585938,290
1797,ball,291,1207.3406982421875,291
1797,ball,292,1172.571044921875,292
1797,ball,293,929.663330078125,293
1797,ball,294,1230.028076171875,294
1797,ball,295,1405.9862060546875,295
1797,ball,296,1129.9154052734375,296
1797,ball,297,1175.78955078125,297
1797,ball,298,1365.27880859375,298
1797,ball,299,1294.6806640625,299
1797,ball,300,896.8756103515625,300
1797,ball,301,1160.7127685546875,301
1797,ball,302,1133.0628662109375,302
1797,ball,303,987.2314453125,303
1797,ball,304,4.642834663391113,304
1797,ball,305,5.276962757110596,305
1797,ball,306,4.637526035308838,306
1797,ball,307,4.455356121063232,307
1797,ball,308,5.0094122886657715,308
1797,ball,309,5.468263149261475,309
1797,ball,310,4.245587348937988,310
1797,ball,311,5.688135623931885,311
1797,ball,312,5.339768409729004,312
1797,ball,313,5.152791976928711,313
1797,ball,314,5.6186981201171875,314
1797,ball,315,4.898190021514893,315
1797,ball,316,5.024811267852783,316
1797,ball,317,4.6262898445129395,317
1797,ball,318,4.140287399291992,318
1797,ball,319,4.879316806793213,319
1797,ball,320,5.091136932373047,320
1797,ball,321,4.740187168121338,321
1797,ball,322,4.722918510437012,322
1797,ball,323,5.511586666107178,323
1797,ball,324,4.985439300537109,324
1797,ball,325,4.573879241943359,325
1797,ball,326,6.505167484283447,326
1797,ball,327,4.819311618804932,327
1797,ball,328,5.279029369354248,328
1797,ball,329,5.113309383392334,329
1797,ball,330,4.882329940795898,330
1797,ball,331,5.6470489501953125,331
1797,ball,332,4.902065753936768,332
1797,ball,333,4.727321147918701,333
1797,ball,334,5.408934116363525,334
1797,ball,335,5.041388511657715,335
1797,ball,336,4.901022911071777,336
1797,ball,337,4.7423505783081055,337
1797,ball,338,5.079643726348877,338
1797,ball,339,5.647999286651611,339
1797,ball,340,5.0525431632995605,340
1797,ball,341,5.080644607543945,341
1797,ball,342,5.0292067527771,342
1797,ball,343,4.915253162384033,343
1797,ball,344,4.274670600891113,344
1797,ball,345,5.3471903800964355,345
1797,ball,346,4.749343395233154,346
1797,ball,347,4.843413829803467,347
1797,ball,348,5.267743110656738,348
1797,ball,349,4.941776752471924,349
1797,ball,350,5.707116603851318,350
1797,ball,351,5.142220497131348,351
1797,ball,352,4.611142635345459,352
1797,ball,353,5.368859767913818,353
1797,ball,354,4.778614044189453,354
1797,ball,355,5.157077312469482,355
1797,ball,356,4.313222885131836,356
1797,ball,357,4.676573753356934,357
1797,ball,358,5.422755718231201,358
1797,ball,359,4.0448527336120605,359
1797,ball,360,5.468992710113525,360
1797,ball,361,3.9672248363494873,361
1797,ball,362,5.32047176361084,362
1797,ball,363,5.3713507652282715,363
1797,ball,364,4.166398048400879,364
1797,ball,365,5.2588114738464355,365
1797,ball,366,4.382411956787109,366
1797,ball,367,5.185539722442627,367
1797,ball,368,6.131934642791748,368
1797,ball,369,4.893457412719727,369
1797,ball,370,4.94061803817749,370
1797,ball,371,4.512682914733887,371
1797,ball,372,5.511354923248291,372
1797,ball,373,5.011041641235352,373
1797,ball,374,4.770864963531494,374
1797,ball,375,5.52201509475708,375
1797,ball,376,5.463140487670898,376
1797,ball,377,4.94577169418335,377
1797,ball,378,5.3270368576049805,378
1797,ball,379,4.782227993011475,379
1797,ball,380,5.075404167175293,380
1797,ball,381,5.986485004425049,381
1797,ball,382,4.7487874031066895,382
1797,ball,383,5.6074748039245605,383
1797,ball,384,4.280571937561035,384
1797,ball,385,5.151907920837402,385
1797,ball,386,5.291086196899414,386
1797,ball,387,5.485266208648682,387
1797,ball,388,5.156956195831299,388
1797,ball,389,4.851358413696289,389
1797,ball,390,5.8450164794921875,390
1797,ball,391,6.344542980194092,391
1797,ball,392,5.860907554626465,392
1797,ball,393,5.782845973968506,393
1797,ball,394,5.32847785949707,394
1797,ball,395,5.7252888679504395,395
1797,ball,396,4.625904083251953,396
1797,ball,397,5.052089214324951,397
1797,ball,398,5.5890607833862305,398
1797,ball,399,4.405580043792725,399
1797,ball,400,5.001620292663574,400
1797,ball,401,5.587157249450684,401
1797,ball,402,5.261268138885498,402
1797,ball,403,5.879270076751709,403
1797,ball,404,5.952497959136963,404
1797,ball,405,5.224639415740967,405
1797,inner_race,0,10.22346019744873,0
1797,inner_race,1,10.775206565856934,1
1797,inner_race,2,13.059706687927246,2
1797,inner_race,3,10.418076515197754,3
1797,inner_race,4,10.697980880737305,4
1797,inner_race,5,10.828171730041504,5
1797,inner_race,6,12.196011543273926,6
1797,inner_race,7,10.427498817443848,7
1797,inner_race,8,8.67171859741211,8
1797,inner_race,9,10.758888244628906,9
1797,inner_race,10,11.252213478088379,10
1797,inner_race,11,9.17198657989502,11
1797,inner_race,12,8.613022804260254,12
1797,inner_race,13,9.039137840270996,13
1797,inner_race,14,10.035112380981445,14
1797,inner_race,15,10.233484268188477,15
1797,inner_race,16,7.693670272827148,16
1797,inner_race,17,9.32387924194336,17
1797,inner_race,18,9.773258209228516,18
1797,inner_race,19,8.647799491882324,19
1797,inner_race,20,9.223923683166504,20
1797,inner_race,21,8.56234073638916,21
1797,inner_race,22,11.3605375289917,22
1797,inner_race,23,10.577859878540039,23
1797,inner_race,24,7.827665328979492,24
1797,inner_race,25,9.219839096069336,25
1797,inner_race,26,10.77188491821289,26
1797,inner_race,27,11.686424255371094,27
1797,inner_race,28,8.4160737991333,28
1797,inner_race,29,10.481544494628906,29
1797,inner_race,30,11.411980628967285,30
1797,inner_race,31,12.23580265045166,31
1797,inner_race,32,9.8719482421875,32
1797,inner_race,33,10.404132843017578,33
1797,inner_race,34,12.519417762756348,34
1797,inner_race,35,12.056211471557617,35
1797,inner_race,36,9.120708465576172,36
1797,inner_race,37,10.523656845092773,37
1797,inner_race,38,10.579964637756348,38
1797,inner_race,39,12.863001823425293,39
1797,inner_race,40,10.144353866577148,40
1797,inner_race,41,9.420498847961426,41
1797,inner_race,42,10.921804428100586,42
1797,inner_race,43,11.153733253479004,43
1797,inner_race,44,10.200407028198242,44
1797,inner_race,45,9.840225219726562,45
1797,inner_race,46,10.346076011657715,46
1797,inner_race,47,11.721251487731934,47
1797,inner_race,48,10.553043365478516,48
1797,inner_race,49,8.299449920654297,49
1797,inner_race,50,10.518050193786621,50
1797,inner_race,51,11.126375198364258,51
1797,inner_race,52,8.649848937988281,52
1797,inner_race,53,8.926605224609375,53
1797,inner_race,54,8.834550857543945,54
1797,inner_race,55,9.96297550201416,55
1797,inner_race,56,9.991933822631836,56
1797,inner_race,57,7.3531575202941895,57
1797,inner_race,58,9.293020248413086,58
1797,inner_race,59,10.203474998474121,59
1797,inner_race,60,9.05459976196289,60
1797,inner_race,61,7.646036624908447,61
1797,inner_race,62,8.291720390319824,62
1797,inner_race,63,9.627571105957031,63
1797,inner_race,64,9.58748722076416,64
1797,inner_race,65,7.650597095489502,65
1797,inner_race,66,9.26329231262207,66
1797,inner_race,67,10.132415771484375,67
1797,inner_race,68,10.811603546142578,68
1797,inner_race,69,8.501106262207031,69
1797,inner_race,70,9.783425331115723,70
1797,inner_race,71,11.161538124084473,71
1797,inner_race,72,11.814600944519043,72
1797,inner_race,73,10.348210334777832,73
1797,inner_race,74,9.929652214050293,74
1797,inner_race,75,11.250812530517578,75
1797,inner_race,76,11.616064071655273,76
1797,inner_race,77,9.845808982849121,77
1797,inner_race,78,9.366171836853027,78
1797,inner_race,79,10.402125358581543,79
1797,inner_race,80,10.834453582763672,80
1797,inner_race,81,9.774247169494629,81
1797,inner_race,82,8.512487411499023,82
1797,inner_race,83,8.973468780517578,83
1797,inner_race,84,11.560710906982422,84
1797,inner_race,85,9.530797004699707,85
1797,inner_race,86,8.627636909484863,86
1797,inner_race,87,9.407197952270508,87
1797,inner_race,88,11.030255317687988,88
1797,inner_race,89,11.998473167419434,89
1797,inner_race,90,9.099390983581543,90
1797,inner_race,91,8.5423002243042,91
1797,inner_race,92,10.401811599731445,92
1797,inner_race,93,12.296982765197754,93
1797,inner_race,94,9.475597381591797,94
1797,inner_race,95,9.065213203430176,95
1797,inner_race,96,8.915563583374023,96
1797,inner_race,97,11.375579833984375,97
1797,inner_race,98,10.730571746826172,98
1797,inner_race,99,10.050792694091797,99
1797,inner_race,100,7.272813320159912,100
1797,inner_race,101,46.0833740234375,101
1797,inner_race,102,69.6911849975586,102
1797,inner_race,103,72.0883560180664,103
1797,inner_race,104,74.30874633789062,104
1797,inner_race,105,63.5861930847168,105
1797,inner_race,106,71.33192443847656,106
1797,inner_race,107,67.82665252685547,107
1797,inner_race,108,73.46192169189453,108
1797,inner_race,109,66.51119995117188,109
1797,inner_race,110,75.24798583984375,110
1797,inner_race,111,64.78296661376953,111
1797,inner_race,112,63.19778823852539,112
1797,inner_race,113,60.25910186767578,113
1797,inner_race,114,73.632568359375,114
1797,inner_race,115,62.972076416015625,115
1797,inner_race,116,68.89237976074219,116
1797,inner_race,117,68.92308807373047,117
1797,inner_race,118,63.934661865234375,118
1797,inner_race,119,73.67462158203125,119
1797,inner_race,120,58.515769958496094,120
1797,inner_race,121,74.2890396118164,121
1797,inner_race,122,60.919090270996094,122
1797,inner_race,123,67.97579193115234,123
1797,inner_race,124,77.5135269165039,124
1797,inner_race,125,63.48892593383789,125
1797,inner_race,126,73.68468475341797,126
1797,inner_race,127,63.24676513671875,127
1797,inner_race,128,65.39213562011719,128
1797,inner_race,129,74.678466796875,129
1797,inner_race,130,68.10584259033203,130
1797,inner_race,131,74.67192840576172,131
1797,inner_race,132,66.10114288330078,132
1797,inner_race,133,73.0091552734375,133
1797,inner_race,134,72.49046325683594,134
1797,inner_race,135,84.0359115600586,135
1797,inner_race,136,77.19281005859375,136
1797,inner_race,137,66.76216125488281,137
1797,inner_race,138,74.92979431152344,138
1797,inner_race,139,81.33318328857422,139
1797,inner_race,140,84.40689086914062,140
1797,inner_race,141,76.39839935302734,141
1797,inner_race,142,69.18265533447266,142
1797,inner_race,143,77.10930633544922,143
1797,inner_race,144,79.11282348632812,144
1797,inner_race,145,78.20445251464844,145
1797,inner_race,146,86.92677307128906,146
1797,inner_race,147,66.72557067871094,147
1797,inner_race,148,75.30142974853516,148
1797,inner_race,149,85.13096618652344,149
1797,inner_race,150,75.46790313720703,150
1797,inner_race,151,79.7468490600586,151
1797,inner_race,152,70.87271118164062,152
1797,inner_race,153,74.27900695800781,153
1797,inner_race,154,69.3578109741211,154
1797,inner_race,155,71.3939208984375,155
1797,inner_race,156,74.17931365966797,156
1797,inner_race,157,67.18793487548828,157
1797,inner_race,158,64.44734191894531,158
1797,inner_race,159,70.64832305908203,159
1797,inner_race,160,71.90296936035156,160
1797,inner_race,161,74.941650390625,161
1797,inner_race,162,72.463623046875,162
1797,inner_race,163,71.66089630126953,163
1797,inner_race,164,65.71215057373047,164
1797,inner_race,165,64.85247802734375,165
1797,inner_race,166,78.38935852050781,166
1797,inner_race,167,76.26183319091797,167
1797,inner_race,168,73.89613342285156,168
1797,inner_race,169,82.5991439819336,169
1797,inner_race,170,64.97270965576172,170
1797,inner_race,171,82.30218505859375,171
1797,inner_race,172,79.94351196289062,172
1797,inner_race,173,74.47722625732422,173
1797,inner_race,174,79.54822540283203,174
1797,inner_race,175,79.8062515258789,175
1797,inner_race,176,82.08873748779297,176
1797,inner_race,177,74.44532012939453,177
1797,inner_race,178,80.01573181152344,178
1797,inner_race,179,66.30693817138672,179
1797,inner_race,180,67.84900665283203,180
1797,inner_race,181,72.40007781982422,181
1797,inner_race,182,72.2983169555664,182
1797,inner_race,183,77.23577117919922,183
1797,inner_race,184,76.66717529296875,184
1797,inner_race,185,69.05229187011719,185
1797,inner_race,186,77.99455261230469,186
1797,inner_race,187,65.59603118896484,187
1797,inner_race,188,68.61970520019531,188
1797,inner_race,189,77.29056549072266,189
1797,inner_race,190,70.99735260009766,190
1797,inner_race,191,70.28692626953125,191
1797,inner_race,192,66.47442626953125,192
1797,inner_race,193,70.67778778076172,193
1797,inner_race,194,72.18541717529297,194
1797,inner_race,195,68.49990844726562,195
1797,inner_race,196,72.27143859863281,196
1797,inner_race,197,59.56439971923828,197
1797,inner_race,198,66.87528991699219,198
1797,inner_race,199,70.19395446777344,199
1797,inner_race,200,78.44115447998047,200
1797,inner_race,201,72.29867553710938,201
1797,inner_race,202,70.0251235961914,202
1797,inner_race,203,148.7506866455078,203
1797,inner_race,204,189.56674194335938,204
1797,inner_race,205,175.9098663330078,205
1797,inner_race,206,203.00582885742188,206
1797,inner_race,207,185.1942138671875,207
1797,inner_race,208,205.71934509277344,208
1797,inner_race,209,180.1858367919922,209
1797,inner_race,210,177.22442626953125,210
1797,inner_race,211,205.65072631835938,211
1797,inner_race,212,178.003662109375,212
1797,inner_race,213,176.83419799804688,213
1797,inner_race,214,181.53109741210938,214
1797,inner_race,215,187.95046997070312,215
1797,inner_race,216,191.40296936035156,216
1797,inner_race,217,185.93984985351562,217
1797,inner_race,218,198.8057098388672,218
1797,inner_race,219,186.102783203125,219
1797,inner_race,220,174.009765625,220
1797,inner_race,221,179.55052185058594,221
1797,inner_race,222,179.01992797851562,222
1797,inner_race,223,160.39468383789062,223
1797,inner_race,224,193.7170867919922,224
1797,inner_race,225,180.58497619628906,225
1797,inner_race,226,181.76380920410156,226
1797,inner_race,227,202.444091796875,227
1797,inner_race,228,208.3011474609375,228
1797,inner_race,229,183.37786865234375,229
1797,inner_race,230,182.38418579101562,230
1797,inner_race,231,170.69508361816406,231
1797,inner_race,232,193.28680419921875,232
1797,inner_race,233,188.73873901367188,233
1797,inner_race,234,182.95233154296875,234
1797,inner_race,235,200.5802001953125,235
1797,inner_race,236,161.9901580810547,236
1797,inner_race,237,176.26174926757812,237
1797,inner_race,238,174.95895385742188,238
1797,inner_race,239,189.4022216796875,239
1797,inner_race,240,173.36280822753906,240
1797,inner_race,241,172.22207641601562,241
1797,inner_race,242,171.41940307617188,242
1797,inner_race,243,168.65806579589844,243
1797,inner_race,244,172.76983642578125,244
1797,inner_race,245,182.20468139648438,245
1797,inner_race,246,173.42832946777344,246
1797,inner_race,247,191.27651977539062,247
1797,inner_race,248,185.09555053710938,248
1797,inner_race,249,196.49143981933594,249
1797,inner_race,250,179.3539581298828,250
1797,inner_race,251,163.78883361816406,251
1797,inner_race,252,187.5718536376953,252
1797,inner_race,253,177.2987060546875,253
1797,inner_race,254,176.34519958496094,254
1797,inner_race,255,184.35488891601562,255
1797,inner_race,256,184.02011108398438,256
1797,inner_race,257,181.87557983398438,257
1797,inner_race,258,183.26551818847656,258
1797,inner_race,259,180.8133087158203,259
1797,inner_race,260,184.00192260742188,260
1797,inner_race,261,171.85662841796875,261
1797,inner_race,262,172.42201232910156,262
1797,inner_race,263,173.17845153808594,263
1797,inner_race,264,178.62332153320312,264
1797,inner_race,265,188.5323944091797,265
1797,inner_race,266,177.21307373046875,266
1797,inner_race,267,173.13104248046875,267
1797,inner_race,268,165.9419403076172,268
1797,inner_race,269,172.85739135742188,269
1797,inner_race,270,170.17767333984375,270
1797,inner_race,271,183.57664489746094,271
1797,inner_race,272,166.64813232421875,272
1797,inner_race,273,162.63491821289062,273
1797,inner_race,274,165.9542694091797,274
1797,inner_race,275,197.31471252441406,275
1797,inner_race,276,200.51309204101562,276
1797,inner_race,277,219.05734252929688,277
1797,inner_race,278,193.58717346191406,278
1797,inner_race,279,205.67208862304688,279
1797,inner_race,280,173.60079956054688,280
1797,inner_race,281,205.26780700683594,281
1797,inner_race,282,191.34820556640625,282
1797,inner_race,283,169.88233947753906,283
1797,inner_race,284,203.69873046875,284
1797,inner_race,285,177.41970825195312,285
1797,inner_race,286,188.32164001464844,286
1797,inner_race,287,170.0979461669922,287
1797,inner_race,288,198.51185607910156,288
1797,inner_race,289,163.93008422851562,289
1797,inner_race,290,190.548583984375,290
1797,inner_race,291,156.19822692871094,291
1797,inner_race,292,180.65399169921875,292
1797,inner_race,293,186.23939514160156,293
1797,inner_race,294,195.04078674316406,294
1797,inner_race,295,201.5178680419922,295
1797,inner_race,296,200.88291931152344,296
1797,inner_race,297,193.9612579345703,297
1797,inner_race,298,194.59027099609375,298
1797,inner_race,299,174.6967315673828,299
1797,inner_race,300,173.52383422851562,300
1797,inner_race,301,182.40716552734375,301
1797,inner_race,302,182.56813049316406,302
1797,inner_race,303,185.05979919433594,303
1797,inner_race,304,22.2468204498291,304
1797,inner_race,305,21.1207275390625,305
1797,inner_race,306,21.680269241333008,306
1797,inner_race,307,21.33489990234375,307
1797,inner_race,308,21.702953338623047,308
1797,inner_race,309,21.4052677154541,309
1797,inner_race,310,22.037429809570312,310
1797,inner_race,311,23.45172119140625,311
1797,inner_race,312,21.61314582824707,312
1797,inner_race,313,21.538543701171875,313
1797,inner_race,314,20.945817947387695,314
1797,inner_race,315,22.03783416748047,315
1797,inner_race,316,22.592288970947266,316
1797,inner_race,317,21.5373477935791,317
1797,inner_race,318,21.952136993408203,318
1797,inner_race,319,21.813203811645508,319
1797,inner_race,320,22.004745483398438,320
1797,inner_race,321,21.818801879882812,321
1797,inner_race,322,22.34023094177246,322
1797,inner_race,323,22.667808532714844,323
1797,inner_race,324,22.628904342651367,324
1797,inner_race,325,21.537492752075195,325
1797,inner_race,326,22.111740112304688,326
1797,inner_race,327,22.22681999206543,327
1797,inner_race,328,24.511438369750977,328
1797,inner_race,329,23.44373893737793,329
1797,inner_race,330,21.722461700439453,330
1797,inner_race,331,22.562780380249023,331
1797,inner_race,332,22.328126907348633,332
1797,inner_race,333,21.42615509033203,333
1797,inner_race,334,22.676145553588867,334
1797,inner_race,335,22.34535789489746,335
1797,inner_race,336,21.62023162841797,336
1797,inner_race,337,21.75998878479004,337
1797,inner_race,338,22.779932022094727,338
1797,inner_race,339,23.16535186767578,339
1797,inner_race,340,22.052709579467773,340
1797,inner_race,341,21.64876937866211,341
1797,inner_race,342,21.831331253051758,342
1797,inner_race,343,22.49200439453125,343
1797,inner_race,344,23.38791847229004,344
1797,inner_race,345,22.441247940063477,345
1797,inner_race,346,22.618328094482422,346
1797,inner_race,347,22.76885986328125,347
1797,inner_race,348,22.234724044799805,348
1797,inner_race,349,22.248788833618164,349
1797,inner_race,350,20.704816818237305,350
1797,inner_race,351,22.238983154296875,351
1797,inner_race,352,22.06217384338379,352
1797,inner_race,353,21.999483108520508,353
1797,inner_race,354,22.265892028808594,354
1797,inner_race,355,21.736787796020508,355
1797,inner_race,356,22.746809005737305,356
1797,inner_race,357,21.62090492248535,357
1797,inner_race,358,22.46807289123535,358
1797,inner_race,359,22.59756088256836,359
1797,inner_race,360,21.131582260131836,360
1797,inner_race,361,22.63248634338379,361
1797,inner_race,362,22.418577194213867,362
1797,inner_race,363,21.985929489135742,363
1797,inner_race,364,23.01422119140625,364
1797,inner_race,365,21.872407913208008,365
1797,inner_race,366,21.73812484741211,366
1797,inner_race,367,23.22316551208496,367
1797,inner_race,368,24.031354904174805,368
1797,inner_race,369,23.633146286010742,369
1797,inner_race,370,21.858381271362305,370
1797,inner_race,371,21.814664840698242,371
1797,inner_race,372,21.655345916748047,372
1797,inner_race,373,22.968795776367188,373
1797,inner_race,374,22.211875915527344,374
1797,inner_race,375,22.827665328979492,375
1797,inner_race,376,22.568302154541016,376
1797,inner_race,377,22.171058654785156,377
1797,inner_race,378,21.939407348632812,378
1797,inner_race,379,23.0318546295166,379
1797,inner_race,380,21.60888671875,380
1797,inner_race,381,21.581764221191406,381
1797,inner_race,382,22.46170997619629,382
1797,inner_race,383,22.56850242614746,383
1797,inner_race,384,21.559947967529297,384
1797,inner_race,385,23.10372543334961,385
1797,inner_race,386,22.595653533935547,386
1797,inner_race,387,21.692184448242188,387
1797,inner_race,388,21.43073844909668,388
1797,inner_race,389,23.636518478393555,389
1797,inner_race,390,20.923866271972656,390
1797,inner_race,391,21.115129470825195,391
1797,inner_race,392,20.981367111206055,392
1797,inner_race,393,22.17913818359375,393
1797,inner_race,394,23.852930068969727,394
1797,inner_race,395,22.181598663330078,395
1797,inner_race,396,22.416240692138672,396
1797,inner_race,397,22.160768508911133,397
1797,inner_race,398,21.27089500427246,398
1797,inner_race,399,23.829387664794922,399
1797,inner_race,400,22.50923728942871,400
1797,inner_race,401,22.23212242126465,401
1797,inner_race,402,22.318296432495117,402
1797,inner_race,403,21.50537109375,403
1797,inner_race,404,23.387361526489258,404
1797,outer_race,0,55.67640686035156,0
1797,outer_race,1,36.96965026855469,1
1797,outer_race,2,44.4333381652832,2
1797,outer_race,3,38.05253982543945,3
1797,outer_race,4,55.57278823852539,4
1797,outer_race,5,45.42105484008789,5
1797,outer_race,6,31.36559295654297,6
1797,outer_race,7,38.843502044677734,7
1797,outer_race,8,38.35131072998047,8
1797,outer_race,9,61.488677978515625,9
1797,outer_race,10,35.54959487915039,10
1797,outer_race,11,39.32649230957031,11
1797,outer_race,12,38.41929244995117,12
1797,outer_race,13,52.87698745727539,13
1797,outer_race,14,54.015743255615234,14
1797,outer_race,15,26.46896743774414,15
1797,outer_race,16,46.8070068359375,16
1797,outer_race,17,30.617067337036133,17
1797,outer_race,18,58.33488464355469,18
1797,outer_race,19,39.25349426269531,19
1797,outer_race,20,32.77057647705078,20
1797,outer_race,21,40.23689270019531,21
1797,outer_race,22,41.32353591918945,22
1797,outer_race,23,54.1092529296875,23
1797,outer_race,24,31.82554054260254,24
1797,outer_race,25,39.12276077270508,25
1797,outer_race,26,36.7154655456543,26
1797,outer_race,27,50.831626892089844,27
1797,outer_race,28,44.90794372558594,28
1797,outer_race,29,26.382715225219727,29
1797,outer_race,30,37.4366569519043,30
1797,outer_race,31,30.584678649902344,31
1797,outer_race,32,50.04445266723633,32
1797,outer_race,33,38.612545013427734,33
1797,outer_race,34,22.941049575805664,34
1797,outer_race,35,38.58915328979492,35
1797,outer_race,36,37.37145233154297,36
1797,outer_race,37,46.311241149902344,37
1797,outer_race,38,32.28512954711914,38
1797,outer_race,39,27.809606552124023,39
1797,outer_race,40,28.182008743286133,40
1797,outer_race,41,41.2851448059082,41
1797,outer_race,42,37.26124954223633,42
1797,outer_race,43,21.128400802612305,43
1797,outer_race,44,36.49955749511719,44
1797,outer_race,45,32.57052230834961,45
1797,outer_race,46,44.48033142089844,46
1797,outer_race,47,32.52505874633789,47
1797,outer_race,48,26.896154403686523,48
1797,outer_race,49,37.814666748046875,49
1797,outer_race,50,41.57359313964844,50
1797,outer_race,51,52.502845764160156,51
1797,outer_race,52,31.849397659301758,52
1797,outer_race,53,32.92452621459961,53
1797,outer_race,54,34.48758316040039,54
1797,outer_race,55,52.852394104003906,55
1797,outer_race,56,46.363285064697266,56
1797,outer_race,57,28.07598876953125,57
1797,outer_race,58,41.449134826660156,58
1797,outer_race,59,34.82067108154297,59
1797,outer_race,60,48.71888732910156,60
1797,outer_race,61,37.17204284667969,61
1797,outer_race,62,38.575950622558594,62
1797,outer_race,63,39.545963287353516,63
1797,outer_race,64,49.11458206176758,64
1797,outer_race,65,49.040748596191406,65
1797,outer_race,66,35.523048400878906,66
1797,outer_race,67,41.94767761230469,67
1797,outer_race,68,39.62331008911133,68
1797,outer_race,69,53.33346176147461,69
1797,outer_race,70,43.80641174316406,70
1797,outer_race,71,31.15943717956543,71
1797,outer_race,72,42.02228546142578,72
1797,outer_race,73,39.19017791748047,73
1797,outer_race,74,62.03548812866211,74
1797,outer_race,75,35.53048324584961,75
1797,outer_race,76,41.552101135253906,76
1797,outer_race,77,35.77919387817383,77
1797,outer_race,78,50.577396392822266,78
1797,outer_race,79,53.34508514404297,79
1797,outer_race,80,26.866044998168945,80
1797,outer_race,81,33.62899398803711,81
1797,outer_race,82,24.520105361938477,82
1797,outer_race,83,53.410343170166016,83
1797,outer_race,84,36.05583190917969,84
1797,outer_race,85,27.87856101989746,85
1797,outer_race,86,33.356422424316406,86
1797,outer_race,87,35.004940032958984,87
1797,outer_race,88,51.33457565307617,88
1797,outer_race,89,27.708675384521484,89
1797,outer_race,90,30.743955612182617,90
1797,outer_race,91,27.280467987060547,91
1797,outer_race,92,37.15531539916992,92
1797,outer_race,93,44.983184814453125,93
1797,outer_race,94,17.876890182495117,94
1797,outer_race,95,39.5208740234375,95
1797,outer_race,96,22.125585556030273,96
1797,outer_race,97,46.52553939819336,97
1797,outer_race,98,41.245750427246094,98
1797,outer_race,99,24.284875869750977,99
1797,outer_race,100,38.45927047729492,100
1797,outer_race,101,27.707151412963867,101
1797,outer_race,102,13.320303916931152,102
1797,outer_race,103,13.72937297821045,103
1797,outer_race,104,16.254215240478516,104
1797,outer_race,105,16.166210174560547,105
1797,outer_race,106,13.14115047454834,106
1797,outer_race,107,11.39787769317627,107
1797,outer_race,108,12.320364952087402,108
1797,outer_race,109,13.95569133758545,109
1797,outer_race,110,16.67828941345215,110
1797,outer_race,111,11.353347778320312,111
1797,outer_race,112,11.506754875183105,112
1797,outer_race,113,14.72623348236084,113
1797,outer_race,114,11.52145004272461,114
1797,outer_race,115,17.17601776123047,115
1797,outer_race,116,13.160117149353027,116
1797,outer_race,117,12.87306022644043,117
1797,outer_race,118,15.562949180603027,118
1797,outer_race,119,10.666706085205078,119
1797,outer_race,120,18.870756149291992,120
1797,outer_race,121,13.327885627746582,121
1797,outer_race,122,14.986827850341797,122
1797,outer_race,123,15.80941390991211,123
1797,outer_race,124,12.268762588500977,124
1797,outer_race,125,20.0836124420166,125
1797,outer_race,126,17.513765335083008,126
1797,outer_race,127,16.173677444458008,127
1797,outer_race,128,17.072145462036133,128
1797,outer_race,129,17.697500228881836,129
1797,outer_race,130,18.50871467590332,130
1797,outer_race,131,17.86562728881836,131
1797,outer_race,132,16.760644912719727,132
1797,outer_race,133,15.09130859375,133
1797,outer_race,134,17.46552085876465,134
1797,outer_race,135,16.968488693237305,135
1797,outer_race,136,16.45669174194336,136
1797,outer_race,137,14.219371795654297,137
1797,outer_race,138,12.556095123291016,138
1797,outer_race,139,17.61762046813965,139
1797,outer_race,140,13.491750717163086,140
1797,outer_race,141,14.383176803588867,141
1797,outer_race,142,17.121944427490234,142
1797,outer_race,143,11.170856475830078,143
1797,outer_race,144,14.706911087036133,144
1797,outer_race,145,13.044597625732422,145
1797,outer_race,146,13.53059196472168,146
1797,outer_race,147,11.434274673461914,147
1797,outer_race,148,10.442652702331543,148
1797,outer_race,149,16.754270553588867,149
1797,outer_race,150,12.700922966003418,150
1797,outer_race,151,11.856941223144531,151
1797,outer_race,152,14.113242149353027,152
1797,outer_race,153,10.87723159790039,153
1797,outer_race,154,13.932050704956055,154
1797,outer_race,155,14.3336820602417,155
1797,outer_race,156,13.95950698852539,156
1797,outer_race,157,12.458772659301758,157
1797,outer_race,158,11.55379581451416,158
1797,outer_race,159,16.99839210510254,159
1797,outer_race,160,11.723210334777832,160
1797,outer_race,161,16.453725814819336,161
1797,outer_race,162,15.455191612243652,162
1797,outer_race,163,10.986300468444824,163
1797,outer_race,164,17.71790313720703,164
1797,outer_race,165,13.662083625793457,165
1797,outer_race,166,19.000022888183594,166
1797,outer_race,167,15.305655479431152,167
1797,outer_race,168,14.184005737304688,168
1797,outer_race,169,17.41843032836914,169
1797,outer_race,170,16.5025577545166,170
1797,outer_race,171,22.55746078491211,171
1797,outer_race,172,13.972213745117188,172
1797,outer_race,173,16.383195877075195,173
1797,outer_race,174,17.262887954711914,174
1797,outer_race,175,17.926084518432617,175
1797,outer_race,176,19.054250717163086,176
1797,outer_race,177,12.888197898864746,177
1797,outer_race,178,17.099124908447266,178
1797,outer_race,179,14.84317684173584,179
1797,outer_race,180,16.439014434814453,180
1797,outer_race,181,15.194999694824219,181
1797,outer_race,182,13.540413856506348,182
1797,outer_race,183,17.64605712890625,183
1797,outer_race,184,13.182642936706543,184
1797,outer_race,185,13.471312522888184,185
1797,outer_race,186,15.312923431396484,186
1797,outer_race,187,11.521048545837402,187
1797,outer_race,188,16.594697952270508,188
1797,outer_race,189,12.330832481384277,189
1797,outer_race,190,10.58348274230957,190
1797,outer_race,191,16.06886100769043,191
1797,outer_race,192,11.37015438079834,192
1797,outer_race,193,12.43530559539795,193
1797,outer_race,194,12.2454195022583,194
1797,outer_race,195,13.387962341308594,195
1797,outer_race,196,14.36739730834961,196
1797,outer_race,197,12.832537651062012,197
1797,outer_race,198,13.639713287353516,198
1797,outer_race,199,8.790715217590332,199
1797,outer_race,200,15.306866645812988,200
1797,outer_race,201,17.36579132080078,201
1797,outer_race,202,15.958986282348633,202
1797,outer_race,203,23.49358558654785,203
1797,outer_race,204,23.994094848632812,204
1797,outer_race,205,26.193069458007812,205
1797,outer_race,206,25.920936584472656,206
1797,outer_race,207,24.715375900268555,207
1797,outer_race,208,25.97254180908203,208
1797,outer_race,209,27.080947875976562,209
1797,outer_race,210,24.72356414794922,210
1797,outer_race,211,24.632164001464844,211
1797,outer_race,212,25.146636962890625,212
1797,outer_race,213,27.377593994140625,213
1797,outer_race,214,27.130779266357422,214
1797,outer_race,215,26.414234161376953,215
1797,outer_race,216,25.102622985839844,216
1797,outer_race,217,24.988176345825195,217
1797,outer_race,218,27.49700164794922,218
1797,outer_race,219,27.758941650390625,219
1797,outer_race,220,24.737655639648438,220
1797,outer_race,221,25.250152587890625,221
1797,outer_race,222,25.01426887512207,222
1797,outer_race,223,28.492460250854492,223
1797,outer_race,224,24.63348960876465,224
1797,outer_race,225,25.818655014038086,225
1797,outer_race,226,24.406585693359375,226
1797,outer_race,227,26.726722717285156,227
1797,outer_race,228,29.36540412902832,228
1797,outer_race,229,25.83240509033203,229
1797,outer_race,230,23.613222122192383,230
1797,outer_race,231,24.79319953918457,231
1797,outer_race,232,26.89234733581543,232
1797,outer_race,233,25.783493041992188,233
1797,outer_race,234,25.309682846069336,234
1797,outer_race,235,26.40130615234375,235
1797,outer_race,236,26.07219123840332,236
1797,outer_race,237,28.042009353637695,237
1797,outer_race,238,24.948606491088867,238
1797,outer_race,239,27.09430694580078,239
1797,outer_race,240,23.900283813476562,240
1797,outer_race,241,29.578664779663086,241
1797,outer_race,242,28.493192672729492,242
1797,outer_race,243,26.573997497558594,243
1797,outer_race,244,26.80328369140625,244
1797,outer_race,245,24.52792739868164,245
1797,outer_race,246,29.53376579284668,246
1797,outer_race,247,23.705442428588867,247
1797,outer_race,248,27.7354679107666,248
1797,outer_race,249,28.69987678527832,249
1797,outer_race,250,26.034086227416992,250
1797,outer_race,251,24.224088668823242,251
1797,outer_race,252,24.090723037719727,252
1797,outer_race,253,26.698942184448242,253
1797,outer_race,254,25.910524368286133,254
1797,outer_race,255,27.125699996948242,255
1797,outer_race,256,21.44331169128418,256
1797,outer_race,257,28.987346649169922,257
1797,outer_race,258,25.729320526123047,258
1797,outer_race,259,26.095571517944336,259
1797,outer_race,260,22.95672607421875,260
1797,outer_race,261,26.090267181396484,261
1797,outer_race,262,27.640966415405273,262
1797,outer_race,263,25.227190017700195,263
1797,outer_race,264,21.702001571655273,264
1797,outer_race,265,26.876585006713867,265
1797,outer_race,266,29.392650604248047,266
1797,outer_race,267,27.645902633666992,267
1797,outer_race,268,23.703990936279297,268
1797,outer_race,269,24.005008697509766,269
1797,outer_race,270,26.74462890625,270
1797,outer_race,271,26.660484313964844,271
1797,outer_race,272,25.088375091552734,272
1797,outer_race,273,21.94618797302246,273
1797,outer_race,274,25.503538131713867,274
1797,outer_race,275,29.375022888183594,275
1797,outer_race,276,26.117755889892578,276
1797,outer_race,277,22.98577880859375,277
1797,outer_race,278,24.692607879638672,278
1797,outer_race,279,25.91267204284668,279
1797,outer_race,280,27.108808517456055,280
1797,outer_race,281,24.423118591308594,281
1797,outer_race,282,24.41045570373535,282
1797,outer_race,283,25.323749542236328,283
1797,outer_race,284,31.933902740478516,284
1797,outer_race,285,27.115009307861328,285
1797,outer_race,286,25.366455078125,286
1797,outer_race,287,25.185510635375977,287
1797,outer_race,288,27.744478225708008,288
1797,outer_race,289,30.589479446411133,289
1797,outer_race,290,27.046585083007812,290
1797,outer_race,291,23.676036834716797,291
1797,outer_race,292,23.220081329345703,292
1797,outer_race,293,25.617341995239258,293
1797,outer_race,294,24.981847763061523,294
1797,outer_race,295,25.047515869140625,295
1797,outer_race,296,22.442825317382812,296
1797,outer_race,297,26.000619888305664,297
1797,outer_race,298,27.688325881958008,298
1797,outer_race,299,24.684114456176758,299
1797,outer_race,300,23.15222930908203,300
1797,outer_race,301,25.762922286987305,301
1797,outer_race,302,23.85843849182129,302
1797,outer_race,303,26.039823532104492,303
1797,outer_race,304,57.102237701416016,304
1797,outer_race,305,159.3721160888672,305
1797,outer_race,306,162.80325317382812,306
1797,outer_race,307,143.31993103027344,307
1797,outer_race,308,159.89891052246094,308
1797,outer_race,309,152.87120056152344,309
1797,outer_race,310,150.4315948486328,310
1797,outer_race,311,157.4180450439453,311
1797,outer_race,312,143.44552612304688,312
1797,outer_race,313,144.25811767578125,313
1797,outer_race,314,142.89479064941406,314
1797,outer_race,315,153.71009826660156,315
1797,outer_race,316,156.59075927734375,316
1797,outer_race,317,132.79129028320312,317
1797,outer_race,318,137.79026794433594,318
1797,outer_race,319,134.58473205566406,319
1797,outer_race,320,160.03431701660156,320
1797,outer_race,321,152.37646484375,321
1797,outer_race,322,132.07583618164062,322
1797,outer_race,323,136.72926330566406,323
1797,outer_race,324,136.12338256835938,324
1797,outer_race,325,165.00022888183594,325
1797,outer_race,326,155.04127502441406,326
1797,outer_race,327,139.48556518554688,327
1797,outer_race,328,144.72068786621094,328
1797,outer_race,329,154.9304962158203,329
1797,outer_race,330,177.98106384277344,330
1797,outer_race,331,162.5798797607422,331
1797,outer_race,332,143.48037719726562,332
1797,outer_race,333,144.87750244140625,333
1797,outer_race,334,164.10411071777344,334
1797,outer_race,335,171.3992156982422,335
1797,outer_race,336,161.990966796875,336
1797,outer_race,337,144.05642700195312,337
1797,outer_race,338,149.7109832763672,338
1797,outer_race,339,164.81948852539062,339
1797,outer_race,340,176.2365264892578,340
1797,outer_race,341,166.42172241210938,341
1797,outer_race,342,146.97523498535156,342
1797,outer_race,343,155.4720001220703,343
1797,outer_race,344,160.1965789794922,344
1797,outer_race,345,179.27774047851562,345
1797,outer_race,346,156.82862854003906,346
1797,outer_race,347,143.3836212158203,347
1797,outer_race,348,141.03390502929688,348
1797,outer_race,349,153.40982055664062,349
1797,outer_race,350,176.01605224609375,350
1797,outer_race,351,139.84364318847656,351
1797,outer_race,352,144.51783752441406,352
1797,outer_race,353,137.31015014648438,353
1797,outer_race,354,148.00665283203125,354
1797,outer_race,355,166.6572723388672,355
1797,outer_race,356,142.6272430419922,356
1797,outer_race,357,137.69268798828125,357
1797,outer_race,358,137.60238647460938,358
1797,outer_race,359,151.10592651367188,359
1797,outer_race,360,170.1503448486328,360
1797,outer_race,361,147.68304443359375,361
1797,outer_race,362,148.84442138671875,362
1797,outer_race,363,145.24615478515625,363
1797,outer_race,364,159.87937927246094,364
1797,outer_race,365,174.1960906982422,365
1797,outer_race,366,147.8699951171875,366
1797,outer_race,367,150.38160705566406,367
1797,outer_race,368,143.81654357910156,368
1797,outer_race,369,162.4584503173828,369
1797,outer_race,370,182.63816833496094,370
1797,outer_race,371,152.2002410888672,371
1797,outer_race,372,153.8048553466797,372
1797,outer_race,373,156.0304718017578,373
1797,outer_race,374,169.4461212158203,374
1797,outer_race,375,187.20050048828125,375
1797,outer_race,376,153.9690399169922,376
1797,outer_race,377,159.84519958496094,377
1797,outer_race,378,156.38059997558594,378
1797,outer_race,379,162.60568237304688,379
1797,outer_race,380,186.19952392578125,380
1797,outer_race,381,149.4904327392578,381
1797,outer_race,382,161.34283447265625,382
1797,outer_race,383,155.08409118652344,383
1797,outer_race,384,169.11883544921875,384
1797,outer_race,385,187.6263885498047,385
1797,outer_race,386,143.74476623535156,386
1797,outer_race,387,157.20433044433594,387
1797,outer_race,388,150.09762573242188,388
1797,outer_race,389,159.56434631347656,389
1797,outer_race,390,166.41714477539062,390
1797,outer_race,391,136.89036560058594,391
1797,outer_race,392,150.90594482421875,392
1797,outer_race,393,145.8980712890625,393
1797,outer_race,394,154.70787048339844,394
1797,outer_race,395,160.83859252929688,395
1797,outer_race,396,143.17367553710938,396
1797,outer_race,397,152.19610595703125,397
1797,outer_race,398,148.1098175048828,398
1797,outer_race,399,159.66358947753906,399
1797,outer_race,400,164.44244384765625,400
1797,outer_race,401,147.80419921875,401
1797,outer_race,402,155.77044677734375,402
1797,outer_race,403,139.02313232421875,403
1797,outer_race,404,151.48277282714844,404
1797,outer_race,405,180.84437561035156,405
1797,outer_race,406,105.97711181640625,406
1797,outer_race,407,2.5166337490081787,407
1797,outer_race,408,2.864555835723877,408
1797,outer_race,409,2.6812806129455566,409
1797,outer_race,410,2.9657680988311768,410
1797,outer_race,411,3.3087732791900635,411
1797,outer_race,412,3.1657845973968506,412
1797,outer_race,413,2.6907341480255127,413
1797,outer_race,414,2.9728243350982666,414
1797,outer_race,415,2.543362855911255,415
1797,outer_race,416,2.665734052658081,416
1797,outer_race,417,2.6657874584198,417
1797,outer_race,418,2.340024471282959,418
1797,outer_race,419,2.853806972503662,419
1797,outer_race,420,2.4008076190948486,420
1797,outer_race,421,2.4017224311828613,421
1797,outer_race,422,2.3460865020751953,422
1797,outer_race,423,2.1512444019317627,423
1797,outer_race,424,2.7937562465667725,424
1797,outer_race,425,2.892641544342041,425
1797,outer_race,426,2.809723377227783,426
1797,outer_race,427,2.6737358570098877,427
1797,outer_race,428,2.6692864894866943,428
1797,outer_race,429,2.743927001953125,429
1797,outer_race,430,2.8761415481567383,430
1797,outer_race,431,2.803915500640869,431
1797,outer_race,432,2.5305936336517334,432
1797,outer_race,433,2.6112239360809326,433
1797,outer_race,434,2.7392144203186035,434
1797,outer_race,435,2.6602084636688232,435
1797,outer_race,436,2.562995195388794,436
1797,outer_race,437,2.52060604095459,437
1797,outer_race,438,2.5993404388427734,438
1797,outer_race,439,2.872936964035034,439
1797,outer_race,440,2.5369255542755127,440
1797,outer_race,441,2.425107002258301,441
1797,outer_race,442,2.3479509353637695,442
1797,outer_race,443,2.498612880706787,443
1797,outer_race,444,2.6116271018981934,444
1797,outer_race,445,2.7718305587768555,445
1797,outer_race,446,2.482210397720337,446
1797,outer_race,447,2.419017791748047,447
1797,outer_race,448,2.808427333831787,448
1797,outer_race,449,2.4047281742095947,449
1797,outer_race,450,2.9311792850494385,450
1797,outer_race,451,2.613762855529785,451
1797,outer_race,452,2.6204679012298584,452
1797,outer_race,453,2.9641199111938477,453
1797,outer_race,454,2.503819465637207,454
1797,outer_race,455,2.870661735534668,455
1797,outer_race,456,2.4814529418945312,456
1797,outer_race,457,2.448740243911743,457
1797,outer_race,458,2.640542507171631,458
1797,outer_race,459,2.694281816482544,459
1797,outer_race,460,2.5048322677612305,460
1797,outer_race,461,2.7768428325653076,461
1797,outer_race,462,2.7313308715820312,462
1797,outer_race,463,2.4779117107391357,463
1797,outer_race,464,2.703617572784424,464
1797,outer_race,465,2.536576271057129,465
1797,outer_race,466,2.752723217010498,466
1797,outer_race,467,2.6127352714538574,467
1797,outer_race,468,2.7722842693328857,468
1797,outer_race,469,2.5336670875549316,469
1797,outer_race,470,2.961545705795288,470
1797,outer_race,471,2.883193254470825,471
1797,outer_race,472,3.2000744342803955,472
1797,outer_race,473,2.9045968055725098,473
1797,outer_race,474,2.5625078678131104,474
1797,outer_race,475,2.4586422443389893,475
1797,outer_race,476,2.6257545948028564,476
1797,outer_race,477,2.7053909301757812,477
1797,outer_race,478,2.78779673576355,478
1797,outer_race,479,2.620633840560913,479
1797,outer_race,480,2.619717836380005,480
1797,outer_race,481,2.760624647140503,481
1797,outer_race,482,2.8619844913482666,482
1797,outer_race,483,2.4469258785247803,483
1797,outer_race,484,2.585500478744507,484
1797,outer_race,485,2.472184181213379,485
1797,outer_race,486,2.673218250274658,486
1797,outer_race,487,2.5470685958862305,487
1797,outer_race,488,2.294578790664673,488
1797,outer_race,489,2.3386518955230713,489
1797,outer_race,490,3.6668806076049805,490
1797,outer_race,491,2.4885289669036865,491
1797,outer_race,492,2.6579113006591797,492
1797,outer_race,493,2.6900954246520996,493
1797,outer_race,494,2.3424947261810303,494
1797,outer_race,495,2.5041043758392334,495
1797,outer_race,496,2.7725117206573486,496
1797,outer_race,497,2.2897448539733887,497
1797,outer_race,498,2.531874179840088,498
1797,outer_race,499,2.637319326400757,499
1797,outer_race,500,2.8031256198883057,500
1797,outer_race,501,2.969153642654419,501
1797,outer_race,502,2.8142693042755127,502
1797,outer_race,503,2.5307443141937256,503
1797,outer_race,504,2.256138801574707,504
1797,outer_race,505,2.571887969970703,505
1797,outer_race,506,2.877817392349243,506
1797,outer_race,507,2.956864356994629,507
1797,outer_race,508,47.96399688720703,508
1797,outer_race,509,93.08671569824219,509
1797,outer_race,510,84.24850463867188,510
1797,outer_race,511,106.51057434082031,511
1797,outer_race,512,65.73701477050781,512
1797,outer_race,513,124.3047103881836,513
1797,outer_race,514,100.34883880615234,514
1797,outer_race,515,92.42786407470703,515
1797,outer_race,516,78.410888671875,516
1797,outer_race,517,95.52076721191406,517
1797,outer_race,518,94.56031036376953,518
1797,outer_race,519,92.40955352783203,519
1797,outer_race,520,76.27703094482422,520
1797,outer_race,521,70.45636749267578,521
1797,outer_race,522,112.22602844238281,522
1797,outer_race,523,90.14655303955078,523
1797,outer_race,524,101.85255432128906,524
1797,outer_race,525,100.88451385498047,525
1797,outer_race,526,58.828670501708984,526
1797,outer_race,527,89.01569366455078,527
1797,outer_race,528,74.0064926147461,528
1797,outer_race,529,88.02714538574219,529
1797,outer_race,530,62.56047058105469,530
1797,outer_race,531,92.20519256591797,531
1797,outer_race,532,117.18394470214844,532
1797,outer_race,533,108.4656982421875,533
1797,outer_race,534,62.085899353027344,534
1797,outer_race,535,92.96022033691406,535
1797,outer_race,536,78.37063598632812,536
1797,outer_race,537,80.94381713867188,537
1797,outer_race,538,91.7719955444336,538
1797,outer_race,539,86.4009017944336,539
1797,outer_race,540,91.23612213134766,540
1797,outer_race,541,77.63842010498047,541
1797,outer_race,542,94.89688873291016,542
1797,outer_race,543,83.30177307128906,543
1797,outer_race,544,59.47000503540039,544
1797,outer_race,545,72.4911880493164,545
1797,outer_race,546,88.28254699707031,546
1797,outer_race,547,105.334228515625,547
1797,outer_race,548,59.06874465942383,548
1797,outer_race,549,132.70346069335938,549
1797,outer_race,550,92.60673522949219,550
1797,outer_race,551,107.61302947998047,551
1797,outer_race,552,74.70722198486328,552
1797,outer_race,553,72.7774429321289,553
1797,outer_race,554,98.26414489746094,554
1797,outer_race,555,85.18126678466797,555
1797,outer_race,556,109.26324462890625,556
1797,outer_race,557,87.46771240234375,557
1797,outer_race,558,116.40569305419922,558
1797,outer_race,559,89.88133239746094,559
1797,outer_race,560,131.34327697753906,560
1797,outer_race,561,111.99476623535156,561
1797,outer_race,562,78.0274658203125,562
1797,outer_race,563,118.9933853149414,563
1797,outer_race,564,88.8524169921875,564
1797,outer_race,565,73.25241088867188,565
1797,outer_race,566,64.58255004882812,566
1797,outer_race,567,93.3989486694336,567
1797,outer_race,568,101.43289184570312,568
1797,outer_race,569,80.37518310546875,569
1797,outer_race,570,75.87025451660156,570
1797,outer_race,571,72.23837280273438,571
1797,outer_race,572,72.55987548828125,572
1797,outer_race,573,73.83553314208984,573
1797,outer_race,574,77.7059097290039,574
1797,outer_race,575,61.56234359741211,575
1797,outer_race,576,91.9991683959961,576
1797,outer_race,577,77.98023223876953,577
1797,outer_race,578,96.33454895019531,578
1797,outer_race,579,60.85395050048828,579
1797,outer_race,580,97.2295150756836,580
1797,outer_race,581,77.94721984863281,581
1797,outer_race,582,84.14213562011719,582
1797,outer_race,583,67.3649673461914,583
1797,outer_race,584,85.1138687133789,584
1797,outer_race,585,143.9633331298828,585
1797,outer_race,586,109.46583557128906,586
1797,outer_race,587,85.75774383544922,587
1797,outer_race,588,84.63865661621094,588
1797,outer_race,589,104.56251525878906,589
1797,outer_race,590,82.36044311523438,590
1797,outer_race,591,59.35694122314453,591
1797,outer_race,592,94.88075256347656,592
1797,outer_race,593,104.9546890258789,593
1797,outer_race,594,103.60700225830078,594
1797,outer_race,595,60.62811279296875,595
1797,outer_race,596,107.43868255615234,596
1797,outer_race,597,100.80088806152344,597
1797,outer_race,598,98.77155303955078,598
1797,outer_race,599,99.83735656738281,599
1797,outer_race,600,85.4875717163086,600
1797,outer_race,601,94.94751739501953,601
1797,outer_race,602,94.71025085449219,602
1797,outer_race,603,73.06163787841797,603
1797,outer_race,604,61.518619537353516,604
1797,outer_race,605,88.373291015625,605
1797,outer_race,606,83.75930786132812,606
1797,outer_race,607,74.7627182006836,607
1797,outer_race,608,71.64795684814453,608
1797,outer_race,609,91.05430603027344,609
1797,outer_race,610,103.03730773925781,610
1797,outer_race,611,124.91036224365234,611
1797,outer_race,612,120.80619812011719,612
1797,outer_race,613,123.69645690917969,613
1797,outer_race,614,120.69586181640625,614
1797,outer_race,615,121.85786437988281,615
1797,outer_race,616,121.9906005859375,616
1797,outer_race,617,111.69892883300781,617
1797,outer_race,618,122.6395034790039,618
1797,outer_race,619,116.0758056640625,619
1797,outer_race,620,118.3437271118164,620
1797,outer_race,621,111.18427276611328,621
1797,outer_race,622,104.84017944335938,622
1797,outer_race,623,121.1234359741211,623
1797,outer_race,624,106.09356689453125,624
1797,outer_race,625,108.20916748046875,625
1797,outer_race,626,92.51156616210938,626
1797,outer_race,627,110.40460968017578,627
1797,outer_race,628,115.83665466308594,628
1797,outer_race,629,108.27186584472656,629
1797,outer_race,630,100.66161346435547,630
1797,outer_race,631,107.46385192871094,631
1797,outer_race,632,121.12278747558594,632
1797,outer_race,633,120.44532775878906,633
1797,outer_race,634,107.67963409423828,634
1797,outer_race,635,114.7519302368164,635
1797,outer_race,636,117.16968536376953,636
1797,outer_race,637,133.74984741210938,637
1797,outer_race,638,126.84244537353516,638
1797,outer_race,639,121.94355773925781,639
1797,outer_race,640,125.53777313232422,640
1797,outer_race,641,125.75545501708984,641
1797,outer_race,642,132.26950073242188,642
1797,outer_race,643,118.62757873535156,643
1797,outer_race,644,132.84146118164062,644
1797,outer_race,645,121.09780883789062,645
1797,outer_race,646,131.1014862060547,646
1797,outer_race,647,122.40062713623047,647
1797,outer_race,648,126.97075653076172,648
1797,outer_race,649,130.89637756347656,649
1797,outer_race,650,113.47440338134766,650
1797,outer_race,651,122.12682342529297,651
1797,outer_race,652,113.21851348876953,652
1797,outer_race,653,116.00996398925781,653
1797,outer_race,654,120.052001953125,654
1797,outer_race,655,107.07440185546875,655
1797,outer_race,656,116.0409927368164,656
1797,outer_race,657,117.57286834716797,657
1797,outer_race,658,113.49117279052734,658
1797,outer_race,659,112.3097915649414,659
1797,outer_race,660,103.8114013671875,660
1797,outer_race,661,113.9682388305664,661
1797,outer_race,662,113.20894622802734,662
1797,outer_race,663,114.84113311767578,663
1797,outer_race,664,101.29457092285156,664
1797,outer_race,665,110.32836151123047,665
1797,outer_race,666,119.01433563232422,666
1797,outer_race,667,112.3046875,667
1797,outer_race,668,111.82997131347656,668
1797,outer_race,669,105.49846649169922,669
1797,outer_race,670,119.58512878417969,670
1797,outer_race,671,117.36312866210938,671
1797,outer_race,672,114.64471435546875,672
1797,outer_race,673,116.90006256103516,673
1797,outer_race,674,118.5730209350586,674
1797,outer_race,675,127.14042663574219,675
1797,outer_race,676,125.56837463378906,676
1797,outer_race,677,124.23590850830078,677
1797,outer_race,678,122.17523193359375,678
1797,outer_race,679,121.23265838623047,679
1797,outer_race,680,130.8321075439453,680
1797,outer_race,681,120.12059783935547,681
1797,outer_race,682,133.5131072998047,682
1797,outer_race,683,127.0421371459961,683
1797,outer_race,684,124.9394302368164,684
1797,outer_race,685,123.407958984375,685
1797,outer_race,686,116.37437438964844,686
1797,outer_race,687,126.34630584716797,687
1797,outer_race,688,114.99095153808594,688
1797,outer_race,689,121.75648498535156,689
1797,outer_race,690,111.35018157958984,690
1797,outer_race,691,118.75812530517578,691
1797,outer_race,692,114.80413055419922,692
1797,outer_race,693,106.7605972290039,693
1797,outer_race,694,108.99519348144531,694
1797,outer_race,695,104.26339721679688,695
1797,outer_race,696,116.56092071533203,696
1797,outer_race,697,106.1922836303711,697
1797,outer_race,698,106.60327911376953,698
1797,outer_race,699,106.44236755371094,699
1797,outer_race,700,110.943359375,700
1797,outer_race,701,118.82475280761719,701
1797,outer_race,702,108.76399993896484,702
1797,outer_race,703,106.5292739868164,703
1797,outer_race,704,113.7162857055664,704
1797,outer_race,705,112.78140258789062,705
1797,outer_race,706,123.28176879882812,706
1797,outer_race,707,112.98387908935547,707
1797,outer_race,708,117.79729461669922,708
1797,outer_race,709,113.11898803710938,709
1797,outer_race,710,124.16859436035156,710
